image_name,has_target,hit,missed,false_positive,pred_count,best_iou,source_stage,target_color,blur_level,lighting_type,shadow_level,glare_level,exposure_level,bbox_size_bucket
stage3_000002.jpg,true,True,False,False,1,0.9623,stage3,blue,light,none,none,none,none,large
stage3_000003.jpg,true,True,False,False,1,0.9682,stage3,red,medium,none,none,none,none,medium
stage2_000005.jpg,false,False,False,False,0,0.0,stage2,none,none,none,none,none,none,none
stage2_000013.jpg,false,False,False,False,0,0.0,stage2,none,none,none,none,none,none,none
stage2_000014.jpg,true,True,False,False,1,0.9556,stage2,red,none,none,none,none,none,very_small
stage3_000012.jpg,true,True,False,False,1,0.9607,stage3,red,medium,none,none,none,none,small
stage3_000013.jpg,true,True,False,False,1,0.978,stage3,red,light,none,none,none,none,large
stage2_000033.jpg,true,True,False,False,1,0.967,stage2,red,none,none,none,none,none,medium
stage4_000023.jpg,true,True,False,False,1,0.9665,stage4,blue,none,sunny,none,none,mild_over,large
stage2_000041.jpg,true,True,False,False,1,0.9677,stage2,blue,none,none,none,none,none,small
stage4_000029.jpg,true,True,False,False,1,0.9731,stage4,blue,none,glare,none,medium,mild_over,medium
stage4_000030.jpg,true,True,False,False,1,0.9717,stage4,red,none,normal,none,none,normal,medium
stage1_000014.jpg,true,True,False,False,1,0.9688,stage1,red,none,none,none,none,none,small
stage4_000033.jpg,true,True,False,False,1,0.9523,stage4,red,none,sunny,none,none,mild_over,small
stage4_000036.jpg,true,True,False,False,1,0.9764,stage4,blue,none,normal,none,none,normal,medium
stage2_000052.jpg,false,False,False,False,0,0.0,stage2,none,none,none,none,none,none,none
stage4_000047.jpg,true,True,False,False,1,0.9675,stage4,red,none,normal,none,none,normal,medium
stage2_000067.jpg,true,True,False,False,1,0.9625,stage2,blue,none,none,none,none,none,medium
stage2_000069.jpg,true,True,False,False,1,0.9643,stage2,blue,none,none,none,none,none,small
stage3_000054.jpg,true,True,False,False,1,0.914,stage3,red,none,none,none,none,none,very_small
stage2_000097.jpg,true,True,False,False,1,0.9732,stage2,red,none,none,none,none,none,medium
stage1_000033.jpg,true,True,False,False,1,0.977,stage1,blue,none,none,none,none,none,large
stage2_000104.jpg,true,True,False,False,1,0.9679,stage2,blue,none,none,none,none,none,small
stage2_000111.jpg,true,True,False,False,1,0.98,stage2,red,none,none,none,none,none,medium
stage4_000074.jpg,false,False,False,False,0,0.0,stage4,none,none,normal,none,none,normal,none
stage4_000079.jpg,true,True,False,False,1,0.9582,stage4,blue,none,shadow,medium,none,normal,large
stage4_000083.jpg,true,True,False,False,1,0.9366,stage4,red,none,normal,none,none,normal,very_small
stage2_000128.jpg,true,True,False,False,1,0.9753,stage2,blue,none,none,none,none,none,large
stage2_000139.jpg,true,True,False,False,1,0.9588,stage2,blue,none,none,none,none,none,large
stage1_000045.jpg,true,True,False,False,1,0.9675,stage1,blue,none,none,none,none,none,small
stage2_000150.jpg,true,True,False,False,1,0.9689,stage2,red,none,none,none,none,none,small
stage2_000154.jpg,true,True,False,False,1,0.9726,stage2,blue,none,none,none,none,none,medium
stage2_000156.jpg,true,True,False,False,1,0.9732,stage2,red,none,none,none,none,none,medium
stage3_000100.jpg,true,True,False,False,1,0.9635,stage3,blue,none,none,none,none,none,large
stage2_000162.jpg,true,True,False,False,1,0.9726,stage2,red,none,none,none,none,none,medium
stage3_000112.jpg,true,True,False,False,1,0.9716,stage3,red,none,none,none,none,none,small
stage1_000051.jpg,false,False,False,False,0,0.0,stage1,none,none,none,none,none,none,none
stage2_000180.jpg,true,True,False,False,1,0.9636,stage2,blue,none,none,none,none,none,large
stage4_000127.jpg,true,True,False,False,1,0.9615,stage4,blue,none,glare,none,medium,mild_over,large
stage4_000128.jpg,true,True,False,False,1,0.9658,stage4,red,none,normal,none,none,normal,large
stage3_000118.jpg,true,True,False,False,1,0.9674,stage3,blue,light,none,none,none,none,large
stage4_000131.jpg,true,True,False,False,1,0.9668,stage4,blue,none,sunny,none,none,mild_over,large
stage1_000055.jpg,true,True,False,False,1,0.9814,stage1,red,none,none,none,none,none,medium
stage2_000200.jpg,true,True,False,False,1,0.9641,stage2,blue,none,none,none,none,none,large
stage2_000204.jpg,false,False,False,False,0,0.0,stage2,none,none,none,none,none,none,none
stage3_000120.jpg,true,True,False,False,1,0.9716,stage3,blue,medium,none,none,none,none,large
stage2_000216.jpg,true,True,False,False,1,0.972,stage2,blue,none,none,none,none,none,large
stage2_000217.jpg,true,True,False,False,1,0.9681,stage2,blue,none,none,none,none,none,small
stage4_000156.jpg,true,True,False,False,1,0.9552,stage4,red,light,blur_light,none,none,mild_over,medium
stage3_000135.jpg,true,True,False,False,1,0.9708,stage3,red,none,none,none,none,none,medium
stage2_000223.jpg,false,False,False,False,0,0.0,stage2,none,none,none,none,none,none,none
stage2_000225.jpg,true,True,False,False,1,0.9738,stage2,red,none,none,none,none,none,medium
stage4_000174.jpg,true,True,False,False,1,0.9738,stage4,red,none,normal,none,none,normal,small
stage4_000182.jpg,false,False,False,False,0,0.0,stage4,none,none,sunny,none,none,mild_over,none
stage4_000185.jpg,true,True,False,False,1,0.9547,stage4,red,none,shadow,light,none,normal,very_small
stage2_000247.jpg,true,True,False,False,1,0.9688,stage2,red,none,none,none,none,none,large
stage3_000156.jpg,true,True,False,False,1,0.9672,stage3,red,none,none,none,none,none,small
stage2_000254.jpg,true,True,False,False,1,0.9768,stage2,red,none,none,none,none,none,small
stage1_000075.jpg,true,True,False,False,1,0.973,stage1,red,none,none,none,none,none,small
stage2_000266.jpg,true,True,False,False,1,0.9621,stage2,blue,none,none,none,none,none,small
stage4_000202.jpg,true,True,False,False,1,0.9662,stage4,blue,light,blur_light,medium,none,normal,large
stage3_000169.jpg,true,True,False,False,1,0.9763,stage3,red,none,none,none,none,none,medium
stage3_000171.jpg,true,True,False,False,1,0.9749,stage3,red,none,none,none,none,none,medium
stage2_000275.jpg,false,False,False,False,0,0.0,stage2,none,none,none,none,none,none,none
stage4_000208.jpg,true,True,False,False,1,0.9809,stage4,blue,none,normal,none,none,normal,large
stage2_000281.jpg,true,True,False,False,1,0.9689,stage2,blue,none,none,none,none,none,large
stage2_000283.jpg,true,True,False,False,1,0.9559,stage2,blue,none,none,none,none,none,small
stage2_000284.jpg,true,True,False,False,1,0.9615,stage2,blue,none,none,none,none,none,large
stage2_000287.jpg,false,False,False,False,0,0.0,stage2,none,none,none,none,none,none,none
stage4_000217.jpg,true,True,False,False,1,0.982,stage4,red,none,normal,none,none,normal,medium
stage4_000222.jpg,true,True,False,False,1,0.9698,stage4,red,none,glare,none,medium,mild_over,small
stage4_000227.jpg,false,False,False,True,1,0.0,stage4,none,none,normal,none,none,normal,none
stage3_000190.jpg,false,False,False,False,0,0.0,stage3,none,light,none,none,none,none,none
stage2_000298.jpg,false,False,False,False,0,0.0,stage2,none,none,none,none,none,none,none
stage3_000193.jpg,true,True,False,False,1,0.9649,stage3,blue,light,none,none,none,none,small
stage2_000307.jpg,true,True,False,False,1,0.9746,stage2,red,none,none,none,none,none,medium
stage2_000309.jpg,true,True,False,False,1,0.9756,stage2,red,none,none,none,none,none,medium
stage1_000089.jpg,true,True,False,False,1,0.9555,stage1,blue,none,none,none,none,none,large
stage3_000201.jpg,true,True,False,False,1,0.9712,stage3,red,light,none,none,none,none,medium
stage2_000317.jpg,true,True,False,False,1,0.9641,stage2,blue,none,none,none,none,none,large
stage4_000253.jpg,true,True,False,False,1,0.9732,stage4,blue,light,blur_light,none,none,mild_over,large
stage2_000342.jpg,true,True,False,False,1,0.969,stage2,blue,none,none,none,none,none,large
stage4_000265.jpg,true,True,False,False,1,0.9676,stage4,red,none,glare,none,medium,mild_over,large
stage2_000348.jpg,false,False,False,False,0,0.0,stage2,none,none,none,none,none,none,none
stage3_000220.jpg,true,True,False,False,1,0.9503,stage3,blue,light,none,none,none,none,small
stage2_000350.jpg,true,True,False,False,1,0.9696,stage2,blue,none,none,none,none,none,medium
stage4_000268.jpg,true,True,False,False,1,0.9607,stage4,blue,none,shadow,medium,none,normal,large
stage4_000269.jpg,true,True,False,False,1,0.9048,stage4,red,none,sunny,none,none,mild_over,very_small
stage2_000374.jpg,true,True,False,False,1,0.961,stage2,blue,none,none,none,none,none,large
stage4_000304.jpg,true,True,False,False,1,0.9508,stage4,red,none,shadow,light,none,normal,very_small
stage2_000392.jpg,true,True,False,False,1,0.9773,stage2,red,none,none,none,none,none,large
stage2_000394.jpg,true,True,False,False,1,0.9771,stage2,blue,none,none,none,none,none,medium
stage2_000401.jpg,true,True,False,False,1,0.9766,stage2,red,none,none,none,none,none,medium
stage2_000406.jpg,true,True,False,False,1,0.9637,stage2,red,none,none,none,none,none,medium
stage2_000409.jpg,true,True,False,False,1,0.977,stage2,blue,none,none,none,none,none,small
stage2_000416.jpg,true,True,False,False,1,0.9735,stage2,red,none,none,none,none,none,medium
stage2_000418.jpg,true,True,False,False,1,0.9715,stage2,red,none,none,none,none,none,medium
stage2_000419.jpg,true,True,False,False,1,0.9581,stage2,red,none,none,none,none,none,very_small
stage2_000423.jpg,true,True,False,False,1,0.968,stage2,blue,none,none,none,none,none,medium
stage1_000119.jpg,true,True,False,False,1,0.9656,stage1,blue,none,none,none,none,none,large
stage4_000335.jpg,true,True,False,False,1,0.9602,stage4,blue,none,glare,none,medium,mild_over,large
stage2_000436.jpg,false,False,False,False,0,0.0,stage2,none,none,none,none,none,none,none
stage2_000437.jpg,false,False,False,False,0,0.0,stage2,none,none,none,none,none,none,none
stage2_000439.jpg,true,True,False,False,1,0.9691,stage2,red,none,none,none,none,none,large
stage3_000269.jpg,true,True,False,False,1,0.9709,stage3,red,medium,none,none,none,none,medium
stage4_000346.jpg,true,True,False,False,1,0.9752,stage4,blue,none,shadow,medium,none,normal,large
stage2_000455.jpg,true,True,False,False,1,0.9742,stage2,blue,none,none,none,none,none,medium
stage4_000354.jpg,true,True,False,False,1,0.9659,stage4,blue,light,blur_light,none,none,mild_over,large
stage2_000462.jpg,false,False,False,False,0,0.0,stage2,none,none,none,none,none,none,none
stage2_000463.jpg,true,True,False,False,1,0.9724,stage2,blue,none,none,none,none,none,large
stage3_000284.jpg,false,False,False,False,0,0.0,stage3,none,none,none,none,none,none,none
stage2_000472.jpg,false,False,False,False,0,0.0,stage2,none,none,none,none,none,none,none
stage3_000288.jpg,true,True,False,False,1,0.9513,stage3,red,medium,none,none,none,none,medium
stage3_000289.jpg,true,True,False,False,1,0.9654,stage3,blue,light,none,none,none,none,large
stage4_000369.jpg,false,False,False,False,0,0.0,stage4,none,none,shadow,medium,none,normal,none
stage1_000132.jpg,true,True,False,False,1,0.9736,stage1,red,none,none,none,none,none,medium
stage2_000495.jpg,true,True,False,False,1,0.9483,stage2,blue,none,none,none,none,none,large
stage3_000301.jpg,true,True,False,False,1,0.9693,stage3,blue,none,none,none,none,none,large
stage4_000387.jpg,true,True,False,False,1,0.9543,stage4,blue,none,sunny,none,none,mild_over,medium
stage2_000502.jpg,true,True,False,False,1,0.9516,stage2,blue,none,none,none,none,none,large
stage2_000503.jpg,true,True,False,False,1,0.9817,stage2,red,none,none,none,none,none,small
stage4_000390.jpg,true,True,False,False,1,0.9687,stage4,red,none,sunny,none,none,mild_over,medium
stage2_000509.jpg,true,True,False,False,1,0.9701,stage2,red,none,none,none,none,none,small
stage4_000396.jpg,true,True,False,False,1,0.9735,stage4,blue,none,normal,none,none,normal,large
stage4_000397.jpg,true,True,False,False,1,0.9681,stage4,blue,none,sunny,none,none,mild_over,large
stage1_000140.jpg,false,False,False,False,0,0.0,stage1,none,none,none,none,none,none,none
stage2_000513.jpg,true,True,False,False,1,0.964,stage2,red,none,none,none,none,none,small
stage3_000310.jpg,true,True,False,False,1,0.9768,stage3,blue,light,none,none,none,none,medium
stage3_000311.jpg,true,True,False,False,1,0.9701,stage3,blue,light,none,none,none,none,large
stage2_000529.jpg,true,True,False,False,1,0.9563,stage2,red,none,none,none,none,none,small
stage4_000409.jpg,true,True,False,False,1,0.9664,stage4,blue,none,glare,none,medium,mild_over,medium
stage2_000532.jpg,true,True,False,False,1,0.9792,stage2,red,none,none,none,none,none,medium
stage4_000417.jpg,true,True,False,False,1,0.9742,stage4,blue,none,normal,none,none,normal,large
stage4_000419.jpg,true,True,False,False,1,0.9728,stage4,blue,none,normal,none,none,normal,large
stage3_000328.jpg,true,True,False,False,1,0.9727,stage3,red,none,none,none,none,none,large
stage4_000423.jpg,true,True,False,False,1,0.9676,stage4,blue,none,sunny,none,none,mild_over,large
stage3_000336.jpg,true,True,False,False,1,0.9716,stage3,blue,medium,none,none,none,none,large
stage4_000436.jpg,true,True,False,False,1,0.9652,stage4,blue,none,shadow,light,none,normal,small
stage3_000350.jpg,true,True,False,False,1,0.9602,stage3,blue,medium,none,none,none,none,medium
stage3_000351.jpg,false,False,False,False,0,0.0,stage3,none,none,none,none,none,none,none
stage2_000568.jpg,true,True,False,False,1,0.9693,stage2,blue,none,none,none,none,none,large
stage2_000569.jpg,true,True,False,False,1,0.975,stage2,red,none,none,none,none,none,medium
stage3_000355.jpg,true,True,False,False,1,0.9213,stage3,red,light,none,none,none,none,very_small
stage2_000597.jpg,true,True,False,False,1,0.9695,stage2,blue,none,none,none,none,none,large
stage3_000374.jpg,true,True,False,False,1,0.9686,stage3,red,medium,none,none,none,none,large
stage2_000603.jpg,false,False,False,False,0,0.0,stage2,none,none,none,none,none,none,none
stage2_000605.jpg,true,True,False,False,1,0.9794,stage2,red,none,none,none,none,none,medium
stage3_000380.jpg,true,True,False,False,1,0.9747,stage3,blue,none,none,none,none,none,large
stage4_000464.jpg,true,True,False,False,1,0.9707,stage4,red,none,normal,none,none,normal,medium
stage1_000150.jpg,false,False,False,False,0,0.0,stage1,none,none,none,none,none,none,none
stage2_000620.jpg,true,True,False,False,1,0.9681,stage2,blue,none,none,none,none,none,large
stage4_000484.jpg,true,True,False,False,1,0.9645,stage4,red,none,shadow,medium,none,normal,large
stage4_000485.jpg,true,True,False,False,1,0.9667,stage4,red,none,normal,none,none,normal,large
stage2_000622.jpg,true,True,False,False,1,0.9696,stage2,blue,none,none,none,none,none,medium
stage2_000623.jpg,true,True,False,False,1,0.966,stage2,blue,none,none,none,none,none,large
stage2_000627.jpg,true,True,False,False,1,0.9675,stage2,red,none,none,none,none,none,large
stage4_000500.jpg,true,True,False,False,1,0.9707,stage4,blue,none,sunny,none,none,mild_over,large
stage2_000649.jpg,true,True,False,False,1,0.9762,stage2,red,none,none,none,none,none,small
stage2_000655.jpg,true,True,False,False,1,0.9725,stage2,blue,none,none,none,none,none,small
stage2_000657.jpg,true,True,False,False,1,0.9621,stage2,blue,none,none,none,none,none,large
stage4_000511.jpg,true,True,False,False,1,0.9761,stage4,blue,none,normal,none,none,normal,large
stage1_000162.jpg,true,True,False,False,1,0.9263,stage1,blue,none,none,none,none,none,medium
stage2_000664.jpg,true,True,False,False,1,0.9767,stage2,blue,none,none,none,none,none,medium
stage3_000414.jpg,true,True,False,False,1,0.9741,stage3,red,none,none,none,none,none,large
stage3_000416.jpg,true,True,False,False,1,0.9778,stage3,red,none,none,none,none,none,small
stage2_000677.jpg,true,True,False,False,1,0.9651,stage2,blue,none,none,none,none,none,large
stage4_000527.jpg,true,True,False,False,1,0.9624,stage4,blue,none,shadow,medium,none,normal,large
stage3_000424.jpg,true,True,False,False,1,0.9642,stage3,blue,none,none,none,none,none,large
stage2_000690.jpg,true,True,False,False,1,0.9803,stage2,red,none,none,none,none,none,medium
stage2_000694.jpg,true,True,False,False,1,0.9724,stage2,blue,none,none,none,none,none,large
stage2_000701.jpg,true,True,False,False,1,0.9619,stage2,red,none,none,none,none,none,small
stage4_000542.jpg,true,True,False,False,1,0.9611,stage4,blue,none,normal,none,none,normal,medium
stage3_000435.jpg,true,True,False,False,1,0.9752,stage3,red,medium,none,none,none,none,medium
stage1_000173.jpg,true,True,False,False,1,0.9769,stage1,blue,none,none,none,none,none,large
stage1_000174.jpg,true,True,False,False,1,0.9421,stage1,blue,none,none,none,none,none,large
stage4_000554.jpg,true,True,False,False,1,0.9779,stage4,blue,none,normal,none,none,normal,medium
stage1_000178.jpg,true,True,False,False,1,0.9778,stage1,blue,none,none,none,none,none,large
stage2_000754.jpg,true,True,False,False,1,0.9765,stage2,red,none,none,none,none,none,medium
stage3_000461.jpg,true,True,False,False,1,0.9702,stage3,blue,light,none,none,none,none,large
stage1_000186.jpg,true,True,False,False,1,0.9636,stage1,red,none,none,none,none,none,small
stage2_000759.jpg,true,True,False,False,1,0.9635,stage2,blue,none,none,none,none,none,large
stage2_000762.jpg,true,True,False,False,1,0.9749,stage2,red,none,none,none,none,none,medium
stage4_000573.jpg,true,True,False,False,1,0.9684,stage4,red,none,normal,none,none,normal,large
stage2_000771.jpg,true,True,False,False,1,0.9381,stage2,red,none,none,none,none,none,small
stage3_000470.jpg,true,True,False,False,1,0.9661,stage3,blue,none,none,none,none,none,medium
stage3_000473.jpg,true,True,False,False,1,0.9712,stage3,blue,light,none,none,none,none,large
stage3_000477.jpg,true,True,False,False,1,0.9682,stage3,red,light,none,none,none,none,medium
stage4_000587.jpg,true,True,False,False,1,0.9617,stage4,blue,none,glare,none,medium,mild_over,large
stage2_000786.jpg,true,True,False,False,1,0.971,stage2,blue,none,none,none,none,none,large
stage3_000488.jpg,true,True,False,False,1,0.9697,stage3,blue,none,none,none,none,none,small
stage2_000794.jpg,true,True,False,False,1,0.9696,stage2,blue,none,none,none,none,none,large
stage3_000494.jpg,true,True,False,False,1,0.9663,stage3,red,light,none,none,none,none,medium
stage2_000798.jpg,true,True,False,False,1,0.9635,stage2,blue,none,none,none,none,none,small
stage2_000802.jpg,true,True,False,False,1,0.9794,stage2,red,none,none,none,none,none,small
stage4_000600.jpg,true,True,False,False,1,0.9719,stage4,red,none,glare,none,medium,mild_over,medium
stage3_000496.jpg,true,True,False,False,1,0.9704,stage3,blue,medium,none,none,none,none,large
stage2_000806.jpg,false,False,False,False,0,0.0,stage2,none,none,none,none,none,none,none
stage4_000605.jpg,true,True,False,False,1,0.9767,stage4,red,light,blur_light,none,none,mild_over,medium
stage4_000606.jpg,true,True,False,False,1,0.9734,stage4,red,none,shadow,medium,none,normal,medium
stage2_000818.jpg,true,True,False,False,1,0.9679,stage2,blue,none,none,none,none,none,large
stage4_000615.jpg,true,True,False,False,1,0.9758,stage4,blue,none,shadow,medium,none,normal,large
stage2_000820.jpg,true,True,False,False,1,0.9654,stage2,red,none,none,none,none,none,medium
stage4_000618.jpg,true,True,False,False,1,0.9812,stage4,red,none,normal,none,none,normal,medium
stage2_000824.jpg,true,True,False,False,1,0.9732,stage2,red,none,none,none,none,none,small
stage2_000827.jpg,false,False,False,False,0,0.0,stage2,none,none,none,none,none,none,none
stage3_000516.jpg,true,True,False,False,1,0.9512,stage3,blue,none,none,none,none,none,small
stage1_000201.jpg,true,True,False,False,1,0.975,stage1,blue,none,none,none,none,none,large
stage2_000839.jpg,false,False,False,False,0,0.0,stage2,none,none,none,none,none,none,none
stage3_000525.jpg,true,True,False,False,1,0.9744,stage3,red,none,none,none,none,none,large
stage4_000635.jpg,true,True,False,False,1,0.9699,stage4,blue,none,shadow,light,none,normal,medium
stage2_000841.jpg,false,False,False,False,0,0.0,stage2,none,none,none,none,none,none,none
stage4_000636.jpg,true,True,False,False,1,0.9695,stage4,blue,none,normal,none,none,normal,small
stage2_000845.jpg,true,True,False,False,1,0.9686,stage2,red,none,none,none,none,none,medium
stage4_000641.jpg,true,True,False,False,1,0.9772,stage4,red,none,normal,none,none,normal,large
stage4_000642.jpg,false,False,False,False,0,0.0,stage4,none,none,normal,none,none,normal,none
stage2_000853.jpg,true,True,False,False,1,0.9726,stage2,blue,none,none,none,none,none,large
stage3_000533.jpg,true,True,False,False,1,0.9619,stage3,blue,none,none,none,none,none,large
stage2_000861.jpg,true,True,False,False,1,0.9781,stage2,blue,none,none,none,none,none,medium
stage2_000863.jpg,true,True,False,False,1,0.9683,stage2,red,none,none,none,none,none,large
stage2_000866.jpg,true,True,False,False,1,0.9631,stage2,red,none,none,none,none,none,large
stage4_000650.jpg,true,True,False,False,1,0.9581,stage4,blue,none,glare,none,medium,mild_over,large
stage4_000653.jpg,true,True,False,False,1,0.9672,stage4,red,none,sunny,none,none,mild_over,medium
stage3_000537.jpg,true,True,False,False,1,0.9703,stage3,red,none,none,none,none,none,medium
stage2_000887.jpg,true,True,False,False,1,0.9593,stage2,blue,none,none,none,none,none,large
stage2_000892.jpg,false,False,False,False,0,0.0,stage2,none,none,none,none,none,none,none
stage1_000212.jpg,true,True,False,False,1,0.9653,stage1,red,none,none,none,none,none,small
stage4_000666.jpg,true,True,False,False,1,0.9684,stage4,red,none,sunny,none,none,mild_over,medium
stage2_000908.jpg,true,True,False,False,1,0.9753,stage2,blue,none,none,none,none,none,medium
stage1_000220.jpg,true,True,False,False,1,0.9786,stage1,red,none,none,none,none,none,large
stage3_000566.jpg,true,True,False,False,1,0.9731,stage3,red,none,none,none,none,none,medium
stage4_000683.jpg,true,True,False,False,1,0.9817,stage4,red,none,normal,none,none,normal,small
stage3_000569.jpg,true,True,False,False,1,0.9752,stage3,red,none,none,none,none,none,medium
stage3_000571.jpg,true,True,False,False,1,0.9713,stage3,blue,none,none,none,none,none,large
stage3_000574.jpg,true,True,False,False,1,0.9604,stage3,red,light,none,none,none,none,medium
stage4_000689.jpg,false,False,False,False,0,0.0,stage4,none,none,normal,none,none,normal,none
stage2_000942.jpg,true,True,False,False,1,0.9768,stage2,blue,none,none,none,none,none,medium
stage3_000583.jpg,true,True,False,False,1,0.9695,stage3,red,none,none,none,none,none,large
stage3_000586.jpg,true,True,False,False,1,0.9715,stage3,red,none,none,none,none,none,medium
stage3_000588.jpg,true,True,False,False,1,0.9656,stage3,blue,medium,none,none,none,none,large
stage2_000948.jpg,true,True,False,False,1,0.9709,stage2,red,none,none,none,none,none,large
stage3_000589.jpg,true,True,False,False,1,0.977,stage3,blue,none,none,none,none,none,large
stage2_000955.jpg,true,True,False,False,1,0.9672,stage2,blue,none,none,none,none,none,medium
stage1_000232.jpg,true,True,False,False,1,0.9703,stage1,blue,none,none,none,none,none,medium
stage3_000598.jpg,true,True,False,False,1,0.9736,stage3,blue,none,none,none,none,none,large
stage2_000964.jpg,false,False,False,False,0,0.0,stage2,none,none,none,none,none,none,none
stage4_000723.jpg,true,True,False,False,1,0.9606,stage4,blue,none,normal,none,none,normal,large
stage4_000729.jpg,true,True,False,False,1,0.946,stage4,red,none,sunny,none,none,mild_over,very_small
stage3_000614.jpg,true,True,False,False,1,0.945,stage3,red,light,none,none,none,none,small
stage4_000737.jpg,true,True,False,False,1,0.9529,stage4,blue,none,normal,none,none,normal,small
stage4_000740.jpg,true,True,False,False,1,0.9653,stage4,blue,none,sunny,none,none,mild_over,large
stage4_000741.jpg,true,True,False,False,1,0.9655,stage4,red,none,normal,none,none,normal,small
stage1_000239.jpg,true,True,False,False,1,0.975,stage1,blue,none,none,none,none,none,medium
stage2_000992.jpg,true,True,False,False,1,0.9679,stage2,red,none,none,none,none,none,small
stage2_000997.jpg,true,True,False,False,1,0.9658,stage2,red,none,none,none,none,none,medium
stage2_001000.jpg,true,True,False,False,1,0.967,stage2,blue,none,none,none,none,none,large
stage4_000753.jpg,true,True,False,False,1,0.9638,stage4,blue,none,normal,none,none,normal,small
stage4_000754.jpg,false,False,False,False,0,0.0,stage4,none,none,normal,none,none,normal,none
stage4_000755.jpg,true,True,False,False,1,0.9745,stage4,red,none,shadow,medium,none,normal,large
stage2_001022.jpg,false,False,False,False,0,0.0,stage2,none,none,none,none,none,none,none
stage2_001024.jpg,true,True,False,False,1,0.9644,stage2,red,none,none,none,none,none,large
stage2_001031.jpg,true,True,False,False,1,0.9797,stage2,red,none,none,none,none,none,very_small
stage3_000648.jpg,true,True,False,False,1,0.9785,stage3,red,medium,none,none,none,none,large
stage2_001039.jpg,true,True,False,False,1,0.9782,stage2,red,none,none,none,none,none,large
stage3_000651.jpg,true,True,False,False,1,0.9672,stage3,blue,none,none,none,none,none,large
stage4_000768.jpg,true,True,False,False,1,0.9595,stage4,red,none,shadow,medium,none,normal,medium
stage2_001045.jpg,false,False,False,False,0,0.0,stage2,none,none,none,none,none,none,none
stage2_001047.jpg,false,False,False,False,0,0.0,stage2,none,none,none,none,none,none,none
stage4_000771.jpg,true,True,False,False,1,0.976,stage4,blue,none,sunny,none,none,mild_over,small
stage2_001054.jpg,true,True,False,False,1,0.9738,stage2,blue,none,none,none,none,none,large
stage2_001055.jpg,true,True,False,False,1,0.9629,stage2,blue,none,none,none,none,none,large
stage4_000784.jpg,true,True,False,False,1,0.9679,stage4,blue,none,normal,none,none,normal,medium
stage3_000665.jpg,true,True,False,False,1,0.9774,stage3,red,none,none,none,none,none,large
stage4_000794.jpg,true,True,False,False,1,0.975,stage4,blue,none,sunny,none,none,mild_over,medium
stage2_001073.jpg,true,True,False,False,1,0.9682,stage2,blue,none,none,none,none,none,large
stage2_001075.jpg,true,True,False,False,1,0.9638,stage2,red,none,none,none,none,none,large
stage2_001076.jpg,false,False,False,False,0,0.0,stage2,none,none,none,none,none,none,none
stage2_001077.jpg,true,True,False,False,1,0.9743,stage2,red,none,none,none,none,none,medium
stage4_000801.jpg,true,True,False,False,1,0.9794,stage4,red,none,normal,none,none,normal,medium
stage3_000675.jpg,true,True,False,False,1,0.9672,stage3,red,light,none,none,none,none,medium
stage2_001092.jpg,true,True,False,False,1,0.9597,stage2,red,none,none,none,none,none,medium
stage4_000813.jpg,true,True,False,False,1,0.9777,stage4,blue,none,sunny,none,none,mild_over,small
stage2_001098.jpg,true,True,False,False,1,0.9769,stage2,red,none,none,none,none,none,large
stage4_000815.jpg,true,True,False,False,1,0.9621,stage4,red,none,normal,none,none,normal,medium
stage2_001109.jpg,true,True,False,False,1,0.9567,stage2,blue,none,none,none,none,none,large
stage2_001111.jpg,true,True,False,False,1,0.9703,stage2,blue,none,none,none,none,none,large
stage4_000826.jpg,true,True,False,False,1,0.9713,stage4,red,none,shadow,medium,none,normal,large
stage4_000829.jpg,true,True,False,False,1,0.9594,stage4,blue,none,shadow,light,none,normal,small
stage4_000832.jpg,true,True,False,False,1,0.9608,stage4,blue,none,glare,none,medium,mild_over,medium
stage1_000268.jpg,true,True,False,False,1,0.9734,stage1,red,none,none,none,none,none,medium
stage2_001124.jpg,true,True,False,False,1,0.9763,stage2,blue,none,none,none,none,none,large
stage4_000837.jpg,true,True,False,False,1,0.9511,stage4,blue,none,sunny,none,none,mild_over,large
stage4_000844.jpg,true,True,False,False,1,0.961,stage4,blue,none,normal,none,none,normal,large
stage3_000696.jpg,true,True,False,False,1,0.9686,stage3,blue,light,none,none,none,none,small
stage4_000848.jpg,true,True,False,False,1,0.9747,stage4,red,none,sunny,none,none,mild_over,small
stage2_001134.jpg,true,True,False,False,1,0.9414,stage2,red,none,none,none,none,none,medium
stage2_001142.jpg,true,True,False,False,1,0.9733,stage2,blue,none,none,none,none,none,large
stage2_001143.jpg,true,True,False,False,1,0.975,stage2,red,none,none,none,none,none,medium
stage4_000855.jpg,true,True,False,False,1,0.9674,stage4,red,none,glare,none,medium,mild_over,medium
stage2_001148.jpg,true,True,False,False,1,0.9683,stage2,blue,none,none,none,none,none,small
stage4_000860.jpg,true,True,False,False,1,0.9567,stage4,blue,none,sunny,none,none,mild_over,medium
stage2_001156.jpg,true,True,False,False,1,0.9779,stage2,red,none,none,none,none,none,very_small
stage4_000868.jpg,true,True,False,False,1,0.9634,stage4,red,none,shadow,medium,none,normal,medium
stage3_000712.jpg,true,True,False,False,1,0.9781,stage3,red,light,none,none,none,none,large
stage2_001171.jpg,false,False,False,False,0,0.0,stage2,none,none,none,none,none,none,none
stage1_000279.jpg,true,True,False,False,1,0.9777,stage1,red,none,none,none,none,none,medium
stage3_000717.jpg,true,True,False,False,1,0.9746,stage3,blue,light,none,none,none,none,large
stage3_000721.jpg,true,True,False,False,1,0.9764,stage3,red,none,none,none,none,none,small
stage4_000883.jpg,true,True,False,False,1,0.9511,stage4,blue,none,sunny,none,none,mild_over,medium
stage4_000884.jpg,true,True,False,False,1,0.9655,stage4,blue,none,normal,none,none,normal,large
stage3_000731.jpg,true,True,False,False,1,0.9613,stage3,blue,none,none,none,none,none,small
stage4_000891.jpg,true,True,False,False,1,0.9396,stage4,red,none,sunny,none,none,mild_over,very_small
stage1_000285.jpg,true,True,False,False,1,0.9531,stage1,blue,none,none,none,none,none,small
stage4_000898.jpg,true,True,False,False,1,0.9647,stage4,blue,none,normal,none,none,normal,small
stage2_001200.jpg,true,True,False,False,1,0.9789,stage2,red,none,none,none,none,none,medium
stage4_000899.jpg,true,True,False,False,1,0.9515,stage4,blue,none,normal,none,none,normal,large
stage3_000740.jpg,true,True,False,False,1,0.9687,stage3,blue,medium,none,none,none,none,medium
stage2_001205.jpg,true,True,False,False,1,0.939,stage2,blue,none,none,none,none,none,small
stage4_000902.jpg,true,True,False,False,1,0.9612,stage4,blue,none,normal,none,none,normal,small
stage3_000742.jpg,true,True,False,False,1,0.9773,stage3,red,none,none,none,none,none,large
stage2_001206.jpg,true,True,False,False,1,0.971,stage2,blue,none,none,none,none,none,large
stage2_001209.jpg,true,True,False,False,1,0.9742,stage2,blue,none,none,none,none,none,large
stage4_000917.jpg,true,True,False,False,1,0.9392,stage4,red,none,normal,none,none,normal,medium
stage3_000762.jpg,true,True,False,False,1,0.9242,stage3,red,none,none,none,none,none,medium
stage1_000291.jpg,true,True,False,False,1,0.9743,stage1,blue,none,none,none,none,none,medium
stage3_000765.jpg,true,True,False,False,1,0.9568,stage3,blue,medium,none,none,none,none,large
stage3_000766.jpg,true,True,False,False,1,0.9751,stage3,blue,light,none,none,none,none,large
stage3_000767.jpg,true,True,False,False,1,0.9688,stage3,blue,none,none,none,none,none,large
stage2_001224.jpg,true,True,False,False,1,0.9558,stage2,red,none,none,none,none,none,small
stage1_000292.jpg,false,False,False,False,0,0.0,stage1,none,none,none,none,none,none,none
stage4_000923.jpg,true,True,False,False,1,0.9708,stage4,blue,none,sunny,none,none,mild_over,large
stage3_000774.jpg,true,True,False,False,1,0.9592,stage3,red,light,none,none,none,none,small
stage2_001234.jpg,true,True,False,False,1,0.961,stage2,blue,none,none,none,none,none,large
stage2_001241.jpg,true,True,False,False,1,0.9721,stage2,red,none,none,none,none,none,medium
stage3_000787.jpg,true,True,False,False,1,0.9602,stage3,red,none,none,none,none,none,very_small
stage3_000791.jpg,true,True,False,False,1,0.9797,stage3,red,none,none,none,none,none,medium
stage4_000940.jpg,true,True,False,False,1,0.9712,stage4,blue,none,normal,none,none,normal,large
stage4_000941.jpg,true,True,False,False,1,0.9601,stage4,red,none,sunny,none,none,mild_over,small
stage2_001249.jpg,true,True,False,False,1,0.9638,stage2,red,none,none,none,none,none,medium
stage2_001250.jpg,true,True,False,False,1,0.973,stage2,red,none,none,none,none,none,medium
stage2_001251.jpg,true,True,False,False,1,0.973,stage2,blue,none,none,none,none,none,large
stage2_001252.jpg,true,True,False,False,1,0.9431,stage2,red,none,none,none,none,none,small
stage3_000797.jpg,true,True,False,False,1,0.9614,stage3,blue,medium,none,none,none,none,large
stage2_001254.jpg,true,True,False,False,1,0.9617,stage2,blue,none,none,none,none,none,medium
stage3_000798.jpg,true,True,False,False,1,0.9679,stage3,red,light,none,none,none,none,large
stage3_000800.jpg,true,True,False,False,1,0.9692,stage3,blue,none,none,none,none,none,medium
stage4_000948.jpg,true,True,False,False,1,0.9727,stage4,red,none,normal,none,none,normal,very_small
stage4_000950.jpg,true,True,False,False,1,0.9745,stage4,blue,none,shadow,medium,none,normal,large
stage3_000804.jpg,true,True,False,False,1,0.9716,stage3,blue,light,none,none,none,none,large
stage2_001258.jpg,true,True,False,False,1,0.9665,stage2,blue,none,none,none,none,none,large
stage4_000957.jpg,true,True,False,False,1,0.9644,stage4,red,none,sunny,none,none,mild_over,small
stage3_000811.jpg,true,True,False,False,1,0.9725,stage3,red,light,none,none,none,none,medium
stage2_001275.jpg,true,True,False,False,1,0.9728,stage2,red,none,none,none,none,none,medium
stage2_001276.jpg,true,True,False,False,1,0.9761,stage2,blue,none,none,none,none,none,large
stage2_001283.jpg,true,True,False,False,1,0.9645,stage2,red,none,none,none,none,none,medium
stage2_001292.jpg,true,True,False,False,1,0.9663,stage2,blue,none,none,none,none,none,medium
stage3_000819.jpg,true,True,False,False,1,0.9678,stage3,red,light,none,none,none,none,large
stage4_000974.jpg,true,True,False,False,1,0.9739,stage4,blue,none,sunny,none,none,mild_over,medium
stage2_001307.jpg,false,False,False,False,0,0.0,stage2,none,none,none,none,none,none,none
stage2_001312.jpg,true,True,False,False,1,0.9707,stage2,red,none,none,none,none,none,large
stage4_000985.jpg,true,True,False,False,1,0.9625,stage4,blue,none,sunny,none,none,mild_over,medium
stage2_001317.jpg,true,True,False,False,1,0.976,stage2,red,none,none,none,none,none,medium
stage2_001318.jpg,false,False,False,False,0,0.0,stage2,none,none,none,none,none,none,none
stage3_000838.jpg,true,True,False,False,1,0.9601,stage3,blue,none,none,none,none,none,large
stage1_000313.jpg,true,True,False,False,1,0.9692,stage1,blue,none,none,none,none,none,medium
stage1_000314.jpg,true,True,False,False,1,0.9778,stage1,red,none,none,none,none,none,large
stage1_000315.jpg,true,True,False,False,1,0.9812,stage1,blue,none,none,none,none,none,medium
stage4_001008.jpg,true,True,False,False,1,0.9797,stage4,red,none,shadow,medium,none,normal,medium
stage2_001338.jpg,true,True,False,False,1,0.9537,stage2,red,none,none,none,none,none,small
stage3_000849.jpg,true,True,False,False,1,0.9788,stage3,red,none,none,none,none,none,large
stage4_001015.jpg,true,True,False,False,1,0.9499,stage4,red,none,shadow,light,none,normal,small
stage2_001342.jpg,false,False,False,False,0,0.0,stage2,none,none,none,none,none,none,none
stage4_001023.jpg,true,True,False,False,1,0.9647,stage4,blue,none,normal,none,none,normal,large
stage2_001349.jpg,true,True,False,False,1,0.97,stage2,blue,none,none,none,none,none,large
stage4_001025.jpg,true,True,False,False,1,0.9594,stage4,blue,none,normal,none,none,normal,large
stage2_001354.jpg,false,False,False,False,0,0.0,stage2,none,none,none,none,none,none,none
stage4_001028.jpg,true,True,False,False,1,0.9725,stage4,blue,none,sunny,none,none,mild_over,medium
stage4_001029.jpg,true,True,False,False,1,0.9691,stage4,blue,none,normal,none,none,normal,large
stage2_001359.jpg,true,True,False,False,1,0.9724,stage2,blue,none,none,none,none,none,medium
stage4_001031.jpg,false,False,False,False,0,0.0,stage4,none,none,shadow,medium,none,normal,none
stage3_000862.jpg,false,False,False,False,0,0.0,stage3,none,light,none,none,none,none,none
stage3_000863.jpg,true,True,False,False,1,0.906,stage3,red,light,none,none,none,none,small
stage3_000865.jpg,true,True,False,False,1,0.9791,stage3,blue,none,none,none,none,none,medium
stage3_000867.jpg,true,True,False,False,1,0.966,stage3,red,light,none,none,none,none,medium
stage4_001041.jpg,true,True,False,False,1,0.9731,stage4,blue,none,shadow,medium,none,normal,medium
stage3_000878.jpg,true,True,False,False,1,0.961,stage3,blue,none,none,none,none,none,medium
stage2_001392.jpg,true,True,False,False,1,0.9556,stage2,red,none,none,none,none,none,very_small
stage4_001064.jpg,true,True,False,False,1,0.9575,stage4,red,none,normal,none,none,normal,small
stage2_001405.jpg,true,True,False,False,1,0.9644,stage2,blue,none,none,none,none,none,small
stage2_001416.jpg,true,True,False,False,1,0.9699,stage2,red,none,none,none,none,none,small
stage3_000898.jpg,true,True,False,False,1,0.966,stage3,red,none,none,none,none,none,medium
stage2_001420.jpg,true,True,False,False,1,0.9536,stage2,blue,none,none,none,none,none,large
stage1_000341.jpg,true,True,False,False,1,0.9729,stage1,blue,none,none,none,none,none,medium
stage4_001088.jpg,true,True,False,False,1,0.9695,stage4,red,none,sunny,none,none,mild_over,large
stage4_001089.jpg,true,True,False,False,1,0.971,stage4,red,none,shadow,light,none,normal,small
stage4_001091.jpg,true,True,False,False,1,0.9675,stage4,red,none,shadow,light,none,normal,very_small
stage2_001432.jpg,true,True,False,False,1,0.9703,stage2,red,none,none,none,none,none,medium
stage4_001092.jpg,true,True,False,False,1,0.9712,stage4,red,none,sunny,none,none,mild_over,medium
stage2_001438.jpg,false,False,False,False,0,0.0,stage2,none,none,none,none,none,none,none
stage4_001099.jpg,true,True,False,False,1,0.9645,stage4,blue,none,sunny,none,none,mild_over,medium
stage2_001448.jpg,true,True,False,False,1,0.964,stage2,red,none,none,none,none,none,medium
stage2_001452.jpg,true,True,False,False,1,0.9694,stage2,red,none,none,none,none,none,large
stage4_001114.jpg,true,True,False,False,1,0.9765,stage4,red,none,glare,none,medium,mild_over,medium
stage4_001118.jpg,true,True,False,False,1,0.9828,stage4,red,none,normal,none,none,normal,medium
stage2_001459.jpg,true,True,False,False,1,0.9752,stage2,red,none,none,none,none,none,large
stage3_000920.jpg,true,True,False,False,1,0.9584,stage3,red,medium,none,none,none,none,medium
stage3_000923.jpg,false,False,False,False,0,0.0,stage3,none,none,none,none,none,none,none
stage4_001133.jpg,true,True,False,False,1,0.9797,stage4,red,none,sunny,none,none,mild_over,small
stage4_001137.jpg,true,True,False,False,1,0.9665,stage4,blue,none,normal,none,none,normal,medium
stage3_000933.jpg,true,True,False,False,1,0.9682,stage3,red,none,none,none,none,none,large
stage2_001502.jpg,false,False,False,False,0,0.0,stage2,none,none,none,none,none,none,none
stage2_001515.jpg,false,False,False,False,0,0.0,stage2,none,none,none,none,none,none,none
stage2_001519.jpg,false,False,False,False,0,0.0,stage2,none,none,none,none,none,none,none
stage4_001154.jpg,true,True,False,False,1,0.9644,stage4,blue,none,normal,none,none,normal,medium
stage3_000947.jpg,true,True,False,False,1,0.9621,stage3,blue,light,none,none,none,none,small
stage2_001523.jpg,true,True,False,False,1,0.9675,stage2,blue,none,none,none,none,none,medium
stage2_001524.jpg,true,True,False,False,1,0.9714,stage2,red,none,none,none,none,none,small
stage2_001525.jpg,true,True,False,False,1,0.9688,stage2,blue,none,none,none,none,none,large
stage4_001159.jpg,true,True,False,False,1,0.9706,stage4,red,none,normal,none,none,normal,medium
stage3_000954.jpg,true,True,False,False,1,0.9674,stage3,red,none,none,none,none,none,medium
stage3_000962.jpg,true,True,False,False,1,0.9725,stage3,blue,none,none,none,none,none,large
stage2_001548.jpg,true,True,False,False,1,0.9483,stage2,red,none,none,none,none,none,medium
stage4_001176.jpg,true,True,False,False,1,0.9788,stage4,red,none,shadow,medium,none,normal,medium
stage3_000964.jpg,true,True,False,False,1,0.9723,stage3,blue,none,none,none,none,none,medium
stage2_001555.jpg,true,True,False,False,1,0.9739,stage2,red,none,none,none,none,none,large
stage4_001184.jpg,true,True,False,False,1,0.9727,stage4,blue,none,glare,none,medium,mild_over,medium
stage3_000970.jpg,true,True,False,False,1,0.9636,stage3,blue,light,none,none,none,none,large
stage2_001561.jpg,true,True,False,False,1,0.959,stage2,blue,none,none,none,none,none,medium
stage2_001563.jpg,true,True,False,False,1,0.9767,stage2,red,none,none,none,none,none,small
stage3_000974.jpg,true,True,False,False,1,0.9658,stage3,blue,light,none,none,none,none,medium
stage2_001566.jpg,true,True,False,False,1,0.9333,stage2,blue,none,none,none,none,none,small
stage2_001569.jpg,true,True,False,False,1,0.9697,stage2,red,none,none,none,none,none,medium
stage1_000370.jpg,false,False,False,False,0,0.0,stage1,none,none,none,none,none,none,none
stage3_000979.jpg,true,True,False,False,1,0.9758,stage3,blue,none,none,none,none,none,large
stage2_001581.jpg,true,True,False,False,1,0.9409,stage2,red,none,none,none,none,none,very_small
stage2_001582.jpg,true,True,False,False,1,0.9662,stage2,red,none,none,none,none,none,small
stage3_000989.jpg,true,True,False,False,1,0.9683,stage3,red,none,none,none,none,none,medium
stage2_001597.jpg,true,True,False,False,1,0.9694,stage2,blue,none,none,none,none,none,medium
stage2_001602.jpg,true,True,False,False,1,0.9592,stage2,red,none,none,none,none,none,small
stage4_001217.jpg,true,True,False,False,1,0.9622,stage4,red,none,glare,none,medium,mild_over,medium
stage4_001218.jpg,true,True,False,False,1,0.9731,stage4,blue,none,normal,none,none,normal,large
stage2_001613.jpg,true,True,False,False,1,0.9712,stage2,blue,none,none,none,none,none,small
stage2_001618.jpg,true,True,False,False,1,0.972,stage2,blue,none,none,none,none,none,medium
stage2_001625.jpg,true,True,False,False,1,0.9732,stage2,blue,none,none,none,none,none,small
stage2_001626.jpg,true,True,False,False,1,0.9683,stage2,blue,none,none,none,none,none,large
stage3_001004.jpg,true,True,False,False,1,0.9713,stage3,red,light,none,none,none,none,medium
stage2_001627.jpg,true,True,False,False,1,0.9602,stage2,red,none,none,none,none,none,very_small
stage4_001238.jpg,true,True,False,False,1,0.9699,stage4,blue,none,shadow,medium,none,normal,large
stage2_001648.jpg,true,True,False,False,1,0.9709,stage2,blue,none,none,none,none,none,large
stage2_001649.jpg,true,True,False,False,1,0.9702,stage2,red,none,none,none,none,none,medium
stage4_001257.jpg,true,True,False,False,1,0.9717,stage4,blue,none,normal,none,none,normal,large
stage3_001031.jpg,true,True,False,False,1,0.9651,stage3,blue,medium,none,none,none,none,medium
stage2_001671.jpg,true,True,False,False,1,0.9614,stage2,red,none,none,none,none,none,medium
stage2_001673.jpg,true,True,False,False,1,0.9725,stage2,blue,none,none,none,none,none,large
stage1_000387.jpg,false,False,False,False,0,0.0,stage1,none,none,none,none,none,none,none
stage1_000388.jpg,false,False,False,False,0,0.0,stage1,none,none,none,none,none,none,none
stage3_001038.jpg,false,False,False,False,0,0.0,stage3,none,none,none,none,none,none,none
stage2_001679.jpg,false,False,False,False,0,0.0,stage2,none,none,none,none,none,none,none
stage2_001682.jpg,true,True,False,False,1,0.9715,stage2,blue,none,none,none,none,none,medium
stage3_001043.jpg,true,True,False,False,1,0.9696,stage3,blue,light,none,none,none,none,large
stage2_001687.jpg,true,True,False,False,1,0.9669,stage2,blue,none,none,none,none,none,large
stage3_001044.jpg,true,True,False,False,1,0.9515,stage3,blue,light,none,none,none,none,medium
stage2_001695.jpg,true,True,False,False,1,0.972,stage2,blue,none,none,none,none,none,large
stage2_001697.jpg,true,True,False,False,1,0.9652,stage2,blue,none,none,none,none,none,large
stage1_000398.jpg,true,True,False,False,1,0.9741,stage1,red,none,none,none,none,none,medium
stage3_001052.jpg,true,True,False,False,1,0.9594,stage3,blue,light,none,none,none,none,large
stage4_001281.jpg,true,True,False,False,1,0.9668,stage4,blue,none,normal,none,none,normal,large
stage4_001282.jpg,true,True,False,False,1,0.9631,stage4,blue,none,normal,none,none,normal,small
stage2_001709.jpg,true,True,False,False,1,0.9671,stage2,red,none,none,none,none,none,large
stage4_001287.jpg,true,True,False,False,1,0.9685,stage4,red,none,normal,none,none,normal,large
stage2_001717.jpg,false,False,False,False,0,0.0,stage2,none,none,none,none,none,none,none
stage3_001074.jpg,true,True,False,False,1,0.9693,stage3,red,none,none,none,none,none,small
stage2_001734.jpg,true,True,False,False,1,0.9709,stage2,red,none,none,none,none,none,small
stage4_001306.jpg,true,True,False,False,1,0.9651,stage4,blue,none,sunny,none,none,mild_over,small
stage2_001740.jpg,true,True,False,False,1,0.9663,stage2,blue,none,none,none,none,none,large
stage4_001318.jpg,false,False,False,False,0,0.0,stage4,none,none,normal,none,none,normal,none
stage4_001320.jpg,true,True,False,False,1,0.9614,stage4,blue,none,sunny,none,none,mild_over,small
stage2_001764.jpg,true,True,False,False,1,0.9728,stage2,red,none,none,none,none,none,medium
stage3_001102.jpg,true,True,False,False,1,0.9708,stage3,blue,medium,none,none,none,none,medium
stage4_001324.jpg,true,True,False,False,1,0.9721,stage4,blue,none,normal,none,none,normal,large
stage2_001766.jpg,true,True,False,False,1,0.9755,stage2,red,none,none,none,none,none,medium
stage4_001325.jpg,false,False,False,False,0,0.0,stage4,none,none,normal,none,none,normal,none
stage2_001770.jpg,true,True,False,False,1,0.9772,stage2,blue,none,none,none,none,none,large
stage3_001111.jpg,true,True,False,False,1,0.9725,stage3,blue,medium,none,none,none,none,large
stage4_001348.jpg,true,True,False,False,1,0.9695,stage4,blue,none,glare,none,medium,mild_over,large
stage2_001786.jpg,false,False,False,False,0,0.0,stage2,none,none,none,none,none,none,none
stage3_001119.jpg,true,True,False,False,1,0.966,stage3,blue,none,none,none,none,none,medium
stage2_001801.jpg,true,True,False,False,1,0.9694,stage2,blue,none,none,none,none,none,medium
stage2_001810.jpg,true,True,False,False,1,0.9736,stage2,red,none,none,none,none,none,medium
stage2_001819.jpg,true,True,False,False,1,0.9745,stage2,blue,none,none,none,none,none,medium
stage1_000426.jpg,true,True,False,False,1,0.9766,stage1,red,none,none,none,none,none,medium
stage2_001838.jpg,true,True,False,False,1,0.9759,stage2,red,none,none,none,none,none,medium
stage2_001840.jpg,true,True,False,False,1,0.9733,stage2,blue,none,none,none,none,none,medium
stage4_001377.jpg,true,True,False,False,1,0.9714,stage4,blue,none,sunny,none,none,mild_over,medium
stage2_001843.jpg,false,False,False,False,0,0.0,stage2,none,none,none,none,none,none,none
stage4_001381.jpg,true,True,False,False,1,0.9737,stage4,blue,none,shadow,light,none,normal,small
stage2_001849.jpg,true,True,False,False,1,0.9705,stage2,red,none,none,none,none,none,large
stage4_001389.jpg,true,True,False,False,1,0.9729,stage4,red,none,normal,none,none,normal,very_small
stage4_001391.jpg,false,False,False,False,0,0.0,stage4,none,none,normal,none,none,normal,none
stage4_001394.jpg,true,True,False,False,1,0.9742,stage4,red,none,normal,none,none,normal,medium
stage3_001158.jpg,true,True,False,False,1,0.9713,stage3,red,none,none,none,none,none,medium
stage3_001162.jpg,false,False,False,False,0,0.0,stage3,none,light,none,none,none,none,none
stage4_001399.jpg,true,True,False,False,1,0.9706,stage4,red,none,glare,none,medium,mild_over,large
stage2_001876.jpg,true,True,False,False,1,0.9743,stage2,blue,none,none,none,none,none,large
stage3_001169.jpg,true,True,False,False,1,0.9707,stage3,blue,none,none,none,none,none,large
stage4_001403.jpg,true,True,False,False,1,0.9622,stage4,red,light,blur_light,medium,none,normal,medium
stage2_001882.jpg,true,True,False,False,1,0.9621,stage2,blue,none,none,none,none,none,large
stage4_001414.jpg,true,True,False,False,1,0.9758,stage4,red,none,sunny,none,none,mild_over,medium
stage4_001419.jpg,true,True,False,False,1,0.9654,stage4,red,none,normal,none,none,normal,very_small
stage4_001428.jpg,true,True,False,False,1,0.9735,stage4,red,none,sunny,none,none,mild_over,medium
stage4_001430.jpg,true,True,False,False,1,0.9771,stage4,red,none,normal,none,none,normal,medium
stage3_001186.jpg,true,True,False,False,1,0.9638,stage3,red,medium,none,none,none,none,medium
stage3_001188.jpg,true,True,False,False,1,0.9541,stage3,blue,none,none,none,none,none,small
stage2_001921.jpg,true,True,False,False,1,0.9658,stage2,blue,none,none,none,none,none,large
stage3_001197.jpg,true,True,False,False,1,0.9677,stage3,blue,medium,none,none,none,none,large
stage2_001927.jpg,false,False,False,False,0,0.0,stage2,none,none,none,none,none,none,none
stage2_001935.jpg,false,False,False,False,0,0.0,stage2,none,none,none,none,none,none,none
stage4_001451.jpg,true,True,False,False,1,0.9665,stage4,blue,none,shadow,medium,none,normal,large
stage2_001940.jpg,true,True,False,False,1,0.9663,stage2,red,none,none,none,none,none,large
stage2_001941.jpg,true,True,False,False,1,0.9553,stage2,red,none,none,none,none,none,small
stage3_001220.jpg,true,True,False,False,1,0.9696,stage3,red,medium,none,none,none,none,medium
stage2_001957.jpg,true,True,False,False,1,0.9839,stage2,red,none,none,none,none,none,medium
stage4_001477.jpg,true,True,False,False,1,0.9757,stage4,blue,none,normal,none,none,normal,large
stage3_001237.jpg,true,True,False,False,1,0.9614,stage3,blue,none,none,none,none,none,large
stage2_001968.jpg,true,True,False,False,1,0.9507,stage2,red,none,none,none,none,none,very_small
stage3_001241.jpg,true,True,False,False,1,0.9587,stage3,red,medium,none,none,none,none,small
stage2_001979.jpg,true,True,False,False,1,0.9703,stage2,blue,none,none,none,none,none,large
stage2_001982.jpg,true,True,False,False,1,0.969,stage2,red,none,none,none,none,none,small
stage3_001247.jpg,true,True,False,False,1,0.9736,stage3,red,light,none,none,none,none,medium
stage3_001249.jpg,true,True,False,False,1,0.9626,stage3,red,none,none,none,none,none,small
stage3_001250.jpg,true,True,False,False,1,0.9487,stage3,red,light,none,none,none,none,small
stage2_001988.jpg,true,True,False,False,1,0.9655,stage2,blue,none,none,none,none,none,large
stage4_001487.jpg,false,False,False,False,0,0.0,stage4,none,none,normal,none,none,normal,none
stage4_001488.jpg,false,False,False,False,0,0.0,stage4,none,none,shadow,medium,none,normal,none
stage2_001991.jpg,false,False,False,False,0,0.0,stage2,none,none,none,none,none,none,none
stage3_001255.jpg,true,True,False,False,1,0.9662,stage3,blue,none,none,none,none,none,medium
stage3_001260.jpg,false,False,False,False,0,0.0,stage3,none,light,none,none,none,none,none
stage2_001995.jpg,true,True,False,False,1,0.9677,stage2,red,none,none,none,none,none,medium
stage2_001996.jpg,true,True,False,False,1,0.9718,stage2,red,none,none,none,none,none,medium
stage3_001264.jpg,true,True,False,False,1,0.9736,stage3,red,light,none,none,none,none,large
stage2_002000.jpg,true,True,False,False,1,0.9748,stage2,red,none,none,none,none,none,medium
stage4_001497.jpg,true,True,False,False,1,0.9601,stage4,blue,none,glare,none,medium,mild_over,large
stage1_000470.jpg,true,True,False,False,1,0.974,stage1,blue,none,none,none,none,none,medium
stage3_001266.jpg,false,False,False,False,0,0.0,stage3,none,none,none,none,none,none,none
stage2_002015.jpg,false,False,False,False,0,0.0,stage2,none,none,none,none,none,none,none
stage2_002031.jpg,true,True,False,False,1,0.9783,stage2,red,none,none,none,none,none,very_small
stage2_002032.jpg,true,True,False,False,1,0.9746,stage2,blue,none,none,none,none,none,small
stage4_001524.jpg,false,False,False,False,0,0.0,stage4,none,none,normal,none,none,normal,none
stage4_001525.jpg,true,True,False,False,1,0.9812,stage4,blue,none,sunny,none,none,mild_over,large
stage4_001529.jpg,true,True,False,False,1,0.9808,stage4,red,none,sunny,none,none,mild_over,large
stage4_001530.jpg,true,True,False,False,1,0.969,stage4,blue,none,shadow,medium,none,normal,large
stage4_001534.jpg,true,True,False,False,1,0.9694,stage4,red,none,glare,none,medium,mild_over,medium
stage1_000483.jpg,true,True,False,False,1,0.9784,stage1,blue,none,none,none,none,none,large
stage2_002057.jpg,true,True,False,False,1,0.9652,stage2,red,none,none,none,none,none,small
stage2_002067.jpg,true,True,False,False,1,0.971,stage2,blue,none,none,none,none,none,large
stage4_001550.jpg,true,True,False,False,1,0.9734,stage4,blue,none,glare,none,medium,mild_over,large
stage1_000488.jpg,true,True,False,False,1,0.9762,stage1,blue,none,none,none,none,none,medium
stage3_001300.jpg,true,True,False,False,1,0.9736,stage3,blue,none,none,none,none,none,small
stage3_001303.jpg,true,True,False,False,1,0.9601,stage3,red,none,none,none,none,none,large
stage3_001311.jpg,true,True,False,False,1,0.9511,stage3,red,medium,none,none,none,none,small
stage2_002082.jpg,true,True,False,False,1,0.9697,stage2,red,none,none,none,none,none,large
stage4_001563.jpg,true,True,False,False,1,0.9676,stage4,red,none,shadow,light,none,normal,very_small
stage2_002090.jpg,true,True,False,False,1,0.9649,stage2,blue,none,none,none,none,none,large
stage3_001317.jpg,true,True,False,False,1,0.9651,stage3,red,light,none,none,none,none,small
stage4_001582.jpg,true,True,False,False,1,0.9635,stage4,blue,none,shadow,medium,none,normal,large
stage2_002116.jpg,true,True,False,False,1,0.9671,stage2,red,none,none,none,none,none,small
stage4_001591.jpg,true,True,False,False,1,0.9623,stage4,red,none,normal,none,none,normal,small
stage3_001334.jpg,true,True,False,False,1,0.9709,stage3,blue,none,none,none,none,none,large
stage2_002130.jpg,true,True,False,False,1,0.9658,stage2,blue,none,none,none,none,none,large
stage2_002132.jpg,true,True,False,False,1,0.9683,stage2,blue,none,none,none,none,none,large
stage2_002138.jpg,true,True,False,False,1,0.9741,stage2,blue,none,none,none,none,none,small
stage2_002139.jpg,true,True,False,False,1,0.9702,stage2,blue,none,none,none,none,none,large
stage4_001601.jpg,true,True,False,False,1,0.9736,stage4,red,none,glare,none,medium,mild_over,medium
stage2_002144.jpg,true,True,False,False,1,0.9715,stage2,red,none,none,none,none,none,small
stage2_002150.jpg,true,True,False,False,1,0.9645,stage2,blue,none,none,none,none,none,large
stage4_001616.jpg,true,True,False,False,1,0.9734,stage4,red,none,normal,none,none,normal,small
stage2_002171.jpg,true,True,False,False,1,0.9734,stage2,red,none,none,none,none,none,medium
stage2_002172.jpg,true,True,False,False,1,0.9623,stage2,red,none,none,none,none,none,medium
stage2_002173.jpg,true,True,False,False,1,0.9743,stage2,blue,none,none,none,none,none,large
stage4_001629.jpg,true,True,False,False,1,0.9736,stage4,blue,light,blur_light,medium,none,normal,large
stage4_001630.jpg,true,True,False,False,1,0.9387,stage4,red,light,blur_light,none,none,mild_over,small
stage4_001636.jpg,true,True,False,False,1,0.9754,stage4,red,none,shadow,medium,none,normal,medium
stage4_001637.jpg,true,True,False,False,1,0.9486,stage4,blue,none,shadow,medium,none,normal,large
stage2_002175.jpg,true,True,False,False,1,0.9466,stage2,red,none,none,none,none,none,very_small
stage2_002190.jpg,true,True,False,False,1,0.9592,stage2,red,none,none,none,none,none,very_small
stage2_002192.jpg,true,True,False,False,1,0.9685,stage2,blue,none,none,none,none,none,large
stage3_001393.jpg,true,True,False,False,1,0.9691,stage3,blue,light,none,none,none,none,medium
stage4_001651.jpg,false,False,False,False,0,0.0,stage4,none,none,shadow,medium,none,normal,none
stage2_002207.jpg,true,True,False,False,1,0.9773,stage2,red,none,none,none,none,none,medium
stage2_002208.jpg,true,True,False,False,1,0.9724,stage2,red,none,none,none,none,none,small
stage2_002209.jpg,true,True,False,False,1,0.9748,stage2,red,none,none,none,none,none,small
stage4_001655.jpg,true,True,False,False,1,0.973,stage4,blue,none,normal,none,none,normal,small
stage2_002211.jpg,true,True,False,False,1,0.9748,stage2,red,none,none,none,none,none,medium
stage2_002218.jpg,true,True,False,False,1,0.9777,stage2,blue,none,none,none,none,none,medium
stage4_001664.jpg,true,True,False,False,1,0.957,stage4,red,none,shadow,light,none,normal,small
stage4_001665.jpg,false,False,False,False,0,0.0,stage4,none,none,normal,none,none,normal,none
stage4_001669.jpg,true,True,False,False,1,0.9668,stage4,blue,none,sunny,none,none,mild_over,large
stage2_002237.jpg,true,True,False,False,1,0.9667,stage2,blue,none,none,none,none,none,small
stage4_001677.jpg,true,True,False,False,1,0.9653,stage4,red,none,normal,none,none,normal,large
stage2_002241.jpg,true,True,False,False,1,0.9668,stage2,blue,none,none,none,none,none,medium
stage2_002242.jpg,true,True,False,False,1,0.9739,stage2,blue,none,none,none,none,none,medium
stage3_001428.jpg,true,True,False,False,1,0.9689,stage3,red,medium,none,none,none,none,medium
stage3_001429.jpg,true,True,False,False,1,0.9727,stage3,red,none,none,none,none,none,medium
stage2_002248.jpg,false,False,False,False,0,0.0,stage2,none,none,none,none,none,none,none
stage2_002251.jpg,true,True,False,False,1,0.9628,stage2,red,none,none,none,none,none,very_small
stage2_002260.jpg,true,True,False,False,1,0.9764,stage2,blue,none,none,none,none,none,medium
stage3_001436.jpg,true,True,False,False,1,0.9625,stage3,blue,light,none,none,none,none,medium
stage2_002265.jpg,true,True,False,False,1,0.9744,stage2,blue,none,none,none,none,none,large
stage2_002269.jpg,true,True,False,False,1,0.9746,stage2,red,none,none,none,none,none,medium
stage4_001689.jpg,false,False,False,False,0,0.0,stage4,none,none,sunny,none,none,mild_over,none
stage3_001444.jpg,true,True,False,False,1,0.9441,stage3,red,light,none,none,none,none,small
stage3_001446.jpg,true,True,False,False,1,0.9469,stage3,red,light,none,none,none,none,small
stage3_001450.jpg,true,True,False,False,1,0.962,stage3,blue,light,none,none,none,none,large
stage3_001451.jpg,true,True,False,False,1,0.9646,stage3,blue,none,none,none,none,none,large
stage2_002286.jpg,true,True,False,False,1,0.9684,stage2,blue,none,none,none,none,none,large
stage2_002289.jpg,true,True,False,False,1,0.9367,stage2,red,none,none,none,none,none,very_small
stage1_000543.jpg,true,True,False,False,1,0.979,stage1,blue,none,none,none,none,none,medium
stage4_001701.jpg,true,True,False,False,1,0.9572,stage4,red,none,normal,none,none,normal,small
stage3_001476.jpg,true,True,False,False,1,0.9586,stage3,blue,none,none,none,none,none,small
stage1_000551.jpg,true,True,False,False,1,0.9663,stage1,red,none,none,none,none,none,medium
stage2_002313.jpg,true,True,False,False,1,0.9748,stage2,red,none,none,none,none,none,large
stage2_002314.jpg,true,True,False,False,1,0.9755,stage2,red,none,none,none,none,none,medium
stage4_001716.jpg,true,True,False,False,1,0.9737,stage4,blue,none,normal,none,none,normal,large
stage4_001717.jpg,true,True,False,False,1,0.9672,stage4,red,none,sunny,none,none,mild_over,small
stage2_002320.jpg,false,False,False,False,0,0.0,stage2,none,none,none,none,none,none,none
stage2_002321.jpg,true,True,False,False,1,0.9661,stage2,blue,none,none,none,none,none,medium
stage4_001719.jpg,true,True,False,False,1,0.9624,stage4,red,light,blur_light,none,none,mild_over,medium
stage2_002327.jpg,false,False,False,False,0,0.0,stage2,none,none,none,none,none,none,none
stage2_002330.jpg,true,True,False,False,1,0.9594,stage2,blue,none,none,none,none,none,large
stage4_001729.jpg,true,True,False,False,1,0.9535,stage4,blue,none,normal,none,none,normal,large
stage2_002335.jpg,true,True,False,False,1,0.9609,stage2,red,none,none,none,none,none,medium
stage3_001492.jpg,true,True,False,False,1,0.9631,stage3,blue,none,none,none,none,none,large
stage3_001497.jpg,true,True,False,False,1,0.9815,stage3,red,none,none,none,none,none,medium
stage1_000565.jpg,true,True,False,False,1,0.9668,stage1,blue,none,none,none,none,none,medium
stage4_001743.jpg,true,True,False,False,1,0.9618,stage4,blue,none,shadow,light,none,normal,medium
stage3_001506.jpg,true,True,False,False,1,0.9635,stage3,blue,light,none,none,none,none,medium
stage3_001515.jpg,true,True,False,False,1,0.96,stage3,red,none,none,none,none,none,small
stage3_001516.jpg,true,True,False,False,1,0.9606,stage3,blue,none,none,none,none,none,large
stage2_002382.jpg,false,False,False,False,0,0.0,stage2,none,none,none,none,none,none,none
stage2_002386.jpg,true,True,False,False,1,0.9697,stage2,red,none,none,none,none,none,large
stage2_002387.jpg,false,False,False,False,0,0.0,stage2,none,none,none,none,none,none,none
stage2_002389.jpg,true,True,False,False,1,0.9677,stage2,blue,none,none,none,none,none,medium
stage2_002393.jpg,true,True,False,False,1,0.9618,stage2,red,none,none,none,none,none,small
stage3_001524.jpg,true,True,False,False,1,0.9741,stage3,red,none,none,none,none,none,medium
stage2_002395.jpg,false,False,False,False,0,0.0,stage2,none,none,none,none,none,none,none
stage2_002397.jpg,true,True,False,False,1,0.9695,stage2,red,none,none,none,none,none,medium
stage4_001773.jpg,true,True,False,False,1,0.9687,stage4,blue,none,normal,none,none,normal,small
stage2_002404.jpg,true,True,False,False,1,0.9672,stage2,blue,none,none,none,none,none,medium
stage1_000583.jpg,true,True,False,False,1,0.9438,stage1,red,none,none,none,none,none,large
stage4_001776.jpg,true,True,False,False,1,0.9311,stage4,red,none,normal,none,none,normal,very_small
stage1_000585.jpg,true,True,False,False,1,0.9743,stage1,blue,none,none,none,none,none,large
stage2_002416.jpg,true,True,False,False,1,0.9637,stage2,blue,none,none,none,none,none,medium
stage4_001787.jpg,true,True,False,False,1,0.967,stage4,blue,none,sunny,none,none,mild_over,large
stage4_001790.jpg,true,True,False,False,1,0.9684,stage4,blue,none,sunny,none,none,mild_over,small
stage4_001793.jpg,true,True,False,False,1,0.9665,stage4,blue,none,sunny,none,none,mild_over,medium
stage2_002433.jpg,true,True,False,False,1,0.9665,stage2,blue,none,none,none,none,none,medium
stage3_001552.jpg,true,True,False,False,1,0.9615,stage3,red,none,none,none,none,none,small
stage4_001810.jpg,true,True,False,False,1,0.9748,stage4,red,none,shadow,medium,none,normal,medium
stage2_002449.jpg,true,True,False,False,1,0.9689,stage2,red,none,none,none,none,none,medium
stage2_002450.jpg,true,True,False,False,1,0.9717,stage2,red,none,none,none,none,none,medium
stage2_002462.jpg,true,True,False,False,1,0.9682,stage2,red,none,none,none,none,none,medium
stage4_001823.jpg,true,True,False,False,1,0.9683,stage4,blue,none,normal,none,none,normal,large
stage3_001574.jpg,true,True,False,False,1,0.9632,stage3,blue,medium,none,none,none,none,medium
stage3_001578.jpg,true,True,False,False,1,0.974,stage3,red,none,none,none,none,none,large
stage1_000607.jpg,true,True,False,False,1,0.966,stage1,red,none,none,none,none,none,very_small
stage3_001585.jpg,true,True,False,False,1,0.9692,stage3,blue,light,none,none,none,none,medium
stage4_001834.jpg,true,True,False,False,1,0.9618,stage4,red,none,normal,none,none,normal,small
stage3_001587.jpg,true,True,False,False,1,0.9696,stage3,red,light,none,none,none,none,medium
stage3_001588.jpg,true,True,False,False,1,0.9701,stage3,blue,none,none,none,none,none,large
stage2_002488.jpg,true,True,False,False,1,0.9713,stage2,blue,none,none,none,none,none,medium
stage2_002489.jpg,false,False,False,False,0,0.0,stage2,none,none,none,none,none,none,none
stage3_001594.jpg,true,True,False,False,1,0.9692,stage3,blue,none,none,none,none,none,small
stage1_000610.jpg,true,True,False,False,1,0.95,stage1,blue,none,none,none,none,none,large
stage3_001597.jpg,false,False,False,False,0,0.0,stage3,none,none,none,none,none,none,none
stage1_000611.jpg,true,True,False,False,1,0.9734,stage1,blue,none,none,none,none,none,large
stage2_002498.jpg,false,False,False,False,0,0.0,stage2,none,none,none,none,none,none,none
stage3_001598.jpg,true,True,False,False,1,0.9722,stage3,red,none,none,none,none,none,small
stage3_001599.jpg,false,False,False,False,0,0.0,stage3,none,none,none,none,none,none,none
stage4_001850.jpg,false,False,False,False,0,0.0,stage4,none,none,sunny,none,none,mild_over,none
stage4_001852.jpg,true,True,False,False,1,0.9627,stage4,blue,none,shadow,light,none,normal,very_small
stage4_001854.jpg,true,True,False,False,1,0.9537,stage4,red,light,blur_light,medium,none,normal,small
stage4_001857.jpg,false,False,False,False,0,0.0,stage4,none,none,normal,none,none,normal,none
stage1_000617.jpg,true,True,False,False,1,0.9781,stage1,blue,none,none,none,none,none,large
stage4_001863.jpg,true,True,False,False,1,0.9598,stage4,blue,none,glare,none,medium,mild_over,large
stage2_002529.jpg,true,True,False,False,1,0.9745,stage2,red,none,none,none,none,none,large
stage2_002537.jpg,true,True,False,False,1,0.9722,stage2,blue,none,none,none,none,none,medium
stage1_000620.jpg,true,True,False,False,1,0.9765,stage1,blue,none,none,none,none,none,large
stage4_001876.jpg,false,False,False,True,1,0.0,stage4,none,none,normal,none,none,normal,none
stage3_001626.jpg,false,False,False,False,0,0.0,stage3,none,none,none,none,none,none,none
stage4_001885.jpg,true,True,False,False,1,0.9712,stage4,red,none,normal,none,none,normal,medium
stage2_002549.jpg,true,True,False,False,1,0.9626,stage2,blue,none,none,none,none,none,large
stage3_001627.jpg,true,True,False,False,1,0.9679,stage3,blue,light,none,none,none,none,large
stage2_002560.jpg,true,True,False,False,1,0.9717,stage2,red,none,none,none,none,none,medium
stage1_000625.jpg,true,True,False,False,1,0.9406,stage1,red,none,none,none,none,none,very_small
stage4_001898.jpg,true,True,False,False,1,0.9521,stage4,red,none,sunny,none,none,mild_over,small
stage3_001637.jpg,true,True,False,False,1,0.9745,stage3,red,medium,none,none,none,none,large
stage4_001906.jpg,true,True,False,False,1,0.9704,stage4,blue,none,normal,none,none,normal,small
stage3_001646.jpg,true,True,False,False,1,0.9719,stage3,red,medium,none,none,none,none,medium
stage2_002586.jpg,true,True,False,False,1,0.9602,stage2,blue,none,none,none,none,none,large
stage3_001648.jpg,false,False,False,False,0,0.0,stage3,none,light,none,none,none,none,none
stage2_002595.jpg,true,True,False,False,1,0.9673,stage2,red,none,none,none,none,none,medium
stage2_002597.jpg,false,False,False,False,0,0.0,stage2,none,none,none,none,none,none,none
stage2_002599.jpg,true,True,False,False,1,0.974,stage2,blue,none,none,none,none,none,medium
stage4_001922.jpg,false,False,False,False,0,0.0,stage4,none,none,normal,none,none,normal,none
stage3_001654.jpg,true,True,False,False,1,0.975,stage3,red,light,none,none,none,none,large
stage4_001941.jpg,true,True,False,False,1,0.9733,stage4,blue,none,normal,none,none,normal,large
stage2_002624.jpg,true,True,False,False,1,0.9551,stage2,red,none,none,none,none,none,medium
stage2_002625.jpg,true,True,False,False,1,0.9704,stage2,red,none,none,none,none,none,medium
stage3_001673.jpg,true,True,False,False,1,0.9683,stage3,red,none,none,none,none,none,medium
stage4_001949.jpg,false,False,False,False,0,0.0,stage4,none,none,normal,none,none,normal,none
stage4_001953.jpg,true,True,False,False,1,0.9724,stage4,red,none,normal,none,none,normal,small
stage3_001682.jpg,true,True,False,False,1,0.9548,stage3,red,light,none,none,none,none,medium
stage2_002637.jpg,true,True,False,False,1,0.9513,stage2,red,none,none,none,none,none,small
stage1_000644.jpg,true,True,False,False,1,0.9732,stage1,blue,none,none,none,none,none,large
stage4_001960.jpg,true,True,False,False,1,0.9669,stage4,blue,none,shadow,medium,none,normal,medium
stage4_001964.jpg,true,True,False,False,1,0.9719,stage4,red,none,normal,none,none,normal,medium
stage4_001966.jpg,true,True,False,False,1,0.9632,stage4,blue,none,glare,none,medium,mild_over,large
stage3_001687.jpg,true,True,False,False,1,0.9701,stage3,red,light,none,none,none,none,large
stage4_001968.jpg,true,True,False,False,1,0.9629,stage4,blue,none,sunny,none,none,mild_over,large
stage4_001980.jpg,true,True,False,False,1,0.9569,stage4,blue,none,normal,none,none,normal,large
stage4_001981.jpg,true,True,False,False,1,0.9785,stage4,blue,none,normal,none,none,normal,large
stage2_002661.jpg,true,True,False,False,1,0.9652,stage2,red,none,none,none,none,none,large
stage2_002663.jpg,true,True,False,False,1,0.974,stage2,red,none,none,none,none,none,small
stage2_002668.jpg,true,True,False,False,1,0.9719,stage2,red,none,none,none,none,none,large
stage2_002670.jpg,false,False,False,False,0,0.0,stage2,none,none,none,none,none,none,none
stage2_002675.jpg,true,True,False,False,1,0.9676,stage2,blue,none,none,none,none,none,medium
stage4_002007.jpg,true,True,False,False,1,0.9649,stage4,blue,none,normal,none,none,normal,large
stage4_002013.jpg,true,True,False,False,1,0.9623,stage4,red,none,normal,none,none,normal,small
stage2_002691.jpg,true,True,False,False,1,0.9684,stage2,red,none,none,none,none,none,small
stage4_002021.jpg,true,True,False,False,1,0.9642,stage4,blue,none,sunny,none,none,mild_over,large
stage4_002022.jpg,true,True,False,False,1,0.971,stage4,red,light,blur_light,none,none,mild_over,large
stage2_002709.jpg,false,False,False,False,0,0.0,stage2,none,none,none,none,none,none,none
stage2_002716.jpg,true,True,False,False,1,0.9691,stage2,blue,none,none,none,none,none,large
stage2_002719.jpg,true,True,False,False,1,0.9724,stage2,blue,none,none,none,none,none,medium
stage3_001723.jpg,true,True,False,False,1,0.9652,stage3,red,light,none,none,none,none,large
stage1_000664.jpg,true,True,False,False,1,0.9804,stage1,red,none,none,none,none,none,large
stage4_002033.jpg,true,True,False,False,1,0.965,stage4,blue,none,sunny,none,none,mild_over,medium
stage2_002737.jpg,false,False,False,False,0,0.0,stage2,none,none,none,none,none,none,none
stage4_002043.jpg,true,True,False,False,1,0.9635,stage4,blue,none,shadow,light,none,normal,medium
stage4_002048.jpg,true,True,False,False,1,0.9626,stage4,blue,none,normal,none,none,normal,medium
stage4_002055.jpg,true,True,False,False,1,0.9637,stage4,red,none,glare,none,medium,mild_over,medium
stage2_002747.jpg,false,False,False,False,0,0.0,stage2,none,none,none,none,none,none,none
stage2_002751.jpg,true,True,False,False,1,0.9685,stage2,red,none,none,none,none,none,small
stage4_002063.jpg,true,True,False,False,1,0.9715,stage4,blue,none,shadow,light,none,normal,medium
stage2_002761.jpg,true,True,False,False,1,0.9594,stage2,red,none,none,none,none,none,medium
stage3_001740.jpg,true,True,False,False,1,0.9677,stage3,blue,medium,none,none,none,none,large
stage4_002070.jpg,true,True,False,False,1,0.9514,stage4,blue,none,shadow,medium,none,normal,large
stage2_002765.jpg,true,True,False,False,1,0.9733,stage2,blue,none,none,none,none,none,medium
stage4_002074.jpg,true,True,False,False,1,0.9688,stage4,red,none,normal,none,none,normal,large
stage2_002780.jpg,true,True,False,False,1,0.9708,stage2,blue,none,none,none,none,none,medium
stage4_002082.jpg,true,True,False,False,1,0.9714,stage4,blue,none,sunny,none,none,mild_over,small
stage4_002085.jpg,true,True,False,False,1,0.9674,stage4,red,none,sunny,none,none,mild_over,large
stage4_002086.jpg,true,True,False,False,1,0.9723,stage4,blue,none,normal,none,none,normal,large
stage2_002787.jpg,true,True,False,False,1,0.9686,stage2,red,none,none,none,none,none,medium
stage2_002798.jpg,false,False,False,False,0,0.0,stage2,none,none,none,none,none,none,none
stage2_002801.jpg,false,False,False,False,0,0.0,stage2,none,none,none,none,none,none,none
stage4_002102.jpg,true,True,False,False,1,0.9786,stage4,red,none,sunny,none,none,mild_over,very_small
stage4_002104.jpg,true,True,False,False,1,0.9744,stage4,red,none,sunny,none,none,mild_over,large
stage4_002106.jpg,true,True,False,False,1,0.9609,stage4,red,none,sunny,none,none,mild_over,large
stage2_002808.jpg,true,True,False,False,1,0.9669,stage2,blue,none,none,none,none,none,medium
stage2_002810.jpg,true,True,False,False,1,0.977,stage2,red,none,none,none,none,none,medium
stage4_002110.jpg,true,True,False,False,1,0.9652,stage4,red,none,sunny,none,none,mild_over,small
stage2_002820.jpg,true,True,False,False,1,0.9695,stage2,red,none,none,none,none,none,very_small
stage3_001769.jpg,true,True,False,False,1,0.9611,stage3,red,none,none,none,none,none,small
stage2_002826.jpg,true,True,False,False,1,0.9818,stage2,red,none,none,none,none,none,medium
stage2_002836.jpg,true,True,False,False,1,0.9557,stage2,red,none,none,none,none,none,medium
stage2_002846.jpg,false,False,False,False,0,0.0,stage2,none,none,none,none,none,none,none
stage2_002850.jpg,true,True,False,False,1,0.9722,stage2,red,none,none,none,none,none,very_small
stage4_002143.jpg,true,True,False,False,1,0.9647,stage4,blue,none,normal,none,none,normal,large
stage3_001787.jpg,true,True,False,False,1,0.978,stage3,red,none,none,none,none,none,medium
stage2_002869.jpg,true,True,False,False,1,0.9757,stage2,red,none,none,none,none,none,small
stage4_002151.jpg,true,True,False,False,1,0.9712,stage4,red,none,shadow,medium,none,normal,medium
stage2_002872.jpg,true,True,False,False,1,0.9734,stage2,blue,none,none,none,none,none,medium
stage4_002154.jpg,true,True,False,False,1,0.972,stage4,blue,light,blur_light,medium,none,normal,medium
stage2_002873.jpg,true,True,False,False,1,0.9737,stage2,red,none,none,none,none,none,large
stage3_001801.jpg,true,True,False,False,1,0.9725,stage3,red,light,none,none,none,none,medium
stage2_002881.jpg,true,True,False,False,1,0.9731,stage2,red,none,none,none,none,none,medium
stage3_001810.jpg,false,False,False,False,0,0.0,stage3,none,none,none,none,none,none,none
stage2_002904.jpg,true,True,False,False,1,0.9732,stage2,blue,none,none,none,none,none,small
stage4_002176.jpg,true,True,False,False,1,0.9721,stage4,red,none,glare,none,medium,mild_over,medium
stage4_002179.jpg,false,False,False,False,0,0.0,stage4,none,none,normal,none,none,normal,none
stage3_001823.jpg,true,True,False,False,1,0.9666,stage3,blue,medium,none,none,none,none,large
stage3_001826.jpg,true,True,False,False,1,0.9766,stage3,blue,none,none,none,none,none,large
stage2_002913.jpg,true,True,False,False,1,0.9606,stage2,blue,none,none,none,none,none,medium
stage2_002914.jpg,true,True,False,False,1,0.9677,stage2,blue,none,none,none,none,none,large
stage2_002921.jpg,false,False,False,False,0,0.0,stage2,none,none,none,none,none,none,none
stage2_002924.jpg,true,True,False,False,1,0.9592,stage2,red,none,none,none,none,none,medium
stage2_002927.jpg,false,False,False,False,0,0.0,stage2,none,none,none,none,none,none,none
stage3_001835.jpg,true,True,False,False,1,0.9621,stage3,blue,none,none,none,none,none,medium
stage4_002200.jpg,true,True,False,False,1,0.9588,stage4,blue,none,sunny,none,none,mild_over,large
stage4_002204.jpg,true,True,False,False,1,0.9766,stage4,blue,none,glare,none,medium,mild_over,medium
stage3_001848.jpg,true,True,False,False,1,0.9743,stage3,blue,none,none,none,none,none,large
stage1_000713.jpg,true,True,False,False,1,0.9786,stage1,red,none,none,none,none,none,medium
stage4_002216.jpg,true,True,False,False,1,0.9731,stage4,red,none,sunny,none,none,mild_over,large
stage2_002950.jpg,true,True,False,False,1,0.9677,stage2,blue,none,none,none,none,none,large
stage2_002953.jpg,true,True,False,False,1,0.9772,stage2,blue,none,none,none,none,none,large
stage4_002223.jpg,true,True,False,False,1,0.9793,stage4,red,none,shadow,medium,none,normal,large
stage2_002967.jpg,true,True,False,False,1,0.9652,stage2,blue,none,none,none,none,none,medium
stage2_002971.jpg,true,True,False,False,1,0.9734,stage2,red,none,none,none,none,none,medium
stage3_001865.jpg,true,True,False,False,1,0.9655,stage3,blue,none,none,none,none,none,medium
stage3_001867.jpg,true,True,False,False,1,0.9024,stage3,blue,light,none,none,none,none,small
stage2_002989.jpg,true,True,False,False,1,0.9601,stage2,blue,none,none,none,none,none,large
stage4_002234.jpg,true,True,False,False,1,0.9247,stage4,red,light,blur_light,none,none,mild_over,small
stage4_002238.jpg,true,True,False,False,1,0.9784,stage4,red,none,normal,none,none,normal,medium
stage2_003001.jpg,true,True,False,False,1,0.9849,stage2,red,none,none,none,none,none,medium
stage2_003002.jpg,false,False,False,False,0,0.0,stage2,none,none,none,none,none,none,none
stage3_001876.jpg,true,True,False,False,1,0.9723,stage3,blue,none,none,none,none,none,medium
stage4_002244.jpg,true,True,False,False,1,0.9677,stage4,blue,none,sunny,none,none,mild_over,medium
stage2_003007.jpg,true,True,False,False,1,0.9709,stage2,blue,none,none,none,none,none,large
stage2_003010.jpg,true,True,False,False,1,0.9686,stage2,blue,none,none,none,none,none,large
stage1_000721.jpg,true,True,False,False,1,0.978,stage1,red,none,none,none,none,none,medium
stage4_002255.jpg,true,True,False,False,1,0.9662,stage4,red,none,shadow,medium,none,normal,large
stage3_001892.jpg,true,True,False,False,1,0.9777,stage3,red,none,none,none,none,none,large
stage4_002266.jpg,true,True,False,False,1,0.9725,stage4,red,none,glare,none,medium,mild_over,large
stage3_001895.jpg,false,False,False,False,0,0.0,stage3,none,none,none,none,none,none,none
stage1_000731.jpg,true,True,False,False,1,0.9585,stage1,red,none,none,none,none,none,large
stage3_001897.jpg,true,True,False,False,1,0.9672,stage3,blue,light,none,none,none,none,large
stage2_003027.jpg,true,True,False,False,1,0.9686,stage2,red,none,none,none,none,none,medium
stage2_003032.jpg,true,True,False,False,1,0.9775,stage2,red,none,none,none,none,none,small
stage1_000733.jpg,true,True,False,False,1,0.9768,stage1,blue,none,none,none,none,none,large
stage2_003043.jpg,true,True,False,False,1,0.9603,stage2,blue,none,none,none,none,none,large
stage3_001911.jpg,false,False,False,False,0,0.0,stage3,none,none,none,none,none,none,none
stage3_001914.jpg,true,True,False,False,1,0.9681,stage3,blue,none,none,none,none,none,large
stage2_003050.jpg,true,True,False,False,1,0.9631,stage2,red,none,none,none,none,none,very_small
stage4_002283.jpg,true,True,False,False,1,0.9803,stage4,red,none,shadow,medium,none,normal,small
stage4_002286.jpg,true,True,False,False,1,0.9535,stage4,red,none,normal,none,none,normal,very_small
stage4_002299.jpg,true,True,False,False,1,0.9667,stage4,blue,none,shadow,medium,none,normal,large
stage2_003078.jpg,false,False,False,False,0,0.0,stage2,none,none,none,none,none,none,none
stage4_002306.jpg,true,True,False,False,1,0.9673,stage4,red,none,normal,none,none,normal,large
stage2_003086.jpg,true,True,False,False,1,0.9465,stage2,blue,none,none,none,none,none,medium
stage1_000744.jpg,true,True,False,False,1,0.969,stage1,blue,none,none,none,none,none,medium
stage3_001939.jpg,true,True,False,False,1,0.9558,stage3,blue,none,none,none,none,none,large
stage3_001948.jpg,true,True,False,False,1,0.9805,stage3,red,light,none,none,none,none,large
stage2_003107.jpg,true,True,False,False,1,0.9756,stage2,blue,none,none,none,none,none,small
stage2_003109.jpg,true,True,False,False,1,0.9619,stage2,blue,none,none,none,none,none,large
stage4_002335.jpg,true,True,False,False,1,0.9739,stage4,red,none,sunny,none,none,mild_over,very_small
stage3_001956.jpg,true,True,False,False,1,0.9695,stage3,red,none,none,none,none,none,large
stage4_002337.jpg,true,True,False,False,1,0.9617,stage4,blue,none,sunny,none,none,mild_over,large
stage2_003145.jpg,true,True,False,False,1,0.9682,stage2,blue,none,none,none,none,none,large
stage4_002357.jpg,true,True,False,False,1,0.9701,stage4,blue,light,blur_light,medium,none,normal,large
stage2_003153.jpg,true,True,False,False,1,0.9621,stage2,blue,none,none,none,none,none,large
stage4_002364.jpg,true,True,False,False,1,0.9699,stage4,blue,none,shadow,light,none,normal,medium
stage2_003167.jpg,true,True,False,False,1,0.9731,stage2,red,none,none,none,none,none,large
stage3_001997.jpg,false,False,False,False,0,0.0,stage3,none,light,none,none,none,none,none
stage2_003202.jpg,true,True,False,False,1,0.9698,stage2,blue,none,none,none,none,none,medium
stage4_002389.jpg,true,True,False,False,1,0.9601,stage4,red,none,sunny,none,none,mild_over,medium
stage3_002002.jpg,true,True,False,False,1,0.9627,stage3,red,medium,none,none,none,none,large
stage2_003209.jpg,true,True,False,False,1,0.9682,stage2,blue,none,none,none,none,none,large
stage2_003230.jpg,true,True,False,False,1,0.972,stage2,blue,none,none,none,none,none,large
stage4_002398.jpg,true,True,False,False,1,0.9179,stage4,blue,none,shadow,light,none,normal,very_small
stage3_002018.jpg,true,True,False,False,1,0.9694,stage3,blue,light,none,none,none,none,large
stage3_002020.jpg,true,True,False,False,1,0.9702,stage3,red,light,none,none,none,none,large
stage4_002403.jpg,true,True,False,False,1,0.9723,stage4,red,none,normal,none,none,normal,medium
stage1_000777.jpg,false,False,False,False,0,0.0,stage1,none,none,none,none,none,none,none
stage3_002021.jpg,true,True,False,False,1,0.9595,stage3,blue,none,none,none,none,none,large
stage3_002025.jpg,true,True,False,False,1,0.9631,stage3,red,light,none,none,none,none,large
stage2_003243.jpg,true,True,False,False,1,0.9731,stage2,red,none,none,none,none,none,medium
stage2_003258.jpg,true,True,False,False,1,0.9711,stage2,red,none,none,none,none,none,medium
stage2_003264.jpg,true,True,False,False,1,0.9601,stage2,red,none,none,none,none,none,very_small
stage1_000782.jpg,true,True,False,False,1,0.9759,stage1,red,none,none,none,none,none,medium
stage3_002046.jpg,true,True,False,False,1,0.9734,stage3,red,none,none,none,none,none,medium
stage2_003277.jpg,true,True,False,False,1,0.966,stage2,red,none,none,none,none,none,medium
stage4_002432.jpg,true,True,False,False,1,0.9764,stage4,red,none,normal,none,none,normal,medium
stage3_002056.jpg,true,True,False,False,1,0.892,stage3,red,light,none,none,none,none,very_small
stage2_003291.jpg,true,True,False,False,1,0.9631,stage2,blue,none,none,none,none,none,medium
stage4_002449.jpg,true,True,False,False,1,0.9626,stage4,blue,light,blur_light,none,none,mild_over,large
stage4_002454.jpg,false,False,False,False,0,0.0,stage4,none,none,normal,none,none,normal,none
stage2_003307.jpg,false,False,False,False,0,0.0,stage2,none,none,none,none,none,none,none
stage2_003314.jpg,true,True,False,False,1,0.9523,stage2,red,none,none,none,none,none,medium
stage4_002464.jpg,true,True,False,False,1,0.9719,stage4,red,light,blur_light,none,none,mild_over,large
stage2_003316.jpg,true,True,False,False,1,0.9236,stage2,red,none,none,none,none,none,very_small
stage2_003321.jpg,true,True,False,False,1,0.9686,stage2,blue,none,none,none,none,none,large
stage3_002083.jpg,true,True,False,False,1,0.961,stage3,red,none,none,none,none,none,very_small
stage2_003325.jpg,true,True,False,False,1,0.9769,stage2,red,none,none,none,none,none,small
stage3_002086.jpg,true,True,False,False,1,0.9609,stage3,blue,medium,none,none,none,none,medium
stage1_000792.jpg,true,True,False,False,1,0.9763,stage1,red,none,none,none,none,none,large
stage4_002481.jpg,true,True,False,False,1,0.9651,stage4,blue,none,normal,none,none,normal,small
stage2_003335.jpg,true,True,False,False,1,0.9747,stage2,blue,none,none,none,none,none,large
stage2_003342.jpg,false,False,False,False,0,0.0,stage2,none,none,none,none,none,none,none
stage4_002492.jpg,true,True,False,False,1,0.9784,stage4,blue,none,shadow,medium,none,normal,medium
stage2_003346.jpg,false,False,False,False,0,0.0,stage2,none,none,none,none,none,none,none
stage2_003347.jpg,true,True,False,False,1,0.9742,stage2,red,none,none,none,none,none,medium
stage2_003350.jpg,true,True,False,False,1,0.9416,stage2,red,none,none,none,none,none,very_small
stage3_002101.jpg,true,True,False,False,1,0.9658,stage3,blue,light,none,none,none,none,medium
stage2_003352.jpg,true,True,False,False,1,0.9668,stage2,blue,none,none,none,none,none,large
stage2_003357.jpg,true,True,False,False,1,0.9714,stage2,blue,none,none,none,none,none,small
stage1_000802.jpg,true,True,False,False,1,0.9746,stage1,blue,none,none,none,none,none,large
stage3_002108.jpg,true,True,False,False,1,0.9664,stage3,blue,none,none,none,none,none,medium
stage4_002506.jpg,true,True,False,False,1,0.9625,stage4,blue,none,normal,none,none,normal,large
stage3_002109.jpg,true,True,False,False,1,0.9293,stage3,red,light,none,none,none,none,very_small
stage2_003372.jpg,true,True,False,False,1,0.978,stage2,red,none,none,none,none,none,medium
stage4_002512.jpg,true,True,False,False,1,0.9512,stage4,red,light,blur_light,none,none,mild_over,medium
stage2_003383.jpg,true,True,False,False,1,0.983,stage2,red,none,none,none,none,none,large
stage2_003389.jpg,true,True,False,False,1,0.963,stage2,blue,none,none,none,none,none,large
stage4_002522.jpg,true,True,False,False,1,0.9533,stage4,blue,none,sunny,none,none,mild_over,small
stage2_003394.jpg,true,True,False,False,1,0.969,stage2,blue,none,none,none,none,none,large
stage2_003406.jpg,true,True,False,False,1,0.9766,stage2,blue,none,none,none,none,none,small
stage2_003407.jpg,true,True,False,False,1,0.9694,stage2,blue,none,none,none,none,none,medium
stage2_003412.jpg,true,True,False,False,1,0.9659,stage2,blue,none,none,none,none,none,large
stage1_000806.jpg,true,True,False,False,1,0.9626,stage1,blue,none,none,none,none,none,medium
stage2_003417.jpg,true,True,False,False,1,0.9655,stage2,red,none,none,none,none,none,medium
stage2_003418.jpg,true,True,False,False,1,0.9618,stage2,blue,none,none,none,none,none,large
stage4_002539.jpg,true,True,False,False,1,0.9704,stage4,red,none,shadow,medium,none,normal,medium
stage2_003423.jpg,true,True,False,False,1,0.9749,stage2,blue,none,none,none,none,none,large
stage3_002145.jpg,true,True,False,False,1,0.9725,stage3,red,none,none,none,none,none,medium
stage2_003431.jpg,true,True,False,False,1,0.9608,stage2,blue,none,none,none,none,none,large
stage2_003433.jpg,true,True,False,False,1,0.967,stage2,red,none,none,none,none,none,medium
stage2_003435.jpg,true,True,False,False,1,0.9741,stage2,red,none,none,none,none,none,large
stage2_003436.jpg,true,True,False,False,1,0.9633,stage2,red,none,none,none,none,none,small
stage4_002549.jpg,false,False,False,False,0,0.0,stage4,none,none,normal,none,none,normal,none
stage3_002158.jpg,false,False,False,False,0,0.0,stage3,none,none,none,none,none,none,none
stage3_002161.jpg,true,True,False,False,1,0.9679,stage3,blue,none,none,none,none,none,large
stage3_002164.jpg,true,True,False,False,1,0.9266,stage3,blue,medium,none,none,none,none,large
stage3_002165.jpg,true,True,False,False,1,0.9719,stage3,blue,none,none,none,none,none,large
stage2_003457.jpg,true,True,False,False,1,0.9614,stage2,blue,none,none,none,none,none,large
stage4_002564.jpg,false,False,False,False,0,0.0,stage4,none,none,normal,none,none,normal,none
stage2_003466.jpg,true,True,False,False,1,0.9579,stage2,blue,none,none,none,none,none,large
stage3_002178.jpg,true,True,False,False,1,0.9756,stage3,blue,none,none,none,none,none,small
stage4_002574.jpg,false,False,False,False,0,0.0,stage4,none,none,sunny,none,none,mild_over,none
stage2_003482.jpg,true,True,False,False,1,0.9643,stage2,blue,none,none,none,none,none,large
stage2_003484.jpg,false,False,False,False,0,0.0,stage2,none,none,none,none,none,none,none
stage3_002189.jpg,true,True,False,False,1,0.9718,stage3,blue,none,none,none,none,none,medium
stage2_003487.jpg,true,True,False,False,1,0.9732,stage2,blue,none,none,none,none,none,medium
stage3_002191.jpg,true,True,False,False,1,0.9735,stage3,red,light,none,none,none,none,large
stage2_003490.jpg,true,True,False,False,1,0.9756,stage2,blue,none,none,none,none,none,large
stage2_003492.jpg,true,True,False,False,1,0.9567,stage2,red,none,none,none,none,none,medium
stage4_002592.jpg,true,True,False,False,1,0.9714,stage4,blue,none,normal,none,none,normal,small
stage3_002197.jpg,true,True,False,False,1,0.9549,stage3,blue,medium,none,none,none,none,large
stage4_002598.jpg,true,True,False,False,1,0.972,stage4,blue,none,normal,none,none,normal,medium
stage4_002604.jpg,true,True,False,False,1,0.9714,stage4,blue,none,shadow,medium,none,normal,large
stage1_000844.jpg,true,True,False,False,1,0.977,stage1,blue,none,none,none,none,none,large
stage3_002217.jpg,true,True,False,False,1,0.9478,stage3,red,light,none,none,none,none,small
stage2_003532.jpg,true,True,False,False,1,0.9773,stage2,red,none,none,none,none,none,medium
stage1_000852.jpg,true,True,False,False,1,0.9774,stage1,red,none,none,none,none,none,medium
stage4_002623.jpg,true,True,False,False,1,0.9731,stage4,blue,none,shadow,medium,none,normal,large
stage3_002236.jpg,false,False,False,False,0,0.0,stage3,none,none,none,none,none,none,none
stage3_002238.jpg,true,True,False,False,1,0.9596,stage3,blue,none,none,none,none,none,large
stage3_002244.jpg,true,True,False,False,1,0.9703,stage3,red,none,none,none,none,none,small
stage3_002250.jpg,true,True,False,False,1,0.9681,stage3,red,none,none,none,none,none,small
stage2_003568.jpg,true,True,False,False,1,0.9758,stage2,blue,none,none,none,none,none,large
stage2_003570.jpg,true,True,False,False,1,0.9566,stage2,red,none,none,none,none,none,medium
stage2_003571.jpg,true,True,False,False,1,0.9573,stage2,blue,none,none,none,none,none,large
stage2_003573.jpg,true,True,False,False,1,0.9728,stage2,blue,none,none,none,none,none,large
stage1_000858.jpg,true,True,False,False,1,0.9727,stage1,red,none,none,none,none,none,small
stage4_002650.jpg,true,True,False,False,1,0.9585,stage4,blue,light,blur_light,medium,none,normal,large
stage2_003591.jpg,true,True,False,False,1,0.9695,stage2,blue,none,none,none,none,none,large
stage4_002661.jpg,false,False,False,False,0,0.0,stage4,none,none,normal,none,none,normal,none
stage2_003597.jpg,true,True,False,False,1,0.9719,stage2,red,none,none,none,none,none,medium
stage4_002670.jpg,true,True,False,False,1,0.9755,stage4,red,none,glare,none,medium,mild_over,medium
stage1_000870.jpg,true,True,False,False,1,0.9789,stage1,red,none,none,none,none,none,medium
stage4_002682.jpg,true,True,False,False,1,0.9577,stage4,blue,light,blur_light,none,none,mild_over,large
stage2_003629.jpg,true,True,False,False,1,0.9672,stage2,blue,none,none,none,none,none,medium
stage4_002688.jpg,true,True,False,False,1,0.9625,stage4,blue,none,sunny,none,none,mild_over,large
stage2_003634.jpg,true,True,False,False,1,0.9787,stage2,red,none,none,none,none,none,medium
stage4_002692.jpg,true,True,False,False,1,0.971,stage4,blue,none,normal,none,none,normal,medium
stage2_003639.jpg,true,True,False,False,1,0.9715,stage2,red,none,none,none,none,none,small
stage2_003653.jpg,true,True,False,False,1,0.9766,stage2,red,none,none,none,none,none,medium
stage2_003659.jpg,true,True,False,False,1,0.9753,stage2,red,none,none,none,none,none,small
stage2_003667.jpg,true,True,False,False,1,0.9761,stage2,red,none,none,none,none,none,medium
stage4_002712.jpg,true,True,False,False,1,0.9635,stage4,red,none,shadow,medium,none,normal,large
stage2_003671.jpg,false,False,False,False,0,0.0,stage2,none,none,none,none,none,none,none
stage3_002300.jpg,true,True,False,False,1,0.9391,stage3,blue,light,none,none,none,none,small
stage1_000881.jpg,false,False,False,False,0,0.0,stage1,none,none,none,none,none,none,none
stage2_003677.jpg,true,True,False,False,1,0.962,stage2,blue,none,none,none,none,none,medium
stage2_003678.jpg,false,False,False,False,0,0.0,stage2,none,none,none,none,none,none,none
stage4_002735.jpg,true,True,False,False,1,0.9603,stage4,red,none,normal,none,none,normal,small
stage4_002736.jpg,true,True,False,False,1,0.9628,stage4,red,none,sunny,none,none,mild_over,very_small
stage3_002308.jpg,false,False,False,False,0,0.0,stage3,none,light,none,none,none,none,none
stage4_002747.jpg,true,True,False,False,1,0.948,stage4,red,none,shadow,light,none,normal,small
stage2_003700.jpg,true,True,False,False,1,0.9703,stage2,blue,none,none,none,none,none,large
stage4_002751.jpg,true,True,False,False,1,0.9745,stage4,red,none,normal,none,none,normal,very_small
stage1_000888.jpg,true,True,False,False,1,0.9754,stage1,red,none,none,none,none,none,medium
stage3_002325.jpg,true,True,False,False,1,0.9294,stage3,red,light,none,none,none,none,small
stage3_002326.jpg,true,True,False,False,1,0.9749,stage3,blue,light,none,none,none,none,large
stage3_002330.jpg,false,False,False,False,0,0.0,stage3,none,light,none,none,none,none,none
stage1_000899.jpg,true,True,False,False,1,0.9691,stage1,red,none,none,none,none,none,very_small
stage2_003731.jpg,true,True,False,False,1,0.968,stage2,red,none,none,none,none,none,medium
stage4_002778.jpg,false,False,False,False,0,0.0,stage4,none,none,normal,none,none,normal,none
stage4_002779.jpg,true,True,False,False,1,0.971,stage4,blue,none,glare,none,medium,mild_over,large
stage3_002340.jpg,true,True,False,False,1,0.9741,stage3,blue,none,none,none,none,none,medium
stage2_003752.jpg,true,True,False,False,1,0.9319,stage2,red,none,none,none,none,none,large
stage1_000909.jpg,true,True,False,False,1,0.9789,stage1,red,none,none,none,none,none,large
stage2_003756.jpg,true,True,False,False,1,0.9523,stage2,red,none,none,none,none,none,very_small
stage3_002349.jpg,true,True,False,False,1,0.9748,stage3,red,none,none,none,none,none,medium
stage4_002807.jpg,true,True,False,False,1,0.9611,stage4,blue,none,sunny,none,none,mild_over,small
stage3_002356.jpg,true,True,False,False,1,0.9751,stage3,blue,light,none,none,none,none,large
stage1_000912.jpg,true,True,False,False,1,0.9685,stage1,red,none,none,none,none,none,small
stage1_000916.jpg,true,True,False,False,1,0.9744,stage1,red,none,none,none,none,none,medium
stage2_003774.jpg,true,True,False,False,1,0.9598,stage2,blue,none,none,none,none,none,large
stage3_002370.jpg,true,True,False,False,1,0.9648,stage3,red,none,none,none,none,none,medium
stage3_002372.jpg,true,True,False,False,1,0.9708,stage3,red,none,none,none,none,none,large
stage3_002373.jpg,true,True,False,False,1,0.9575,stage3,blue,light,none,none,none,none,medium
stage2_003788.jpg,true,True,False,False,1,0.9691,stage2,red,none,none,none,none,none,medium
stage2_003795.jpg,false,False,False,False,0,0.0,stage2,none,none,none,none,none,none,none
stage2_003803.jpg,false,False,False,False,0,0.0,stage2,none,none,none,none,none,none,none
stage2_003804.jpg,true,True,False,False,1,0.9718,stage2,red,none,none,none,none,none,small
stage4_002833.jpg,false,False,False,False,0,0.0,stage4,none,none,shadow,medium,none,normal,none
stage4_002841.jpg,true,True,False,False,1,0.9733,stage4,red,none,shadow,medium,none,normal,medium
stage4_002845.jpg,true,True,False,False,1,0.9556,stage4,red,none,sunny,none,none,mild_over,very_small
stage2_003828.jpg,false,False,False,False,0,0.0,stage2,none,none,none,none,none,none,none
stage2_003830.jpg,true,True,False,False,1,0.9727,stage2,red,none,none,none,none,none,medium
stage2_003838.jpg,true,True,False,False,1,0.962,stage2,red,none,none,none,none,none,small
stage4_002852.jpg,true,True,False,False,1,0.9682,stage4,blue,none,normal,none,none,normal,large
stage2_003851.jpg,true,True,False,False,1,0.9732,stage2,blue,none,none,none,none,none,medium
stage1_000942.jpg,true,True,False,False,1,0.9736,stage1,blue,none,none,none,none,none,large
stage4_002865.jpg,true,True,False,False,1,0.9632,stage4,blue,none,sunny,none,none,mild_over,large
stage3_002423.jpg,true,True,False,False,1,0.9705,stage3,red,light,none,none,none,none,large
stage4_002888.jpg,false,False,False,False,0,0.0,stage4,none,none,sunny,none,none,mild_over,none
stage2_003891.jpg,true,True,False,False,1,0.9689,stage2,blue,none,none,none,none,none,large
stage3_002430.jpg,true,True,False,False,1,0.9368,stage3,blue,light,none,none,none,none,medium
stage3_002436.jpg,true,True,False,False,1,0.9694,stage3,red,none,none,none,none,none,medium
stage3_002437.jpg,true,True,False,False,1,0.9774,stage3,red,medium,none,none,none,none,medium
stage2_003907.jpg,true,True,False,False,1,0.9664,stage2,blue,none,none,none,none,none,medium
stage4_002909.jpg,false,False,False,False,0,0.0,stage4,none,none,shadow,medium,none,normal,none
stage2_003910.jpg,false,False,False,False,0,0.0,stage2,none,none,none,none,none,none,none
stage4_002914.jpg,true,True,False,False,1,0.9718,stage4,blue,none,sunny,none,none,mild_over,large
stage3_002447.jpg,true,True,False,False,1,0.9024,stage3,red,light,none,none,none,none,very_small
stage3_002452.jpg,false,False,False,False,0,0.0,stage3,none,none,none,none,none,none,none
stage2_003933.jpg,true,True,False,False,1,0.9329,stage2,blue,none,none,none,none,none,medium
stage4_002924.jpg,true,True,False,False,1,0.9765,stage4,red,none,normal,none,none,normal,medium
stage3_002453.jpg,true,True,False,False,1,0.9516,stage3,blue,none,none,none,none,none,small
stage2_003937.jpg,true,True,False,False,1,0.9656,stage2,blue,none,none,none,none,none,large
stage3_002456.jpg,false,False,False,False,0,0.0,stage3,none,light,none,none,none,none,none
stage2_003949.jpg,true,True,False,False,1,0.9726,stage2,red,none,none,none,none,none,large
stage2_003955.jpg,true,True,False,False,1,0.9748,stage2,red,none,none,none,none,none,medium
stage2_003957.jpg,false,False,False,False,0,0.0,stage2,none,none,none,none,none,none,none
stage2_003958.jpg,true,True,False,False,1,0.9226,stage2,red,none,none,none,none,none,very_small
stage4_002940.jpg,true,True,False,False,1,0.954,stage4,red,light,blur_light,medium,none,normal,medium
stage4_002945.jpg,true,True,False,False,1,0.9732,stage4,red,none,sunny,none,none,mild_over,small
stage2_003962.jpg,true,True,False,False,1,0.9553,stage2,blue,none,none,none,none,none,large
stage2_003971.jpg,true,True,False,False,1,0.9745,stage2,blue,none,none,none,none,none,large
stage4_002958.jpg,true,True,False,False,1,0.9743,stage4,blue,none,sunny,none,none,mild_over,large
stage4_002959.jpg,true,True,False,False,1,0.9649,stage4,red,none,normal,none,none,normal,medium
stage3_002486.jpg,true,True,False,False,1,0.9755,stage3,blue,light,none,none,none,none,large
stage3_002495.jpg,true,True,False,False,1,0.9075,stage3,blue,light,none,none,none,none,small
stage2_003994.jpg,true,True,False,False,1,0.97,stage2,red,none,none,none,none,none,medium
stage1_000964.jpg,true,True,False,False,1,0.9296,stage1,blue,none,none,none,none,none,large
stage3_002499.jpg,true,True,False,False,1,0.9708,stage3,red,none,none,none,none,none,small
stage2_003998.jpg,false,False,False,False,0,0.0,stage2,none,none,none,none,none,none,none
stage2_004000.jpg,true,True,False,False,1,0.985,stage2,red,none,none,none,none,none,small
stage4_002974.jpg,false,False,False,False,0,0.0,stage4,none,none,normal,none,none,normal,none
stage2_004007.jpg,true,True,False,False,1,0.9615,stage2,red,none,none,none,none,none,small
stage4_002976.jpg,true,True,False,False,1,0.9633,stage4,blue,none,normal,none,none,normal,medium
stage1_000969.jpg,true,True,False,False,1,0.9594,stage1,red,none,none,none,none,none,large
stage4_002982.jpg,true,True,False,False,1,0.9804,stage4,red,none,normal,none,none,normal,medium
stage4_002985.jpg,true,True,False,False,1,0.9234,stage4,red,none,normal,none,none,normal,very_small
stage4_002988.jpg,true,True,False,False,1,0.9669,stage4,red,light,blur_light,none,none,mild_over,large
stage2_004036.jpg,true,True,False,False,1,0.9648,stage2,blue,none,none,none,none,none,medium
stage4_002999.jpg,true,True,False,False,1,0.9699,stage4,red,none,shadow,medium,none,normal,large
stage3_002530.jpg,true,True,False,False,1,0.9747,stage3,red,none,none,none,none,none,large
stage4_003007.jpg,false,False,False,False,0,0.0,stage4,none,none,shadow,medium,none,normal,none
stage2_004048.jpg,true,True,False,False,1,0.9719,stage2,red,none,none,none,none,none,medium
stage2_004050.jpg,true,True,False,False,1,0.9732,stage2,blue,none,none,none,none,none,medium
stage3_002538.jpg,true,True,False,False,1,0.9724,stage3,red,medium,none,none,none,none,medium
stage4_003011.jpg,true,True,False,False,1,0.9637,stage4,blue,none,sunny,none,none,mild_over,medium
stage2_004058.jpg,true,True,False,False,1,0.9539,stage2,red,none,none,none,none,none,very_small
stage3_002539.jpg,true,True,False,False,1,0.9694,stage3,blue,none,none,none,none,none,medium
stage2_004062.jpg,true,True,False,False,1,0.9645,stage2,blue,none,none,none,none,none,large
stage3_002540.jpg,true,True,False,False,1,0.9761,stage3,red,none,none,none,none,none,medium
stage3_002541.jpg,true,True,False,False,1,0.9591,stage3,red,none,none,none,none,none,very_small
stage2_004066.jpg,true,True,False,False,1,0.9652,stage2,red,none,none,none,none,none,large
stage2_004079.jpg,true,True,False,False,1,0.9717,stage2,blue,none,none,none,none,none,small
stage4_003020.jpg,true,True,False,False,1,0.9729,stage4,red,light,blur_light,medium,none,normal,medium
stage2_004083.jpg,true,True,False,False,1,0.9655,stage2,red,none,none,none,none,none,small
stage4_003025.jpg,true,True,False,False,1,0.9492,stage4,red,none,shadow,light,none,normal,small
stage4_003028.jpg,true,True,False,False,1,0.9696,stage4,blue,light,blur_light,none,none,mild_over,large
stage1_000984.jpg,true,True,False,False,1,0.9759,stage1,red,none,none,none,none,none,small
stage3_002559.jpg,true,True,False,False,1,0.9673,stage3,blue,none,none,none,none,none,large
stage2_004092.jpg,false,False,False,False,0,0.0,stage2,none,none,none,none,none,none,none
stage2_004095.jpg,false,False,False,False,0,0.0,stage2,none,none,none,none,none,none,none
stage4_003034.jpg,true,True,False,False,1,0.9584,stage4,blue,none,normal,none,none,normal,small
stage2_004098.jpg,false,False,False,False,0,0.0,stage2,none,none,none,none,none,none,none
stage2_004102.jpg,true,True,False,False,1,0.9623,stage2,blue,none,none,none,none,none,medium
stage4_003037.jpg,true,True,False,False,1,0.9658,stage4,red,none,sunny,none,none,mild_over,medium
stage3_002570.jpg,true,True,False,False,1,0.9686,stage3,red,none,none,none,none,none,medium
stage3_002573.jpg,true,True,False,False,1,0.9719,stage3,red,medium,none,none,none,none,medium
stage4_003041.jpg,true,True,False,False,1,0.9691,stage4,blue,light,blur_light,none,none,mild_over,large
stage2_004108.jpg,false,False,False,False,0,0.0,stage2,none,none,none,none,none,none,none
stage4_003053.jpg,true,True,False,False,1,0.9757,stage4,blue,none,normal,none,none,normal,medium
stage2_004133.jpg,false,False,False,False,0,0.0,stage2,none,none,none,none,none,none,none
stage2_004138.jpg,true,True,False,False,1,0.9306,stage2,red,none,none,none,none,none,very_small
stage3_002579.jpg,false,False,False,False,0,0.0,stage3,none,none,none,none,none,none,none
stage3_002580.jpg,true,True,False,False,1,0.9333,stage3,blue,light,none,none,none,none,small
stage4_003059.jpg,true,True,False,False,1,0.9766,stage4,red,none,glare,none,medium,mild_over,medium
stage2_004139.jpg,true,True,False,False,1,0.9732,stage2,blue,none,none,none,none,none,large
stage4_003060.jpg,true,True,False,False,1,0.9688,stage4,red,none,glare,none,medium,mild_over,medium
stage4_003062.jpg,true,True,False,False,1,0.9747,stage4,blue,none,glare,none,medium,mild_over,large
stage1_000996.jpg,true,True,False,False,1,0.982,stage1,blue,none,none,none,none,none,small
stage4_003064.jpg,true,True,False,False,1,0.9608,stage4,blue,none,shadow,medium,none,normal,large
stage3_002584.jpg,true,True,False,False,1,0.9796,stage3,blue,medium,none,none,none,none,large
stage2_004144.jpg,true,True,False,False,1,0.9693,stage2,red,none,none,none,none,none,large
stage4_003068.jpg,true,True,False,False,1,0.9763,stage4,blue,none,glare,none,medium,mild_over,medium
stage2_004147.jpg,true,True,False,False,1,0.9449,stage2,red,none,none,none,none,none,very_small
stage3_002588.jpg,true,True,False,False,1,0.9563,stage3,red,none,none,none,none,none,small
stage1_000999.jpg,true,True,False,False,1,0.975,stage1,blue,none,none,none,none,none,large
stage4_003076.jpg,true,True,False,False,1,0.9716,stage4,blue,none,normal,none,none,normal,medium
stage4_003077.jpg,true,True,False,False,1,0.9628,stage4,blue,none,glare,none,medium,mild_over,medium
stage4_003083.jpg,true,True,False,False,1,0.9719,stage4,blue,none,normal,none,none,normal,medium
stage2_004161.jpg,true,True,False,False,1,0.9709,stage2,red,none,none,none,none,none,medium
stage4_003089.jpg,true,True,False,False,1,0.9546,stage4,red,none,normal,none,none,normal,very_small
stage4_003090.jpg,true,True,False,False,1,0.9734,stage4,red,light,blur_light,none,none,mild_over,large
stage2_004172.jpg,false,False,False,False,0,0.0,stage2,none,none,none,none,none,none,none
stage4_003095.jpg,true,True,False,False,1,0.9631,stage4,red,light,blur_light,none,none,mild_over,medium
stage3_002609.jpg,true,True,False,False,1,0.9758,stage3,blue,none,none,none,none,none,medium
stage2_004193.jpg,true,True,False,False,1,0.979,stage2,red,none,none,none,none,none,medium
stage2_004195.jpg,true,True,False,False,1,0.9775,stage2,red,none,none,none,none,none,medium
stage2_004196.jpg,true,True,False,False,1,0.9631,stage2,blue,none,none,none,none,none,large
stage4_003100.jpg,true,True,False,False,1,0.9734,stage4,blue,none,shadow,medium,none,normal,medium
stage4_003101.jpg,true,True,False,False,1,0.9651,stage4,red,none,normal,none,none,normal,small
stage3_002622.jpg,true,True,False,False,1,0.9702,stage3,blue,light,none,none,none,none,large
stage4_003105.jpg,true,True,False,False,1,0.9593,stage4,red,none,sunny,none,none,mild_over,very_small
stage1_001010.jpg,true,True,False,False,1,0.9768,stage1,blue,none,none,none,none,none,large
stage2_004207.jpg,true,True,False,False,1,0.9584,stage2,red,none,none,none,none,none,very_small
stage2_004208.jpg,true,True,False,False,1,0.9714,stage2,blue,none,none,none,none,none,large
stage2_004210.jpg,false,False,False,False,0,0.0,stage2,none,none,none,none,none,none,none
stage3_002628.jpg,true,True,False,False,1,0.959,stage3,blue,none,none,none,none,none,small
stage4_003113.jpg,true,True,False,False,1,0.9658,stage4,blue,none,normal,none,none,normal,medium
stage2_004222.jpg,true,True,False,False,1,0.9518,stage2,red,none,none,none,none,none,small
stage2_004225.jpg,true,True,False,False,1,0.9628,stage2,red,none,none,none,none,none,medium
stage3_002634.jpg,true,True,False,False,1,0.9652,stage3,red,light,none,none,none,none,large
stage4_003117.jpg,true,True,False,False,1,0.9271,stage4,red,none,sunny,none,none,mild_over,small
stage3_002636.jpg,true,True,False,False,1,0.9678,stage3,red,none,none,none,none,none,large
stage4_003123.jpg,false,False,False,False,0,0.0,stage4,none,none,normal,none,none,normal,none
stage4_003125.jpg,true,True,False,False,1,0.974,stage4,blue,light,blur_light,none,none,mild_over,large
stage1_001016.jpg,true,True,False,False,1,0.9779,stage1,red,none,none,none,none,none,small
stage3_002642.jpg,true,True,False,False,1,0.9739,stage3,blue,none,none,none,none,none,large
stage4_003136.jpg,true,True,False,False,1,0.9704,stage4,blue,none,normal,none,none,normal,large
stage2_004251.jpg,true,True,False,False,1,0.9704,stage2,blue,none,none,none,none,none,medium
stage3_002647.jpg,true,True,False,False,1,0.973,stage3,blue,none,none,none,none,none,medium
stage1_001023.jpg,true,True,False,False,1,0.9725,stage1,blue,none,none,none,none,none,large
stage4_003144.jpg,true,True,False,False,1,0.9098,stage4,red,none,sunny,none,none,mild_over,very_small
stage2_004255.jpg,true,True,False,False,1,0.9551,stage2,blue,none,none,none,none,none,large
stage4_003147.jpg,true,True,False,False,1,0.9762,stage4,red,none,normal,none,none,normal,medium
stage4_003149.jpg,true,True,False,False,1,0.972,stage4,red,none,sunny,none,none,mild_over,large
stage4_003150.jpg,true,True,False,False,1,0.969,stage4,red,none,sunny,none,none,mild_over,large
stage4_003151.jpg,true,True,False,False,1,0.9694,stage4,red,none,normal,none,none,normal,large
stage2_004269.jpg,true,True,False,False,1,0.9726,stage2,red,none,none,none,none,none,medium
stage4_003161.jpg,true,True,False,False,1,0.9682,stage4,red,none,normal,none,none,normal,small
stage4_003168.jpg,false,False,False,False,0,0.0,stage4,none,none,normal,none,none,normal,none
stage4_003169.jpg,true,True,False,False,1,0.9703,stage4,blue,none,sunny,none,none,mild_over,medium
stage4_003180.jpg,true,True,False,False,1,0.9496,stage4,red,none,sunny,none,none,mild_over,medium
stage1_001036.jpg,true,True,False,False,1,0.9805,stage1,red,none,none,none,none,none,large
stage3_002675.jpg,true,True,False,False,1,0.9605,stage3,red,light,none,none,none,none,small
stage4_003191.jpg,true,True,False,False,1,0.9602,stage4,red,none,normal,none,none,normal,small
stage2_004303.jpg,true,True,False,False,1,0.9547,stage2,blue,none,none,none,none,none,medium
stage4_003195.jpg,true,True,False,False,1,0.968,stage4,blue,none,normal,none,none,normal,large
stage3_002690.jpg,true,True,False,False,1,0.9672,stage3,blue,light,none,none,none,none,large
stage4_003211.jpg,true,True,False,False,1,0.9703,stage4,red,none,sunny,none,none,mild_over,large
stage4_003218.jpg,false,False,False,False,0,0.0,stage4,none,none,shadow,medium,none,normal,none
stage1_001052.jpg,true,True,False,False,1,0.9531,stage1,red,none,none,none,none,none,very_small
stage3_002704.jpg,true,True,False,False,1,0.9705,stage3,red,none,none,none,none,none,large
stage4_003224.jpg,true,True,False,False,1,0.9764,stage4,blue,none,normal,none,none,normal,medium
stage4_003230.jpg,true,True,False,False,1,0.9626,stage4,red,none,normal,none,none,normal,large
stage4_003231.jpg,true,True,False,False,1,0.9706,stage4,red,none,normal,none,none,normal,medium
stage3_002713.jpg,true,True,False,False,1,0.9563,stage3,blue,medium,none,none,none,none,large
stage3_002716.jpg,true,True,False,False,1,0.9722,stage3,blue,medium,none,none,none,none,large
stage2_004364.jpg,true,True,False,False,1,0.964,stage2,blue,none,none,none,none,none,medium
stage2_004365.jpg,true,True,False,False,1,0.9231,stage2,red,none,none,none,none,none,very_small
stage3_002720.jpg,true,True,False,False,1,0.9726,stage3,blue,none,none,none,none,none,small
stage2_004368.jpg,true,True,False,False,1,0.9706,stage2,blue,none,none,none,none,none,large
stage2_004371.jpg,true,True,False,False,1,0.9685,stage2,red,none,none,none,none,none,medium
stage1_001062.jpg,true,True,False,False,1,0.9492,stage1,blue,none,none,none,none,none,large
stage4_003249.jpg,true,True,False,False,1,0.9718,stage4,blue,none,shadow,medium,none,normal,large
stage1_001065.jpg,true,True,False,False,1,0.965,stage1,red,none,none,none,none,none,small
stage4_003257.jpg,true,True,False,False,1,0.9788,stage4,red,none,normal,none,none,normal,small
stage2_004392.jpg,true,True,False,False,1,0.9729,stage2,blue,none,none,none,none,none,large
stage2_004399.jpg,true,True,False,False,1,0.979,stage2,red,none,none,none,none,none,large
stage2_004404.jpg,false,False,False,False,0,0.0,stage2,none,none,none,none,none,none,none
stage1_001072.jpg,false,False,False,False,0,0.0,stage1,none,none,none,none,none,none,none
stage4_003271.jpg,false,False,False,False,0,0.0,stage4,none,none,normal,none,none,normal,none
stage4_003273.jpg,true,True,False,False,1,0.9745,stage4,red,none,glare,none,medium,mild_over,small
stage1_001074.jpg,true,True,False,False,1,0.9719,stage1,blue,none,none,none,none,none,large
stage2_004421.jpg,true,True,False,False,1,0.9676,stage2,red,none,none,none,none,none,medium
stage2_004422.jpg,true,True,False,False,1,0.9678,stage2,red,none,none,none,none,none,medium
stage2_004428.jpg,true,True,False,False,1,0.9626,stage2,blue,none,none,none,none,none,small
stage3_002749.jpg,true,True,False,False,1,0.9717,stage3,red,none,none,none,none,none,medium
stage4_003281.jpg,true,True,False,False,1,0.9632,stage4,red,none,sunny,none,none,mild_over,medium
stage2_004436.jpg,true,True,False,False,1,0.972,stage2,blue,none,none,none,none,none,small
stage2_004444.jpg,true,True,False,False,1,0.9788,stage2,blue,none,none,none,none,none,medium
stage2_004451.jpg,false,False,False,False,0,0.0,stage2,none,none,none,none,none,none,none
stage2_004452.jpg,true,True,False,False,1,0.9703,stage2,blue,none,none,none,none,none,large
stage4_003290.jpg,true,True,False,False,1,0.9697,stage4,blue,none,normal,none,none,normal,large
stage4_003292.jpg,true,True,False,False,1,0.9675,stage4,blue,none,sunny,none,none,mild_over,small
stage4_003293.jpg,true,True,False,False,1,0.9644,stage4,blue,light,blur_light,none,none,mild_over,large
stage2_004461.jpg,false,False,False,False,0,0.0,stage2,none,none,none,none,none,none,none
stage4_003295.jpg,true,True,False,False,1,0.9507,stage4,red,none,sunny,none,none,mild_over,very_small
stage2_004462.jpg,true,True,False,False,1,0.9712,stage2,red,none,none,none,none,none,medium
stage4_003304.jpg,true,True,False,False,1,0.9619,stage4,blue,none,glare,none,medium,mild_over,large
stage4_003305.jpg,false,False,False,False,0,0.0,stage4,none,none,shadow,medium,none,normal,none
stage1_001081.jpg,true,True,False,False,1,0.9794,stage1,red,none,none,none,none,none,large
stage2_004478.jpg,false,False,False,False,0,0.0,stage2,none,none,none,none,none,none,none
stage1_001083.jpg,true,True,False,False,1,0.9747,stage1,blue,none,none,none,none,none,medium
stage2_004484.jpg,true,True,False,False,1,0.9687,stage2,red,none,none,none,none,none,medium
stage4_003316.jpg,true,True,False,False,1,0.9721,stage4,red,none,normal,none,none,normal,very_small
stage4_003335.jpg,true,True,False,False,1,0.96,stage4,blue,none,sunny,none,none,mild_over,medium
stage4_003336.jpg,true,True,False,False,1,0.9721,stage4,blue,none,normal,none,none,normal,large
stage3_002803.jpg,true,True,False,False,1,0.9641,stage3,red,light,none,none,none,none,medium
stage1_001091.jpg,true,True,False,False,1,0.9455,stage1,red,none,none,none,none,none,large
stage2_004537.jpg,true,True,False,False,1,0.9743,stage2,blue,none,none,none,none,none,large
stage2_004539.jpg,true,True,False,False,1,0.9627,stage2,blue,none,none,none,none,none,large
stage3_002817.jpg,true,True,False,False,1,0.9685,stage3,blue,light,none,none,none,none,medium
stage4_003344.jpg,false,False,False,False,0,0.0,stage4,none,none,normal,none,none,normal,none
stage1_001095.jpg,true,True,False,False,1,0.9556,stage1,blue,none,none,none,none,none,large
stage4_003347.jpg,true,True,False,False,1,0.9591,stage4,blue,none,normal,none,none,normal,large
stage2_004552.jpg,true,True,False,False,1,0.9642,stage2,red,none,none,none,none,none,medium
stage2_004553.jpg,true,True,False,False,1,0.9656,stage2,blue,none,none,none,none,none,large
stage3_002833.jpg,true,True,False,False,1,0.9731,stage3,red,light,none,none,none,none,large
stage4_003353.jpg,true,True,False,False,1,0.949,stage4,red,none,normal,none,none,normal,very_small
stage4_003357.jpg,true,True,False,False,1,0.9675,stage4,red,none,normal,none,none,normal,large
stage4_003362.jpg,true,True,False,False,1,0.9711,stage4,blue,none,normal,none,none,normal,medium
stage2_004591.jpg,false,False,False,False,0,0.0,stage2,none,none,none,none,none,none,none
stage4_003371.jpg,true,True,False,False,1,0.9672,stage4,blue,none,normal,none,none,normal,medium
stage2_004598.jpg,true,True,False,False,1,0.9702,stage2,red,none,none,none,none,none,medium
stage2_004599.jpg,false,False,False,False,0,0.0,stage2,none,none,none,none,none,none,none
stage2_004600.jpg,true,True,False,False,1,0.9689,stage2,red,none,none,none,none,none,medium
stage4_003375.jpg,true,True,False,False,1,0.9514,stage4,red,none,sunny,none,none,mild_over,small
stage3_002857.jpg,false,False,False,False,0,0.0,stage3,none,none,none,none,none,none,none
stage2_004613.jpg,true,True,False,False,1,0.978,stage2,blue,none,none,none,none,none,large
stage3_002860.jpg,true,True,False,False,1,0.9339,stage3,red,none,none,none,none,none,very_small
stage1_001109.jpg,true,True,False,False,1,0.9759,stage1,blue,none,none,none,none,none,large
stage4_003387.jpg,true,True,False,False,1,0.9637,stage4,blue,none,sunny,none,none,mild_over,medium
stage3_002867.jpg,true,True,False,False,1,0.9768,stage3,blue,none,none,none,none,none,medium
stage2_004630.jpg,false,False,False,False,0,0.0,stage2,none,none,none,none,none,none,none
stage3_002871.jpg,true,True,False,False,1,0.9661,stage3,red,none,none,none,none,none,small
stage4_003398.jpg,true,True,False,False,1,0.9494,stage4,blue,none,shadow,medium,none,normal,large
stage3_002878.jpg,true,True,False,False,1,0.9659,stage3,blue,light,none,none,none,none,large
stage1_001115.jpg,false,False,False,False,0,0.0,stage1,none,none,none,none,none,none,none
stage4_003401.jpg,true,True,False,False,1,0.9638,stage4,blue,none,sunny,none,none,mild_over,large
stage3_002881.jpg,true,True,False,False,1,0.9669,stage3,red,none,none,none,none,none,small
stage2_004647.jpg,true,True,False,False,1,0.9564,stage2,red,none,none,none,none,none,small
stage3_002883.jpg,true,True,False,False,1,0.9773,stage3,blue,none,none,none,none,none,large
stage1_001119.jpg,true,True,False,False,1,0.9681,stage1,blue,none,none,none,none,none,small
stage3_002888.jpg,true,True,False,False,1,0.9702,stage3,blue,none,none,none,none,none,medium
stage2_004664.jpg,true,True,False,False,1,0.9687,stage2,blue,none,none,none,none,none,small
stage1_001121.jpg,true,True,False,False,1,0.9731,stage1,blue,none,none,none,none,none,large
stage4_003425.jpg,true,True,False,False,1,0.9586,stage4,blue,none,normal,none,none,normal,small
stage2_004678.jpg,true,True,False,False,1,0.9651,stage2,blue,none,none,none,none,none,small
stage4_003434.jpg,true,True,False,False,1,0.9408,stage4,red,none,sunny,none,none,mild_over,very_small
stage1_001127.jpg,true,True,False,False,1,0.9698,stage1,blue,none,none,none,none,none,medium
stage3_002900.jpg,true,True,False,False,1,0.9404,stage3,blue,light,none,none,none,none,small
stage3_002905.jpg,true,True,False,False,1,0.9762,stage3,red,none,none,none,none,none,medium
stage2_004696.jpg,false,False,False,False,0,0.0,stage2,none,none,none,none,none,none,none
stage1_001132.jpg,true,True,False,False,1,0.9806,stage1,red,none,none,none,none,none,small
stage1_001133.jpg,true,True,False,False,1,0.9791,stage1,blue,none,none,none,none,none,medium
stage4_003446.jpg,true,True,False,False,1,0.9491,stage4,blue,light,blur_light,none,none,mild_over,medium
stage4_003447.jpg,false,False,False,False,0,0.0,stage4,none,none,shadow,medium,none,normal,none
stage4_003453.jpg,false,False,False,False,0,0.0,stage4,none,none,shadow,medium,none,normal,none
stage1_001135.jpg,true,True,False,False,1,0.9745,stage1,blue,none,none,none,none,none,large
stage3_002915.jpg,true,True,False,False,1,0.9691,stage3,red,light,none,none,none,none,medium
stage2_004712.jpg,true,True,False,False,1,0.9764,stage2,red,none,none,none,none,none,small
stage3_002916.jpg,true,True,False,False,1,0.9683,stage3,red,none,none,none,none,none,large
stage3_002918.jpg,true,True,False,False,1,0.9505,stage3,blue,light,none,none,none,none,large
stage2_004717.jpg,true,True,False,False,1,0.9732,stage2,blue,none,none,none,none,none,large
stage3_002920.jpg,false,False,False,False,0,0.0,stage3,none,none,none,none,none,none,none
stage4_003477.jpg,true,True,False,False,1,0.9769,stage4,blue,none,normal,none,none,normal,medium
stage4_003480.jpg,true,True,False,False,1,0.9738,stage4,blue,none,normal,none,none,normal,medium
stage2_004732.jpg,true,True,False,False,1,0.9649,stage2,red,none,none,none,none,none,medium
stage2_004740.jpg,true,True,False,False,1,0.9577,stage2,blue,none,none,none,none,none,small
stage2_004741.jpg,true,True,False,False,1,0.9656,stage2,red,none,none,none,none,none,medium
stage3_002931.jpg,true,True,False,False,1,0.9668,stage3,blue,light,none,none,none,none,medium
stage4_003495.jpg,true,True,False,False,1,0.9632,stage4,red,light,blur_light,medium,none,normal,medium
stage2_004749.jpg,false,False,False,False,0,0.0,stage2,none,none,none,none,none,none,none
stage4_003507.jpg,true,True,False,False,1,0.9544,stage4,blue,none,glare,none,medium,mild_over,large
stage4_003508.jpg,true,True,False,False,1,0.9549,stage4,red,none,normal,none,none,normal,very_small
stage3_002942.jpg,false,False,False,False,0,0.0,stage3,none,none,none,none,none,none,none
stage2_004763.jpg,false,False,False,False,0,0.0,stage2,none,none,none,none,none,none,none
stage3_002946.jpg,true,True,False,False,1,0.9784,stage3,red,medium,none,none,none,none,large
stage4_003515.jpg,true,True,False,False,1,0.9743,stage4,red,none,normal,none,none,normal,large
stage2_004771.jpg,true,True,False,False,1,0.9675,stage2,blue,none,none,none,none,none,large
stage2_004776.jpg,true,True,False,False,1,0.9764,stage2,red,none,none,none,none,none,medium
stage3_002953.jpg,true,True,False,False,1,0.9475,stage3,blue,light,none,none,none,none,small
stage3_002962.jpg,true,True,False,False,1,0.9402,stage3,red,none,none,none,none,none,small
stage2_004800.jpg,false,False,False,False,0,0.0,stage2,none,none,none,none,none,none,none
stage4_003539.jpg,true,True,False,False,1,0.9747,stage4,red,none,shadow,medium,none,normal,medium
stage4_003541.jpg,false,False,False,False,0,0.0,stage4,none,none,shadow,medium,none,normal,none
stage4_003546.jpg,true,True,False,False,1,0.9775,stage4,red,none,glare,none,medium,mild_over,medium
stage4_003548.jpg,true,True,False,False,1,0.975,stage4,blue,none,sunny,none,none,mild_over,medium
stage2_004813.jpg,true,True,False,False,1,0.9678,stage2,red,none,none,none,none,none,medium
stage3_002974.jpg,true,True,False,False,1,0.9571,stage3,red,none,none,none,none,none,very_small
stage3_002976.jpg,true,True,False,False,1,0.9771,stage3,red,none,none,none,none,none,large
stage1_001162.jpg,true,True,False,False,1,0.9606,stage1,blue,none,none,none,none,none,medium
stage2_004817.jpg,true,True,False,False,1,0.9673,stage2,red,none,none,none,none,none,medium
stage3_002979.jpg,true,True,False,False,1,0.967,stage3,blue,none,none,none,none,none,large
stage3_002980.jpg,true,True,False,False,1,0.9649,stage3,blue,light,none,none,none,none,small
stage3_002981.jpg,true,True,False,False,1,0.9781,stage3,red,light,none,none,none,none,large
stage3_002987.jpg,true,True,False,False,1,0.9651,stage3,blue,none,none,none,none,none,large
stage1_001165.jpg,false,False,False,False,0,0.0,stage1,none,none,none,none,none,none,none
stage1_001166.jpg,true,True,False,False,1,0.9772,stage1,red,none,none,none,none,none,small
stage3_002989.jpg,true,True,False,False,1,0.9504,stage3,blue,none,none,none,none,none,small
stage4_003563.jpg,false,False,False,False,0,0.0,stage4,none,none,shadow,medium,none,normal,none
stage2_004833.jpg,true,True,False,False,1,0.9742,stage2,red,none,none,none,none,none,small
stage3_002992.jpg,true,True,False,False,1,0.9712,stage3,red,light,none,none,none,none,large
stage4_003564.jpg,true,True,False,False,1,0.9679,stage4,red,none,normal,none,none,normal,medium
stage2_004836.jpg,true,True,False,False,1,0.9631,stage2,blue,none,none,none,none,none,large
stage2_004848.jpg,true,True,False,False,1,0.9683,stage2,red,none,none,none,none,none,large
stage2_004849.jpg,true,True,False,False,1,0.969,stage2,red,none,none,none,none,none,large
stage2_004851.jpg,true,True,False,False,1,0.973,stage2,blue,none,none,none,none,none,large
stage2_004852.jpg,true,True,False,False,1,0.95,stage2,red,none,none,none,none,none,medium
stage2_004855.jpg,true,True,False,False,1,0.9666,stage2,blue,none,none,none,none,none,medium
stage2_004864.jpg,true,True,False,False,1,0.9702,stage2,blue,none,none,none,none,none,medium
stage3_003008.jpg,true,True,False,False,1,0.9699,stage3,blue,light,none,none,none,none,large
stage2_004869.jpg,true,True,False,False,1,0.9564,stage2,red,none,none,none,none,none,medium
stage3_003013.jpg,true,True,False,False,1,0.9504,stage3,red,none,none,none,none,none,very_small
stage4_003597.jpg,true,True,False,False,1,0.9702,stage4,red,none,sunny,none,none,mild_over,small
stage3_003020.jpg,true,True,False,False,1,0.9632,stage3,red,light,none,none,none,none,medium
stage4_003604.jpg,true,True,False,False,1,0.9686,stage4,blue,none,shadow,light,none,normal,small
stage4_003608.jpg,false,False,False,False,0,0.0,stage4,none,none,sunny,none,none,mild_over,none
stage2_004898.jpg,true,True,False,False,1,0.9626,stage2,blue,none,none,none,none,none,large
stage4_003619.jpg,true,True,False,False,1,0.9529,stage4,red,none,normal,none,none,normal,very_small
stage2_004914.jpg,true,True,False,False,1,0.9766,stage2,blue,none,none,none,none,none,small
stage3_003038.jpg,true,True,False,False,1,0.9622,stage3,blue,none,none,none,none,none,large
stage2_004920.jpg,false,False,False,False,0,0.0,stage2,none,none,none,none,none,none,none
stage3_003040.jpg,true,True,False,False,1,0.9672,stage3,blue,none,none,none,none,none,large
stage4_003633.jpg,true,True,False,False,1,0.9408,stage4,red,light,blur_light,none,none,mild_over,medium
stage2_004926.jpg,true,True,False,False,1,0.9772,stage2,red,none,none,none,none,none,medium
stage3_003044.jpg,true,True,False,False,1,0.9622,stage3,blue,none,none,none,none,none,large
stage4_003638.jpg,false,False,False,False,0,0.0,stage4,none,none,normal,none,none,normal,none
stage1_001187.jpg,true,True,False,False,1,0.9787,stage1,blue,none,none,none,none,none,large
stage4_003640.jpg,true,True,False,False,1,0.9668,stage4,blue,none,normal,none,none,normal,large
stage3_003048.jpg,true,True,False,False,1,0.9647,stage3,red,medium,none,none,none,none,large
stage4_003646.jpg,true,True,False,False,1,0.9661,stage4,blue,light,blur_light,none,none,mild_over,large
stage4_003673.jpg,true,True,False,False,1,0.9655,stage4,red,none,sunny,none,none,mild_over,small
stage2_004966.jpg,true,True,False,False,1,0.9685,stage2,blue,none,none,none,none,none,large
stage3_003070.jpg,true,True,False,False,1,0.9642,stage3,blue,medium,none,none,none,none,large
stage3_003072.jpg,true,True,False,False,1,0.958,stage3,red,medium,none,none,none,none,small
stage2_004972.jpg,true,True,False,False,1,0.9729,stage2,red,none,none,none,none,none,medium
stage3_003073.jpg,true,True,False,False,1,0.9724,stage3,blue,light,none,none,none,none,large
stage2_004973.jpg,true,True,False,False,1,0.9641,stage2,blue,none,none,none,none,none,large
stage3_003074.jpg,false,False,False,False,0,0.0,stage3,none,none,none,none,none,none,none
stage4_003688.jpg,true,True,False,False,1,0.9665,stage4,red,none,sunny,none,none,mild_over,large
stage2_004981.jpg,true,True,False,False,1,0.9751,stage2,red,none,none,none,none,none,small
stage4_003700.jpg,true,True,False,False,1,0.9411,stage4,red,none,shadow,light,none,normal,very_small
stage4_003703.jpg,true,True,False,False,1,0.9729,stage4,red,none,glare,none,medium,mild_over,large
stage1_001207.jpg,true,True,False,False,1,0.9562,stage1,blue,none,none,none,none,none,large
stage4_003706.jpg,true,True,False,False,1,0.963,stage4,blue,none,normal,none,none,normal,large
stage2_005000.jpg,true,True,False,False,1,0.9693,stage2,blue,none,none,none,none,none,large
stage4_003709.jpg,true,True,False,False,1,0.9691,stage4,red,none,shadow,medium,none,normal,large
stage1_001208.jpg,true,True,False,False,1,0.9792,stage1,red,none,none,none,none,none,medium
stage1_001211.jpg,true,True,False,False,1,0.9795,stage1,red,none,none,none,none,none,large
stage3_003097.jpg,true,True,False,False,1,0.9643,stage3,blue,medium,none,none,none,none,large
stage3_003100.jpg,true,True,False,False,1,0.97,stage3,blue,light,none,none,none,none,large
stage2_005009.jpg,true,True,False,False,1,0.9747,stage2,red,none,none,none,none,none,medium
stage2_005012.jpg,true,True,False,False,1,0.9686,stage2,red,none,none,none,none,none,medium
stage4_003721.jpg,true,True,False,False,1,0.9618,stage4,red,none,normal,none,none,normal,small
stage2_005018.jpg,true,True,False,False,1,0.9707,stage2,red,none,none,none,none,none,large
stage2_005021.jpg,true,True,False,False,1,0.983,stage2,red,none,none,none,none,none,large
stage1_001217.jpg,true,True,False,False,1,0.9582,stage1,blue,none,none,none,none,none,small
stage4_003725.jpg,true,True,False,False,1,0.9608,stage4,blue,none,glare,none,medium,mild_over,large
stage1_001218.jpg,true,True,False,False,1,0.9668,stage1,blue,none,none,none,none,none,large
stage3_003112.jpg,true,True,False,False,1,0.9436,stage3,red,none,none,none,none,none,very_small
stage4_003732.jpg,true,True,False,False,1,0.9668,stage4,blue,none,normal,none,none,normal,small
stage4_003734.jpg,true,True,False,False,1,0.9748,stage4,red,none,normal,none,none,normal,large
stage3_003113.jpg,true,True,False,False,1,0.9718,stage3,blue,none,none,none,none,none,medium
stage4_003735.jpg,false,False,False,False,0,0.0,stage4,none,none,shadow,medium,none,normal,none
stage4_003738.jpg,true,True,False,False,1,0.9654,stage4,blue,none,normal,none,none,normal,large
stage2_005033.jpg,true,True,False,False,1,0.9704,stage2,blue,none,none,none,none,none,large
stage3_003121.jpg,true,True,False,False,1,0.9808,stage3,red,none,none,none,none,none,large
stage1_001223.jpg,true,True,False,False,1,0.9346,stage1,red,none,none,none,none,none,very_small
stage1_001224.jpg,true,True,False,False,1,0.9777,stage1,red,none,none,none,none,none,large
stage2_005055.jpg,true,True,False,False,1,0.9662,stage2,blue,none,none,none,none,none,large
stage2_005062.jpg,true,True,False,False,1,0.9678,stage2,blue,none,none,none,none,none,large
stage4_003764.jpg,true,True,False,False,1,0.9732,stage4,red,none,shadow,medium,none,normal,medium
stage3_003142.jpg,true,True,False,False,1,0.9626,stage3,blue,none,none,none,none,none,medium
stage4_003768.jpg,true,True,False,False,1,0.9477,stage4,red,none,shadow,light,none,normal,very_small
stage4_003772.jpg,true,True,False,False,1,0.9708,stage4,blue,none,normal,none,none,normal,small
stage2_005088.jpg,true,True,False,False,1,0.9736,stage2,blue,none,none,none,none,none,medium
stage4_003778.jpg,true,True,False,False,1,0.9601,stage4,blue,none,normal,none,none,normal,large
stage2_005095.jpg,true,True,False,False,1,0.9637,stage2,blue,none,none,none,none,none,medium
stage2_005098.jpg,true,True,False,False,1,0.9658,stage2,blue,none,none,none,none,none,medium
stage3_003161.jpg,true,True,False,False,1,0.9587,stage3,blue,none,none,none,none,none,medium
stage4_003787.jpg,true,True,False,False,1,0.9507,stage4,red,none,normal,none,none,normal,small
stage2_005107.jpg,true,True,False,False,1,0.9731,stage2,blue,none,none,none,none,none,medium
stage4_003791.jpg,true,True,False,False,1,0.9608,stage4,red,none,shadow,light,none,normal,very_small
stage3_003170.jpg,true,True,False,False,1,0.9612,stage3,red,light,none,none,none,none,medium
stage4_003796.jpg,true,True,False,False,1,0.9621,stage4,blue,none,normal,none,none,normal,very_small
stage3_003175.jpg,true,True,False,False,1,0.9788,stage3,red,none,none,none,none,none,medium
stage2_005129.jpg,true,True,False,False,1,0.9726,stage2,red,none,none,none,none,none,medium
stage3_003184.jpg,true,True,False,False,1,0.9681,stage3,blue,none,none,none,none,none,large
stage4_003808.jpg,true,True,False,False,1,0.9564,stage4,blue,light,blur_light,medium,none,normal,large
stage4_003817.jpg,true,True,False,False,1,0.9624,stage4,blue,light,blur_light,medium,none,normal,large
stage4_003819.jpg,true,True,False,False,1,0.9607,stage4,blue,none,shadow,light,none,normal,small
stage2_005144.jpg,false,False,False,False,0,0.0,stage2,none,none,none,none,none,none,none
stage4_003821.jpg,true,True,False,False,1,0.9645,stage4,blue,none,normal,none,none,normal,large
stage3_003203.jpg,true,True,False,False,1,0.9685,stage3,blue,light,none,none,none,none,medium
stage2_005159.jpg,true,True,False,False,1,0.9712,stage2,red,none,none,none,none,none,medium
stage2_005180.jpg,true,True,False,False,1,0.9711,stage2,blue,none,none,none,none,none,large
stage1_001258.jpg,true,True,False,False,1,0.9788,stage1,blue,none,none,none,none,none,large
stage2_005183.jpg,true,True,False,False,1,0.9695,stage2,red,none,none,none,none,none,large
stage2_005187.jpg,true,True,False,False,1,0.9666,stage2,blue,none,none,none,none,none,large
stage1_001263.jpg,true,True,False,False,1,0.9796,stage1,red,none,none,none,none,none,small
stage2_005193.jpg,true,True,False,False,1,0.9708,stage2,blue,none,none,none,none,none,large
stage2_005194.jpg,false,False,False,False,0,0.0,stage2,none,none,none,none,none,none,none
stage2_005196.jpg,false,False,False,False,0,0.0,stage2,none,none,none,none,none,none,none
stage1_001266.jpg,false,False,False,False,0,0.0,stage1,none,none,none,none,none,none,none
stage2_005214.jpg,false,False,False,False,0,0.0,stage2,none,none,none,none,none,none,none
stage3_003230.jpg,true,True,False,False,1,0.9641,stage3,blue,light,none,none,none,none,large
stage4_003873.jpg,true,True,False,False,1,0.9636,stage4,blue,none,shadow,medium,none,normal,large
stage4_003883.jpg,false,False,False,False,0,0.0,stage4,none,none,shadow,medium,none,normal,none
stage3_003243.jpg,false,False,False,False,0,0.0,stage3,none,light,none,none,none,none,none
stage3_003245.jpg,true,True,False,False,1,0.9192,stage3,blue,light,none,none,none,none,very_small
stage4_003892.jpg,true,True,False,False,1,0.9681,stage4,red,light,blur_light,none,none,mild_over,medium
stage2_005237.jpg,true,True,False,False,1,0.9678,stage2,blue,none,none,none,none,none,large
stage4_003899.jpg,true,True,False,False,1,0.9597,stage4,blue,none,glare,none,medium,mild_over,large
stage4_003901.jpg,true,True,False,False,1,0.9717,stage4,blue,none,glare,none,medium,mild_over,large
stage2_005249.jpg,true,True,False,False,1,0.9645,stage2,blue,none,none,none,none,none,large
stage2_005252.jpg,true,True,False,False,1,0.9694,stage2,blue,none,none,none,none,none,medium
stage2_005259.jpg,true,True,False,False,1,0.9708,stage2,red,none,none,none,none,none,medium
stage3_003271.jpg,true,True,False,False,1,0.9675,stage3,red,none,none,none,none,none,small
stage3_003273.jpg,true,True,False,False,1,0.969,stage3,red,none,none,none,none,none,very_small
stage3_003280.jpg,true,True,False,False,1,0.975,stage3,red,none,none,none,none,none,small
stage3_003291.jpg,true,True,False,False,1,0.9644,stage3,red,medium,none,none,none,none,large
stage3_003294.jpg,true,True,False,False,1,0.9694,stage3,red,light,none,none,none,none,medium
stage4_003933.jpg,true,True,False,False,1,0.9585,stage4,red,none,sunny,none,none,mild_over,large
stage4_003936.jpg,true,True,False,False,1,0.977,stage4,red,none,shadow,medium,none,normal,medium
stage1_001286.jpg,true,True,False,False,1,0.9452,stage1,blue,none,none,none,none,none,large
stage2_005306.jpg,true,True,False,False,1,0.9675,stage2,red,none,none,none,none,none,very_small
stage2_005319.jpg,true,True,False,False,1,0.9657,stage2,blue,none,none,none,none,none,small
stage4_003962.jpg,true,True,False,False,1,0.9756,stage4,blue,none,normal,none,none,normal,medium
stage4_003964.jpg,true,True,False,False,1,0.964,stage4,blue,none,glare,none,medium,mild_over,large
stage2_005328.jpg,true,True,False,False,1,0.9729,stage2,red,none,none,none,none,none,medium
stage1_001287.jpg,true,True,False,False,1,0.9779,stage1,red,none,none,none,none,none,medium
stage3_003318.jpg,true,True,False,False,1,0.9738,stage3,blue,light,none,none,none,none,medium
stage1_001289.jpg,true,True,False,False,1,0.9797,stage1,blue,none,none,none,none,none,medium
stage4_003977.jpg,true,True,False,False,1,0.9656,stage4,blue,none,glare,none,medium,mild_over,large
stage1_001292.jpg,true,True,False,False,1,0.9761,stage1,blue,none,none,none,none,none,large
stage2_005345.jpg,true,True,False,False,1,0.9575,stage2,blue,none,none,none,none,none,large
stage3_003349.jpg,true,True,False,False,1,0.9662,stage3,red,light,none,none,none,none,medium
stage3_003354.jpg,true,True,False,False,1,0.9676,stage3,blue,none,none,none,none,none,small
stage2_005370.jpg,true,True,False,False,1,0.9642,stage2,red,none,none,none,none,none,medium
stage4_004009.jpg,true,True,False,False,1,0.9666,stage4,red,none,glare,none,medium,mild_over,small
stage2_005381.jpg,false,False,False,False,0,0.0,stage2,none,none,none,none,none,none,none
stage3_003365.jpg,true,True,False,False,1,0.9683,stage3,blue,none,none,none,none,none,large
stage2_005384.jpg,true,True,False,False,1,0.9626,stage2,red,none,none,none,none,none,medium
stage3_003369.jpg,false,False,False,False,0,0.0,stage3,none,none,none,none,none,none,none
stage2_005391.jpg,false,False,False,False,0,0.0,stage2,none,none,none,none,none,none,none
stage3_003373.jpg,true,True,False,False,1,0.9599,stage3,red,none,none,none,none,none,very_small
stage2_005400.jpg,false,False,False,False,0,0.0,stage2,none,none,none,none,none,none,none
stage2_005403.jpg,true,True,False,False,1,0.9701,stage2,red,none,none,none,none,none,medium
stage4_004031.jpg,true,True,False,False,1,0.9737,stage4,blue,none,glare,none,medium,mild_over,large
stage2_005410.jpg,true,True,False,False,1,0.9618,stage2,blue,none,none,none,none,none,medium
stage2_005418.jpg,true,True,False,False,1,0.9673,stage2,blue,none,none,none,none,none,medium
stage3_003385.jpg,true,True,False,False,1,0.9739,stage3,red,none,none,none,none,none,medium
stage4_004038.jpg,true,True,False,False,1,0.9704,stage4,red,none,shadow,medium,none,normal,medium
stage2_005420.jpg,true,True,False,False,1,0.9635,stage2,blue,none,none,none,none,none,medium
stage4_004041.jpg,true,True,False,False,1,0.9569,stage4,red,none,shadow,light,none,normal,very_small
stage4_004042.jpg,true,True,False,False,1,0.9659,stage4,blue,none,sunny,none,none,mild_over,large
stage2_005434.jpg,true,True,False,False,1,0.9639,stage2,blue,none,none,none,none,none,large
stage4_004044.jpg,true,True,False,False,1,0.9709,stage4,red,none,normal,none,none,normal,medium
stage1_001321.jpg,true,True,False,False,1,0.978,stage1,blue,none,none,none,none,none,large
stage2_005457.jpg,true,True,False,False,1,0.972,stage2,blue,none,none,none,none,none,large
stage1_001324.jpg,true,True,False,False,1,0.9452,stage1,red,none,none,none,none,none,very_small
stage2_005466.jpg,true,True,False,False,1,0.9684,stage2,red,none,none,none,none,none,medium
stage1_001327.jpg,true,True,False,False,1,0.9696,stage1,red,none,none,none,none,none,large
stage3_003415.jpg,true,True,False,False,1,0.9651,stage3,blue,none,none,none,none,none,large
stage3_003416.jpg,true,True,False,False,1,0.9679,stage3,blue,light,none,none,none,none,large
stage3_003420.jpg,true,True,False,False,1,0.9563,stage3,red,light,none,none,none,none,small
stage2_005470.jpg,false,False,False,False,0,0.0,stage2,none,none,none,none,none,none,none
stage2_005472.jpg,true,True,False,False,1,0.968,stage2,blue,none,none,none,none,none,large
stage2_005484.jpg,false,False,False,False,0,0.0,stage2,none,none,none,none,none,none,none
stage3_003429.jpg,true,True,False,False,1,0.9085,stage3,red,light,none,none,none,none,small
stage2_005501.jpg,true,True,False,False,1,0.9666,stage2,blue,none,none,none,none,none,large
stage3_003433.jpg,true,True,False,False,1,0.9436,stage3,blue,light,none,none,none,none,small
stage3_003435.jpg,true,True,False,False,1,0.968,stage3,red,none,none,none,none,none,medium
stage4_004088.jpg,true,True,False,False,1,0.9668,stage4,blue,none,glare,none,medium,mild_over,large
stage2_005513.jpg,false,False,False,False,0,0.0,stage2,none,none,none,none,none,none,none
stage4_004093.jpg,true,True,False,False,1,0.9486,stage4,red,none,normal,none,none,normal,very_small
stage2_005515.jpg,true,True,False,False,1,0.9774,stage2,red,none,none,none,none,none,medium
stage3_003459.jpg,true,True,False,False,1,0.9543,stage3,red,none,none,none,none,none,large
stage4_004103.jpg,true,True,False,False,1,0.9679,stage4,blue,none,glare,none,medium,mild_over,large
stage4_004119.jpg,false,False,False,False,0,0.0,stage4,none,none,sunny,none,none,mild_over,none
stage4_004124.jpg,true,True,False,False,1,0.9733,stage4,red,none,shadow,medium,none,normal,medium
stage4_004125.jpg,true,True,False,False,1,0.9748,stage4,blue,none,sunny,none,none,mild_over,medium
stage2_005571.jpg,true,True,False,False,1,0.9788,stage2,red,none,none,none,none,none,medium
stage2_005577.jpg,true,True,False,False,1,0.9663,stage2,red,none,none,none,none,none,large
stage2_005589.jpg,true,True,False,False,1,0.9589,stage2,red,none,none,none,none,none,small
stage4_004143.jpg,true,True,False,False,1,0.9712,stage4,red,none,normal,none,none,normal,medium
stage3_003498.jpg,true,True,False,False,1,0.9695,stage3,blue,light,none,none,none,none,large
stage2_005613.jpg,true,True,False,False,1,0.9744,stage2,red,none,none,none,none,none,small
stage2_005625.jpg,false,False,False,False,0,0.0,stage2,none,none,none,none,none,none,none
stage2_005626.jpg,true,True,False,False,1,0.9775,stage2,red,none,none,none,none,none,medium
stage2_005627.jpg,false,False,False,False,0,0.0,stage2,none,none,none,none,none,none,none
stage2_005628.jpg,false,False,False,False,0,0.0,stage2,none,none,none,none,none,none,none
stage3_003504.jpg,true,True,False,False,1,0.9767,stage3,red,none,none,none,none,none,large
stage4_004158.jpg,true,True,False,False,1,0.9641,stage4,blue,none,sunny,none,none,mild_over,small
stage2_005635.jpg,true,True,False,False,1,0.9694,stage2,blue,none,none,none,none,none,large
stage4_004159.jpg,true,True,False,False,1,0.9669,stage4,blue,none,shadow,light,none,normal,medium
stage3_003516.jpg,true,True,False,False,1,0.8991,stage3,red,light,none,none,none,none,very_small
stage4_004168.jpg,true,True,False,False,1,0.9533,stage4,red,none,normal,none,none,normal,medium
stage2_005652.jpg,true,True,False,False,1,0.98,stage2,red,none,none,none,none,none,medium
stage4_004182.jpg,true,True,False,False,1,0.9628,stage4,blue,none,shadow,light,none,normal,medium
stage2_005673.jpg,true,True,False,False,1,0.9595,stage2,blue,none,none,none,none,none,large
stage3_003543.jpg,true,True,False,False,1,0.9298,stage3,red,light,none,none,none,none,very_small
stage3_003552.jpg,true,True,False,False,1,0.9674,stage3,blue,none,none,none,none,none,large
stage2_005689.jpg,false,False,False,False,0,0.0,stage2,none,none,none,none,none,none,none
stage2_005694.jpg,true,True,False,False,1,0.9688,stage2,blue,none,none,none,none,none,medium
stage4_004224.jpg,false,False,False,False,0,0.0,stage4,none,none,shadow,medium,none,normal,none
stage3_003571.jpg,true,True,False,False,1,0.9722,stage3,blue,none,none,none,none,none,large
stage3_003573.jpg,true,True,False,False,1,0.9698,stage3,blue,light,none,none,none,none,large
stage2_005727.jpg,false,False,False,False,0,0.0,stage2,none,none,none,none,none,none,none
stage3_003584.jpg,true,True,False,False,1,0.9704,stage3,red,medium,none,none,none,none,large
stage4_004250.jpg,true,True,False,False,1,0.9729,stage4,blue,none,sunny,none,none,mild_over,large
stage4_004253.jpg,true,True,False,False,1,0.9527,stage4,red,none,normal,none,none,normal,medium
stage4_004255.jpg,true,True,False,False,1,0.9678,stage4,blue,none,sunny,none,none,mild_over,large
stage2_005741.jpg,true,True,False,False,1,0.9596,stage2,red,none,none,none,none,none,medium
stage3_003589.jpg,true,True,False,False,1,0.9714,stage3,blue,none,none,none,none,none,medium
stage4_004262.jpg,true,True,False,False,1,0.968,stage4,blue,none,shadow,light,none,normal,medium
stage2_005751.jpg,true,True,False,False,1,0.9772,stage2,red,none,none,none,none,none,medium
stage2_005752.jpg,true,True,False,False,1,0.9594,stage2,blue,none,none,none,none,none,medium
stage2_005754.jpg,true,True,False,False,1,0.9677,stage2,blue,none,none,none,none,none,large
stage3_003599.jpg,false,False,False,False,0,0.0,stage3,none,none,none,none,none,none,none
stage4_004273.jpg,true,True,False,False,1,0.9653,stage4,blue,none,shadow,medium,none,normal,large
stage4_004277.jpg,false,False,False,False,0,0.0,stage4,none,none,normal,none,none,normal,none
stage4_004285.jpg,true,True,False,False,1,0.9653,stage4,blue,none,glare,none,medium,mild_over,large
stage4_004295.jpg,true,True,False,False,1,0.9706,stage4,red,none,sunny,none,none,mild_over,medium
stage4_004296.jpg,true,True,False,False,1,0.9686,stage4,blue,none,shadow,medium,none,normal,medium
stage4_004297.jpg,true,True,False,False,1,0.9674,stage4,blue,none,shadow,light,none,normal,medium
stage1_001399.jpg,true,True,False,False,1,0.9541,stage1,red,none,none,none,none,none,very_small
stage4_004304.jpg,false,False,False,False,0,0.0,stage4,none,none,shadow,medium,none,normal,none
stage3_003633.jpg,true,True,False,False,1,0.9706,stage3,blue,light,none,none,none,none,large
stage2_005800.jpg,true,True,False,False,1,0.9768,stage2,red,none,none,none,none,none,large
stage2_005810.jpg,true,True,False,False,1,0.973,stage2,red,none,none,none,none,none,medium
stage2_005811.jpg,true,True,False,False,1,0.9789,stage2,blue,none,none,none,none,none,very_small
stage4_004314.jpg,true,True,False,False,1,0.9702,stage4,red,none,shadow,medium,none,normal,large
stage1_001408.jpg,false,False,False,False,0,0.0,stage1,none,none,none,none,none,none,none
stage3_003652.jpg,true,True,False,False,1,0.9493,stage3,blue,light,none,none,none,none,small
stage4_004323.jpg,true,True,False,False,1,0.9594,stage4,blue,none,shadow,light,none,normal,small
stage3_003657.jpg,true,True,False,False,1,0.9537,stage3,red,medium,none,none,none,none,small
stage3_003658.jpg,true,True,False,False,1,0.8436,stage3,red,light,none,none,none,none,very_small
stage2_005837.jpg,true,True,False,False,1,0.9714,stage2,blue,none,none,none,none,none,medium
stage2_005839.jpg,true,True,False,False,1,0.9514,stage2,blue,none,none,none,none,none,large
stage4_004328.jpg,true,True,False,False,1,0.9708,stage4,red,none,normal,none,none,normal,large
stage2_005850.jpg,false,False,False,False,0,0.0,stage2,none,none,none,none,none,none,none
stage4_004333.jpg,true,True,False,False,1,0.9689,stage4,red,none,normal,none,none,normal,very_small
stage2_005865.jpg,true,True,False,False,1,0.9757,stage2,blue,none,none,none,none,none,medium
stage2_005877.jpg,true,True,False,False,1,0.9715,stage2,blue,none,none,none,none,none,medium
stage2_005880.jpg,true,True,False,False,1,0.9768,stage2,red,none,none,none,none,none,medium
stage4_004354.jpg,true,True,False,False,1,0.9665,stage4,blue,none,sunny,none,none,mild_over,medium
stage3_003685.jpg,true,True,False,False,1,0.9705,stage3,blue,none,none,none,none,none,medium
stage3_003687.jpg,true,True,False,False,1,0.9602,stage3,blue,none,none,none,none,none,large
stage4_004358.jpg,true,True,False,False,1,0.96,stage4,red,light,blur_light,none,none,mild_over,medium
stage2_005899.jpg,true,True,False,False,1,0.9775,stage2,red,none,none,none,none,none,large
stage4_004361.jpg,true,True,False,False,1,0.9687,stage4,blue,light,blur_light,medium,none,normal,large
stage3_003699.jpg,true,True,False,False,1,0.9252,stage3,red,none,none,none,none,none,very_small
stage2_005906.jpg,true,True,False,False,1,0.969,stage2,red,none,none,none,none,none,large
stage4_004371.jpg,true,True,False,False,1,0.9717,stage4,blue,none,normal,none,none,normal,medium
stage2_005918.jpg,true,True,False,False,1,0.9677,stage2,red,none,none,none,none,none,small
stage4_004375.jpg,true,True,False,False,1,0.9369,stage4,red,none,shadow,light,none,normal,small
stage4_004376.jpg,true,True,False,False,1,0.9354,stage4,blue,none,sunny,none,none,mild_over,medium
stage4_004378.jpg,true,True,False,False,1,0.9489,stage4,red,none,shadow,light,none,normal,very_small
stage2_005933.jpg,true,True,False,False,1,0.9452,stage2,red,none,none,none,none,none,medium
stage3_003716.jpg,false,False,False,False,0,0.0,stage3,none,light,none,none,none,none,none
stage4_004390.jpg,true,True,False,False,1,0.9787,stage4,red,none,glare,none,medium,mild_over,medium
stage2_005947.jpg,true,True,False,False,1,0.9685,stage2,red,none,none,none,none,none,medium
stage2_005951.jpg,true,True,False,False,1,0.9612,stage2,blue,none,none,none,none,none,large
stage2_005960.jpg,true,True,False,False,1,0.9686,stage2,blue,none,none,none,none,none,large
stage2_005962.jpg,true,True,False,False,1,0.9679,stage2,red,none,none,none,none,none,large
stage1_001435.jpg,true,True,False,False,1,0.9768,stage1,red,none,none,none,none,none,large
stage3_003733.jpg,true,True,False,False,1,0.9722,stage3,blue,light,none,none,none,none,medium
stage2_005972.jpg,true,True,False,False,1,0.9788,stage2,red,none,none,none,none,none,medium
stage2_005973.jpg,true,True,False,False,1,0.9707,stage2,blue,none,none,none,none,none,medium
stage2_005979.jpg,true,True,False,False,1,0.9721,stage2,blue,none,none,none,none,none,medium
stage4_004410.jpg,true,True,False,False,1,0.9774,stage4,red,none,normal,none,none,normal,medium
stage4_004420.jpg,true,True,False,False,1,0.9753,stage4,red,none,shadow,light,none,normal,small
stage3_003749.jpg,true,True,False,False,1,0.9343,stage3,red,light,none,none,none,none,very_small
stage4_004422.jpg,true,True,False,False,1,0.9761,stage4,red,none,shadow,medium,none,normal,medium
stage2_006010.jpg,true,True,False,False,1,0.9833,stage2,red,none,none,none,none,none,medium
stage2_006014.jpg,true,True,False,False,1,0.9644,stage2,red,none,none,none,none,none,large
stage3_003759.jpg,true,True,False,False,1,0.9729,stage3,red,none,none,none,none,none,medium
stage4_004430.jpg,true,True,False,False,1,0.9669,stage4,red,none,shadow,medium,none,normal,medium
stage3_003767.jpg,true,True,False,False,1,0.9713,stage3,blue,none,none,none,none,none,large
stage2_006035.jpg,false,False,False,False,0,0.0,stage2,none,none,none,none,none,none,none
stage3_003771.jpg,true,True,False,False,1,0.9625,stage3,blue,light,none,none,none,none,large
stage4_004441.jpg,true,True,False,False,1,0.9765,stage4,red,none,normal,none,none,normal,medium
stage2_006044.jpg,true,True,False,False,1,0.9703,stage2,red,none,none,none,none,none,large
stage2_006046.jpg,false,False,False,False,0,0.0,stage2,none,none,none,none,none,none,none
stage3_003782.jpg,true,True,False,False,1,0.9618,stage3,blue,medium,none,none,none,none,large
stage2_006057.jpg,true,True,False,False,1,0.9736,stage2,red,none,none,none,none,none,large
stage2_006061.jpg,true,True,False,False,1,0.97,stage2,blue,none,none,none,none,none,medium
stage3_003785.jpg,true,True,False,False,1,0.9682,stage3,red,light,none,none,none,none,medium
stage4_004458.jpg,true,True,False,False,1,0.9561,stage4,red,none,normal,none,none,normal,very_small
stage4_004460.jpg,true,True,False,False,1,0.9739,stage4,red,none,shadow,light,none,normal,small
stage2_006068.jpg,true,True,False,False,1,0.965,stage2,blue,none,none,none,none,none,large
stage1_001450.jpg,true,True,False,False,1,0.9725,stage1,blue,none,none,none,none,none,large
stage4_004461.jpg,true,True,False,False,1,0.9719,stage4,red,none,glare,none,medium,mild_over,medium
stage2_006070.jpg,true,True,False,False,1,0.9706,stage2,red,none,none,none,none,none,large
stage3_003797.jpg,true,True,False,False,1,0.9707,stage3,red,none,none,none,none,none,small
stage4_004476.jpg,true,True,False,False,1,0.9727,stage4,blue,light,blur_light,none,none,mild_over,large
stage2_006093.jpg,true,True,False,False,1,0.976,stage2,blue,none,none,none,none,none,large
stage2_006100.jpg,false,False,False,False,0,0.0,stage2,none,none,none,none,none,none,none
stage4_004486.jpg,true,True,False,False,1,0.9683,stage4,red,none,sunny,none,none,mild_over,medium
stage1_001458.jpg,true,True,False,False,1,0.9479,stage1,red,none,none,none,none,none,medium
stage2_006110.jpg,true,True,False,False,1,0.9678,stage2,red,none,none,none,none,none,large
stage2_006112.jpg,true,True,False,False,1,0.9712,stage2,red,none,none,none,none,none,medium
stage3_003818.jpg,true,True,False,False,1,0.9294,stage3,red,none,none,none,none,none,very_small
stage3_003822.jpg,true,True,False,False,1,0.9458,stage3,red,light,none,none,none,none,small
stage3_003823.jpg,true,True,False,False,1,0.9762,stage3,red,none,none,none,none,none,medium
stage2_006131.jpg,true,True,False,False,1,0.9323,stage2,red,none,none,none,none,none,medium
stage3_003829.jpg,true,True,False,False,1,0.9762,stage3,blue,medium,none,none,none,none,large
stage2_006142.jpg,true,True,False,False,1,0.9631,stage2,blue,none,none,none,none,none,large
stage3_003839.jpg,true,True,False,False,1,0.9493,stage3,red,light,none,none,none,none,small
stage2_006146.jpg,true,True,False,False,1,0.9732,stage2,blue,none,none,none,none,none,large
stage3_003841.jpg,true,True,False,False,1,0.9706,stage3,blue,none,none,none,none,none,large
stage2_006151.jpg,true,True,False,False,1,0.9059,stage2,red,none,none,none,none,none,very_small
stage4_004524.jpg,true,True,False,False,1,0.9762,stage4,blue,none,normal,none,none,normal,medium
stage4_004525.jpg,true,True,False,False,1,0.9312,stage4,red,none,sunny,none,none,mild_over,medium
stage2_006156.jpg,false,False,False,False,0,0.0,stage2,none,none,none,none,none,none,none
stage4_004529.jpg,true,True,False,False,1,0.9743,stage4,blue,none,sunny,none,none,mild_over,medium
stage3_003848.jpg,true,True,False,False,1,0.9813,stage3,red,none,none,none,none,none,very_small
stage4_004532.jpg,true,True,False,False,1,0.9712,stage4,blue,none,glare,none,medium,mild_over,medium
stage2_006169.jpg,true,True,False,False,1,0.9727,stage2,blue,none,none,none,none,none,medium
stage2_006175.jpg,false,False,False,False,0,0.0,stage2,none,none,none,none,none,none,none
stage4_004539.jpg,true,True,False,False,1,0.9665,stage4,blue,none,shadow,medium,none,normal,large
stage3_003863.jpg,true,True,False,False,1,0.9717,stage3,red,medium,none,none,none,none,large
stage4_004547.jpg,true,True,False,False,1,0.9784,stage4,red,none,shadow,medium,none,normal,medium
stage2_006184.jpg,true,True,False,False,1,0.9687,stage2,red,none,none,none,none,none,large
stage2_006187.jpg,true,True,False,False,1,0.9532,stage2,blue,none,none,none,none,none,large
stage3_003869.jpg,true,True,False,False,1,0.9646,stage3,blue,none,none,none,none,none,small
stage3_003875.jpg,true,True,False,False,1,0.9518,stage3,blue,light,none,none,none,none,small
stage4_004572.jpg,true,True,False,False,1,0.9635,stage4,blue,none,sunny,none,none,mild_over,medium
stage4_004573.jpg,true,True,False,False,1,0.9587,stage4,blue,none,sunny,none,none,mild_over,medium
stage3_003879.jpg,true,True,False,False,1,0.9666,stage3,red,light,none,none,none,none,medium
stage3_003880.jpg,false,False,False,False,0,0.0,stage3,none,light,none,none,none,none,none
stage4_004576.jpg,true,True,False,False,1,0.9721,stage4,blue,none,normal,none,none,normal,large
stage2_006229.jpg,true,True,False,False,1,0.9685,stage2,blue,none,none,none,none,none,large
stage4_004583.jpg,true,True,False,False,1,0.9683,stage4,red,none,normal,none,none,normal,large
stage3_003894.jpg,true,True,False,False,1,0.9775,stage3,blue,none,none,none,none,none,large
stage3_003895.jpg,true,True,False,False,1,0.9586,stage3,red,none,none,none,none,none,small
stage2_006236.jpg,false,False,False,False,0,0.0,stage2,none,none,none,none,none,none,none
stage3_003898.jpg,true,True,False,False,1,0.9452,stage3,blue,none,none,none,none,none,small
stage2_006244.jpg,true,True,False,False,1,0.9783,stage2,blue,none,none,none,none,none,large
stage1_001491.jpg,false,False,False,False,0,0.0,stage1,none,none,none,none,none,none,none
stage3_003904.jpg,true,True,False,False,1,0.9707,stage3,blue,light,none,none,none,none,large
stage1_001492.jpg,false,False,False,False,0,0.0,stage1,none,none,none,none,none,none,none
stage2_006264.jpg,true,True,False,False,1,0.9701,stage2,blue,none,none,none,none,none,large
stage2_006277.jpg,true,True,False,False,1,0.9568,stage2,blue,none,none,none,none,none,large
stage2_006286.jpg,true,True,False,False,1,0.9655,stage2,blue,none,none,none,none,none,large
stage3_003929.jpg,true,True,False,False,1,0.9636,stage3,red,none,none,none,none,none,medium
stage2_006288.jpg,true,True,False,False,1,0.9722,stage2,blue,none,none,none,none,none,medium
stage2_006290.jpg,true,True,False,False,1,0.9739,stage2,red,none,none,none,none,none,large
stage3_003931.jpg,true,True,False,False,1,0.9815,stage3,red,none,none,none,none,none,medium
stage2_006291.jpg,true,True,False,False,1,0.9685,stage2,blue,none,none,none,none,none,large
stage2_006293.jpg,true,True,False,False,1,0.9719,stage2,blue,none,none,none,none,none,large
stage3_003933.jpg,true,True,False,False,1,0.9134,stage3,red,light,none,none,none,none,very_small
stage2_006301.jpg,true,True,False,False,1,0.9783,stage2,red,none,none,none,none,none,medium
stage3_003936.jpg,false,False,False,False,0,0.0,stage3,none,none,none,none,none,none,none
stage4_004637.jpg,true,True,False,False,1,0.9683,stage4,red,none,normal,none,none,normal,medium
stage4_004642.jpg,true,True,False,False,1,0.9702,stage4,blue,none,normal,none,none,normal,small
stage2_006305.jpg,true,True,False,False,1,0.9739,stage2,red,none,none,none,none,none,medium
stage4_004646.jpg,true,True,False,False,1,0.9603,stage4,red,none,glare,none,medium,mild_over,medium
stage2_006307.jpg,true,True,False,False,1,0.9785,stage2,red,none,none,none,none,none,medium
stage4_004649.jpg,true,True,False,False,1,0.9685,stage4,blue,none,sunny,none,none,mild_over,large
stage2_006315.jpg,true,True,False,False,1,0.9723,stage2,blue,none,none,none,none,none,large
stage2_006320.jpg,true,True,False,False,1,0.9749,stage2,blue,none,none,none,none,none,large
stage2_006326.jpg,true,True,False,False,1,0.9809,stage2,red,none,none,none,none,none,medium
stage4_004662.jpg,true,True,False,False,1,0.9584,stage4,blue,none,sunny,none,none,mild_over,large
stage2_006328.jpg,true,True,False,False,1,0.9646,stage2,blue,none,none,none,none,none,large
stage2_006330.jpg,true,True,False,False,1,0.9696,stage2,blue,none,none,none,none,none,small
stage3_003955.jpg,true,True,False,False,1,0.9616,stage3,red,none,none,none,none,none,medium
stage1_001513.jpg,true,True,False,False,1,0.9743,stage1,red,none,none,none,none,none,medium
stage4_004673.jpg,true,True,False,False,1,0.963,stage4,red,none,normal,none,none,normal,small
stage3_003968.jpg,true,True,False,False,1,0.9559,stage3,blue,none,none,none,none,none,large
stage2_006343.jpg,true,True,False,False,1,0.9796,stage2,red,none,none,none,none,none,large
stage2_006346.jpg,true,True,False,False,1,0.9728,stage2,blue,none,none,none,none,none,large
stage2_006356.jpg,true,True,False,False,1,0.9713,stage2,red,none,none,none,none,none,large
stage3_003974.jpg,true,True,False,False,1,0.96,stage3,red,light,none,none,none,none,medium
stage1_001516.jpg,true,True,False,False,1,0.9748,stage1,red,none,none,none,none,none,medium
stage2_006364.jpg,true,True,False,False,1,0.9682,stage2,blue,none,none,none,none,none,medium
stage2_006374.jpg,false,False,False,False,0,0.0,stage2,none,none,none,none,none,none,none
stage2_006378.jpg,true,True,False,False,1,0.9584,stage2,red,none,none,none,none,none,small
stage4_004700.jpg,true,True,False,False,1,0.9712,stage4,blue,none,sunny,none,none,mild_over,large
stage2_006387.jpg,true,True,False,False,1,0.9769,stage2,blue,none,none,none,none,none,large
stage2_006407.jpg,true,True,False,False,1,0.9689,stage2,blue,none,none,none,none,none,medium
stage3_004005.jpg,true,True,False,False,1,0.9187,stage3,red,light,none,none,none,none,very_small
stage4_004718.jpg,true,True,False,False,1,0.9748,stage4,blue,none,normal,none,none,normal,large
stage3_004010.jpg,true,True,False,False,1,0.9735,stage3,blue,none,none,none,none,none,small
stage4_004722.jpg,false,False,False,False,0,0.0,stage4,none,none,normal,none,none,normal,none
stage1_001525.jpg,true,True,False,False,1,0.9752,stage1,red,none,none,none,none,none,large
stage4_004723.jpg,true,True,False,False,1,0.9496,stage4,red,none,shadow,medium,none,normal,medium
stage1_001527.jpg,true,True,False,False,1,0.961,stage1,blue,none,none,none,none,none,large
stage1_001528.jpg,true,True,False,False,1,0.9645,stage1,red,none,none,none,none,none,large
stage3_004014.jpg,true,True,False,False,1,0.9596,stage3,blue,light,none,none,none,none,medium
stage2_006430.jpg,true,True,False,False,1,0.9675,stage2,blue,none,none,none,none,none,very_small
stage2_006435.jpg,true,True,False,False,1,0.9739,stage2,red,none,none,none,none,none,medium
stage2_006436.jpg,true,True,False,False,1,0.9681,stage2,blue,none,none,none,none,none,large
stage3_004018.jpg,true,True,False,False,1,0.9614,stage3,blue,none,none,none,none,none,large
stage3_004019.jpg,true,True,False,False,1,0.9736,stage3,red,light,none,none,none,none,medium
stage3_004021.jpg,true,True,False,False,1,0.9694,stage3,blue,light,none,none,none,none,medium
stage1_001532.jpg,true,True,False,False,1,0.9711,stage1,blue,none,none,none,none,none,small
stage2_006446.jpg,true,True,False,False,1,0.9718,stage2,red,none,none,none,none,none,medium
stage2_006451.jpg,true,True,False,False,1,0.9695,stage2,blue,none,none,none,none,none,small
stage1_001537.jpg,true,True,False,False,1,0.9476,stage1,red,none,none,none,none,none,medium
stage2_006458.jpg,false,False,False,False,0,0.0,stage2,none,none,none,none,none,none,none
stage4_004741.jpg,true,True,False,False,1,0.9529,stage4,blue,light,blur_light,none,none,mild_over,large
stage2_006461.jpg,false,False,False,False,0,0.0,stage2,none,none,none,none,none,none,none
stage4_004760.jpg,true,True,False,False,1,0.9632,stage4,red,none,glare,none,medium,mild_over,medium
stage2_006481.jpg,true,True,False,False,1,0.9608,stage2,blue,none,none,none,none,none,medium
stage2_006483.jpg,true,True,False,False,1,0.9338,stage2,red,none,none,none,none,none,medium
stage2_006490.jpg,true,True,False,False,1,0.9704,stage2,blue,none,none,none,none,none,medium
stage4_004772.jpg,true,True,False,False,1,0.9655,stage4,red,none,glare,none,medium,mild_over,large
stage2_006491.jpg,false,False,False,False,0,0.0,stage2,none,none,none,none,none,none,none
stage1_001547.jpg,false,False,False,False,0,0.0,stage1,none,none,none,none,none,none,none
stage2_006496.jpg,true,True,False,False,1,0.9687,stage2,red,none,none,none,none,none,medium
stage2_006504.jpg,true,True,False,False,1,0.9712,stage2,blue,none,none,none,none,none,large
stage2_006516.jpg,true,True,False,False,1,0.9711,stage2,red,none,none,none,none,none,medium
stage2_006518.jpg,true,True,False,False,1,0.963,stage2,red,none,none,none,none,none,large
stage3_004069.jpg,true,True,False,False,1,0.9701,stage3,blue,none,none,none,none,none,large
stage2_006520.jpg,true,True,False,False,1,0.9658,stage2,blue,none,none,none,none,none,large
stage4_004804.jpg,true,True,False,False,1,0.9629,stage4,blue,none,normal,none,none,normal,large
stage2_006536.jpg,true,True,False,False,1,0.9739,stage2,blue,none,none,none,none,none,medium
stage2_006539.jpg,false,False,False,False,0,0.0,stage2,none,none,none,none,none,none,none
stage2_006573.jpg,true,True,False,False,1,0.9808,stage2,red,none,none,none,none,none,medium
stage2_006574.jpg,false,False,False,False,0,0.0,stage2,none,none,none,none,none,none,none
stage1_001562.jpg,true,True,False,False,1,0.9763,stage1,blue,none,none,none,none,none,large
stage4_004829.jpg,true,True,False,False,1,0.98,stage4,red,none,normal,none,none,normal,medium
stage4_004834.jpg,true,True,False,False,1,0.9751,stage4,blue,none,shadow,medium,none,normal,large
stage4_004835.jpg,true,True,False,False,1,0.9705,stage4,blue,none,normal,none,none,normal,large
stage4_004838.jpg,true,True,False,False,1,0.9697,stage4,red,none,shadow,medium,none,normal,large
stage3_004107.jpg,true,True,False,False,1,0.9716,stage3,blue,none,none,none,none,none,large
stage2_006589.jpg,false,False,False,False,0,0.0,stage2,none,none,none,none,none,none,none
stage4_004851.jpg,true,True,False,False,1,0.9737,stage4,blue,none,shadow,medium,none,normal,medium
stage2_006615.jpg,true,True,False,False,1,0.969,stage2,red,none,none,none,none,none,medium
stage2_006617.jpg,true,True,False,False,1,0.9796,stage2,red,none,none,none,none,none,medium
stage1_001567.jpg,true,True,False,False,1,0.9721,stage1,red,none,none,none,none,none,very_small
stage3_004126.jpg,true,True,False,False,1,0.9628,stage3,blue,none,none,none,none,none,large
stage2_006629.jpg,true,True,False,False,1,0.9563,stage2,red,none,none,none,none,none,medium
stage2_006635.jpg,true,True,False,False,1,0.9635,stage2,red,none,none,none,none,none,large
stage4_004878.jpg,true,True,False,False,1,0.9619,stage4,blue,none,shadow,medium,none,normal,large
stage4_004881.jpg,true,True,False,False,1,0.9704,stage4,red,none,shadow,medium,none,normal,medium
stage2_006652.jpg,true,True,False,False,1,0.9721,stage2,blue,none,none,none,none,none,medium
stage2_006654.jpg,true,True,False,False,1,0.9707,stage2,red,none,none,none,none,none,medium
stage4_004886.jpg,true,True,False,False,1,0.9728,stage4,blue,none,glare,none,medium,mild_over,large
stage4_004890.jpg,true,True,False,False,1,0.9784,stage4,red,none,shadow,medium,none,normal,large
stage3_004144.jpg,true,True,False,False,1,0.9644,stage3,blue,medium,none,none,none,none,medium
stage2_006668.jpg,false,False,False,False,0,0.0,stage2,none,none,none,none,none,none,none
stage2_006675.jpg,true,True,False,False,1,0.9752,stage2,red,none,none,none,none,none,medium
stage2_006680.jpg,true,True,False,False,1,0.9706,stage2,red,none,none,none,none,none,medium
stage1_001581.jpg,true,True,False,False,1,0.9758,stage1,red,none,none,none,none,none,large
stage4_004910.jpg,true,True,False,False,1,0.9652,stage4,red,none,glare,none,medium,mild_over,small
stage2_006696.jpg,true,True,False,False,1,0.9741,stage2,red,none,none,none,none,none,medium
stage2_006706.jpg,true,True,False,False,1,0.9742,stage2,red,none,none,none,none,none,medium
stage4_004925.jpg,true,True,False,False,1,0.9764,stage4,red,none,glare,none,medium,mild_over,large
stage1_001587.jpg,true,True,False,False,1,0.9777,stage1,red,none,none,none,none,none,small
stage2_006713.jpg,true,True,False,False,1,0.9654,stage2,red,none,none,none,none,none,medium
stage2_006716.jpg,true,True,False,False,1,0.9609,stage2,blue,none,none,none,none,none,medium
stage2_006720.jpg,true,True,False,False,1,0.961,stage2,blue,none,none,none,none,none,large
stage2_006723.jpg,false,False,False,False,0,0.0,stage2,none,none,none,none,none,none,none
stage2_006729.jpg,false,False,False,False,0,0.0,stage2,none,none,none,none,none,none,none
stage2_006732.jpg,true,True,False,False,1,0.936,stage2,red,none,none,none,none,none,medium
stage1_001594.jpg,true,True,False,False,1,0.9756,stage1,blue,none,none,none,none,none,large
stage3_004181.jpg,true,True,False,False,1,0.9677,stage3,blue,light,none,none,none,none,medium
stage2_006739.jpg,true,True,False,False,1,0.9661,stage2,blue,none,none,none,none,none,large
stage3_004185.jpg,true,True,False,False,1,0.905,stage3,blue,light,none,none,none,none,small
stage2_006743.jpg,true,True,False,False,1,0.9613,stage2,red,none,none,none,none,none,large
stage4_004954.jpg,true,True,False,False,1,0.9693,stage4,blue,light,blur_light,medium,none,normal,medium
stage1_001602.jpg,true,True,False,False,1,0.9737,stage1,red,none,none,none,none,none,small
stage4_004957.jpg,true,True,False,False,1,0.9653,stage4,red,none,shadow,medium,none,normal,medium
stage4_004966.jpg,true,True,False,False,1,0.9628,stage4,red,none,normal,none,none,normal,very_small
stage2_006766.jpg,false,False,False,False,0,0.0,stage2,none,none,none,none,none,none,none
stage3_004195.jpg,true,True,False,False,1,0.972,stage3,red,none,none,none,none,none,medium
stage4_004973.jpg,true,True,False,False,1,0.9722,stage4,red,none,shadow,medium,none,normal,medium
stage3_004200.jpg,true,True,False,False,1,0.9671,stage3,blue,none,none,none,none,none,large
stage4_004975.jpg,true,True,False,False,1,0.9595,stage4,red,light,blur_light,none,none,mild_over,medium
stage2_006782.jpg,true,True,False,False,1,0.9662,stage2,red,none,none,none,none,none,medium
stage3_004206.jpg,true,True,False,False,1,0.956,stage3,blue,none,none,none,none,none,large
stage3_004207.jpg,true,True,False,False,1,0.9691,stage3,blue,medium,none,none,none,none,medium
stage2_006787.jpg,true,True,False,False,1,0.9686,stage2,blue,none,none,none,none,none,large
stage2_006791.jpg,false,False,False,False,0,0.0,stage2,none,none,none,none,none,none,none
stage1_001608.jpg,true,True,False,False,1,0.9789,stage1,red,none,none,none,none,none,large
stage3_004210.jpg,true,True,False,False,1,0.956,stage3,red,none,none,none,none,none,large
stage3_004211.jpg,true,True,False,False,1,0.9542,stage3,blue,medium,none,none,none,none,large
stage4_004986.jpg,true,True,False,False,1,0.9636,stage4,blue,none,shadow,medium,none,normal,medium
stage4_004987.jpg,true,True,False,False,1,0.9737,stage4,blue,none,normal,none,none,normal,small
stage3_004212.jpg,true,True,False,False,1,0.9744,stage3,red,none,none,none,none,none,medium
stage3_004219.jpg,true,True,False,False,1,0.975,stage3,blue,none,none,none,none,none,medium
stage2_006809.jpg,false,False,False,False,0,0.0,stage2,none,none,none,none,none,none,none
stage4_004996.jpg,true,True,False,False,1,0.9573,stage4,blue,none,shadow,medium,none,normal,large
stage2_006816.jpg,true,True,False,False,1,0.9451,stage2,blue,none,none,none,none,none,very_small
stage3_004226.jpg,true,True,False,False,1,0.9659,stage3,blue,none,none,none,none,none,large
stage4_005001.jpg,true,True,False,False,1,0.9728,stage4,red,none,shadow,medium,none,normal,medium
stage1_001619.jpg,false,False,False,False,0,0.0,stage1,none,none,none,none,none,none,none
stage4_005018.jpg,true,True,False,False,1,0.9685,stage4,red,none,normal,none,none,normal,medium
stage1_001625.jpg,true,True,False,False,1,0.9768,stage1,blue,none,none,none,none,none,medium
stage1_001626.jpg,true,True,False,False,1,0.9461,stage1,red,none,none,none,none,none,medium
stage4_005035.jpg,true,True,False,False,1,0.9611,stage4,blue,none,sunny,none,none,mild_over,large
stage2_006853.jpg,false,False,False,False,0,0.0,stage2,none,none,none,none,none,none,none
stage2_006856.jpg,true,True,False,False,1,0.9674,stage2,red,none,none,none,none,none,medium
stage2_006857.jpg,false,False,False,False,0,0.0,stage2,none,none,none,none,none,none,none
stage1_001629.jpg,true,True,False,False,1,0.9822,stage1,blue,none,none,none,none,none,small
stage4_005046.jpg,true,True,False,False,1,0.9715,stage4,red,none,normal,none,none,normal,medium
stage2_006867.jpg,true,True,False,False,1,0.9549,stage2,blue,none,none,none,none,none,large
stage3_004261.jpg,true,True,False,False,1,0.9576,stage3,red,none,none,none,none,none,very_small
stage3_004262.jpg,true,True,False,False,1,0.9329,stage3,blue,none,none,none,none,none,small
stage4_005053.jpg,false,False,False,False,0,0.0,stage4,none,none,normal,none,none,normal,none
stage4_005054.jpg,true,True,False,False,1,0.961,stage4,blue,none,normal,none,none,normal,large
stage3_004274.jpg,true,True,False,False,1,0.9671,stage3,blue,none,none,none,none,none,large
stage3_004277.jpg,true,True,False,False,1,0.9801,stage3,red,none,none,none,none,none,medium
stage2_006896.jpg,true,True,False,False,1,0.9702,stage2,blue,none,none,none,none,none,medium
stage2_006899.jpg,true,True,False,False,1,0.9745,stage2,red,none,none,none,none,none,medium
stage2_006903.jpg,true,True,False,False,1,0.9687,stage2,blue,none,none,none,none,none,large
stage4_005068.jpg,true,True,False,False,1,0.9594,stage4,red,none,normal,none,none,normal,very_small
stage3_004283.jpg,false,False,False,False,0,0.0,stage3,none,none,none,none,none,none,none
stage2_006913.jpg,true,True,False,False,1,0.9379,stage2,blue,none,none,none,none,none,large
stage3_004287.jpg,true,True,False,False,1,0.9582,stage3,red,none,none,none,none,none,very_small
stage2_006920.jpg,true,True,False,False,1,0.9249,stage2,red,none,none,none,none,none,very_small
stage4_005076.jpg,false,False,False,False,0,0.0,stage4,none,none,normal,none,none,normal,none
stage1_001644.jpg,true,True,False,False,1,0.9313,stage1,blue,none,none,none,none,none,medium
stage2_006939.jpg,false,False,False,False,0,0.0,stage2,none,none,none,none,none,none,none
stage4_005093.jpg,true,True,False,False,1,0.9724,stage4,blue,none,shadow,light,none,normal,medium
stage2_006946.jpg,true,True,False,False,1,0.9753,stage2,red,none,none,none,none,none,large
stage4_005096.jpg,true,True,False,False,1,0.9722,stage4,blue,none,sunny,none,none,mild_over,large
stage2_006957.jpg,true,True,False,False,1,0.9624,stage2,blue,none,none,none,none,none,large
stage1_001648.jpg,true,True,False,False,1,0.9768,stage1,blue,none,none,none,none,none,large
stage4_005106.jpg,true,True,False,False,1,0.9686,stage4,blue,none,normal,none,none,normal,medium
stage2_006964.jpg,true,True,False,False,1,0.965,stage2,blue,none,none,none,none,none,large
stage2_006968.jpg,false,False,False,False,0,0.0,stage2,none,none,none,none,none,none,none
stage2_006970.jpg,true,True,False,False,1,0.9641,stage2,blue,none,none,none,none,none,large
stage2_006971.jpg,true,True,False,False,1,0.9683,stage2,blue,none,none,none,none,none,small
stage2_006972.jpg,true,True,False,False,1,0.9771,stage2,red,none,none,none,none,none,medium
stage2_006973.jpg,false,False,False,False,0,0.0,stage2,none,none,none,none,none,none,none
stage2_006978.jpg,true,True,False,False,1,0.9746,stage2,red,none,none,none,none,none,medium
stage4_005123.jpg,true,True,False,False,1,0.9621,stage4,blue,none,normal,none,none,normal,large
stage2_006992.jpg,true,True,False,False,1,0.9773,stage2,blue,none,none,none,none,none,large
stage2_006994.jpg,true,True,False,False,1,0.9717,stage2,red,none,none,none,none,none,large
stage4_005129.jpg,true,True,False,False,1,0.9619,stage4,blue,none,normal,none,none,normal,large
stage3_004318.jpg,true,True,False,False,1,0.9739,stage3,red,light,none,none,none,none,large
stage2_007010.jpg,true,True,False,False,1,0.967,stage2,blue,none,none,none,none,none,large
stage4_005140.jpg,true,True,False,False,1,0.9754,stage4,red,none,shadow,medium,none,normal,medium
stage4_005141.jpg,true,True,False,False,1,0.9716,stage4,red,none,glare,none,medium,mild_over,large
stage1_001655.jpg,true,True,False,False,1,0.9741,stage1,blue,none,none,none,none,none,medium
stage4_005144.jpg,true,True,False,False,1,0.9655,stage4,red,none,sunny,none,none,mild_over,medium
stage2_007016.jpg,true,True,False,False,1,0.9742,stage2,red,none,none,none,none,none,medium
stage4_005149.jpg,true,True,False,False,1,0.9712,stage4,red,none,normal,none,none,normal,medium
stage4_005156.jpg,true,True,False,False,1,0.9568,stage4,blue,none,shadow,medium,none,normal,large
stage2_007029.jpg,true,True,False,False,1,0.9735,stage2,red,none,none,none,none,none,large
stage2_007031.jpg,false,False,False,False,0,0.0,stage2,none,none,none,none,none,none,none
stage4_005163.jpg,true,True,False,False,1,0.9631,stage4,blue,none,normal,none,none,normal,large
stage2_007039.jpg,true,True,False,False,1,0.9631,stage2,blue,none,none,none,none,none,large
stage2_007041.jpg,true,True,False,False,1,0.9621,stage2,red,none,none,none,none,none,large
stage4_005175.jpg,true,True,False,False,1,0.9676,stage4,blue,light,blur_light,none,none,mild_over,large
stage4_005176.jpg,true,True,False,False,1,0.9736,stage4,blue,none,normal,none,none,normal,large
stage1_001661.jpg,true,True,False,False,1,0.9806,stage1,red,none,none,none,none,none,medium
stage2_007051.jpg,true,True,False,False,1,0.9725,stage2,blue,none,none,none,none,none,medium
stage2_007052.jpg,true,True,False,False,1,0.9751,stage2,red,none,none,none,none,none,large
stage3_004351.jpg,true,True,False,False,1,0.9781,stage3,red,medium,none,none,none,none,large
stage3_004361.jpg,false,False,False,False,0,0.0,stage3,none,light,none,none,none,none,none
stage4_005203.jpg,true,True,False,False,1,0.964,stage4,red,none,shadow,light,none,normal,small
stage2_007076.jpg,true,True,False,False,1,0.9282,stage2,blue,none,none,none,none,none,large
stage4_005205.jpg,true,True,False,False,1,0.9708,stage4,blue,none,sunny,none,none,mild_over,large
stage1_001671.jpg,true,True,False,False,1,0.9793,stage1,red,none,none,none,none,none,large
stage2_007083.jpg,true,True,False,False,1,0.9729,stage2,red,none,none,none,none,none,medium
stage2_007090.jpg,false,False,False,False,0,0.0,stage2,none,none,none,none,none,none,none
stage2_007106.jpg,true,True,False,False,1,0.9701,stage2,red,none,none,none,none,none,small
stage3_004375.jpg,true,True,False,False,1,0.9476,stage3,red,light,none,none,none,none,small
stage1_001679.jpg,true,True,False,False,1,0.9781,stage1,blue,none,none,none,none,none,large
stage3_004379.jpg,true,True,False,False,1,0.9707,stage3,red,medium,none,none,none,none,medium
stage4_005222.jpg,true,True,False,False,1,0.9668,stage4,blue,light,blur_light,none,none,mild_over,large
stage4_005227.jpg,true,True,False,False,1,0.9674,stage4,blue,none,sunny,none,none,mild_over,large
stage3_004383.jpg,false,False,False,False,0,0.0,stage3,none,none,none,none,none,none,none
stage2_007119.jpg,true,True,False,False,1,0.9741,stage2,blue,none,none,none,none,none,large
stage4_005248.jpg,true,True,False,False,1,0.9648,stage4,blue,none,sunny,none,none,mild_over,large
stage2_007144.jpg,true,True,False,False,1,0.9674,stage2,red,none,none,none,none,none,small
stage2_007150.jpg,false,False,False,False,0,0.0,stage2,none,none,none,none,none,none,none
stage3_004394.jpg,true,True,False,False,1,0.9602,stage3,blue,light,none,none,none,none,medium
stage3_004395.jpg,true,True,False,False,1,0.9807,stage3,blue,none,none,none,none,none,medium
stage2_007158.jpg,true,True,False,False,1,0.9723,stage2,red,none,none,none,none,none,medium
stage1_001696.jpg,true,True,False,False,1,0.9778,stage1,red,none,none,none,none,none,large
stage1_001699.jpg,true,True,False,False,1,0.9711,stage1,blue,none,none,none,none,none,large
stage2_007163.jpg,false,False,False,False,0,0.0,stage2,none,none,none,none,none,none,none
stage3_004413.jpg,true,True,False,False,1,0.9535,stage3,blue,light,none,none,none,none,large
stage4_005269.jpg,false,False,False,False,0,0.0,stage4,none,none,sunny,none,none,mild_over,none
stage2_007175.jpg,true,True,False,False,1,0.9766,stage2,blue,none,none,none,none,none,medium
stage3_004419.jpg,true,True,False,False,1,0.9787,stage3,red,light,none,none,none,none,small
stage2_007182.jpg,false,False,False,False,0,0.0,stage2,none,none,none,none,none,none,none
stage3_004427.jpg,true,True,False,False,1,0.9681,stage3,blue,light,none,none,none,none,large
stage2_007191.jpg,true,True,False,False,1,0.9815,stage2,red,none,none,none,none,none,large
stage2_007192.jpg,true,True,False,False,1,0.9573,stage2,blue,none,none,none,none,none,large
stage4_005281.jpg,false,False,False,False,0,0.0,stage4,none,none,shadow,medium,none,normal,none
stage2_007201.jpg,false,False,False,False,0,0.0,stage2,none,none,none,none,none,none,none
stage1_001710.jpg,true,True,False,False,1,0.9536,stage1,red,none,none,none,none,none,small
stage4_005289.jpg,true,True,False,False,1,0.9573,stage4,red,none,sunny,none,none,mild_over,large
stage4_005292.jpg,true,True,False,False,1,0.9567,stage4,blue,none,sunny,none,none,mild_over,small
stage3_004445.jpg,true,True,False,False,1,0.9719,stage3,blue,light,none,none,none,none,medium
stage4_005309.jpg,true,True,False,False,1,0.966,stage4,red,none,normal,none,none,normal,large
stage3_004450.jpg,true,True,False,False,1,0.9738,stage3,red,none,none,none,none,none,medium
stage1_001720.jpg,true,True,False,False,1,0.9753,stage1,blue,none,none,none,none,none,large
stage2_007233.jpg,true,True,False,False,1,0.9772,stage2,red,none,none,none,none,none,medium
stage4_005317.jpg,true,True,False,False,1,0.966,stage4,blue,light,blur_light,none,none,mild_over,large
stage2_007240.jpg,true,True,False,False,1,0.9713,stage2,blue,none,none,none,none,none,medium
stage2_007248.jpg,true,True,False,False,1,0.9754,stage2,blue,none,none,none,none,none,medium
stage4_005330.jpg,true,True,False,False,1,0.9712,stage4,blue,none,glare,none,medium,mild_over,medium
stage3_004464.jpg,true,True,False,False,1,0.974,stage3,red,none,none,none,none,none,medium
stage4_005344.jpg,true,True,False,False,1,0.9711,stage4,blue,none,normal,none,none,normal,medium
stage4_005349.jpg,true,True,False,False,1,0.9739,stage4,red,none,normal,none,none,normal,small
stage3_004477.jpg,true,True,False,False,1,0.9678,stage3,blue,none,none,none,none,none,large
stage3_004478.jpg,true,True,False,False,1,0.9585,stage3,blue,light,none,none,none,none,large
stage3_004479.jpg,true,True,False,False,1,0.9477,stage3,red,none,none,none,none,none,very_small
stage2_007287.jpg,true,True,False,False,1,0.9637,stage2,red,none,none,none,none,none,small
stage4_005359.jpg,true,True,False,False,1,0.965,stage4,red,none,normal,none,none,normal,medium
stage4_005360.jpg,true,True,False,False,1,0.9793,stage4,red,none,glare,none,medium,mild_over,medium
stage2_007292.jpg,true,True,False,False,1,0.9594,stage2,blue,none,none,none,none,none,large
stage3_004488.jpg,true,True,False,False,1,0.9712,stage3,blue,none,none,none,none,none,small
stage2_007296.jpg,true,True,False,False,1,0.9739,stage2,blue,none,none,none,none,none,small
stage1_001735.jpg,true,True,False,False,1,0.9747,stage1,red,none,none,none,none,none,small
stage2_007299.jpg,true,True,False,False,1,0.9543,stage2,blue,none,none,none,none,none,medium
stage4_005362.jpg,true,True,False,False,1,0.9642,stage4,red,none,shadow,medium,none,normal,medium
stage3_004495.jpg,false,False,False,False,0,0.0,stage3,none,light,none,none,none,none,none
stage3_004496.jpg,true,True,False,False,1,0.9629,stage3,blue,light,none,none,none,none,medium
stage1_001742.jpg,true,True,False,False,1,0.9733,stage1,red,none,none,none,none,none,medium
stage4_005374.jpg,true,True,False,False,1,0.9678,stage4,blue,none,glare,none,medium,mild_over,medium
stage3_004510.jpg,true,True,False,False,1,0.9761,stage3,red,none,none,none,none,none,medium
stage3_004516.jpg,true,True,False,False,1,0.9667,stage3,blue,light,none,none,none,none,large
stage1_001748.jpg,true,True,False,False,1,0.9746,stage1,blue,none,none,none,none,none,large
stage2_007327.jpg,true,True,False,False,1,0.9724,stage2,red,none,none,none,none,none,medium
stage3_004519.jpg,true,True,False,False,1,0.9666,stage3,red,light,none,none,none,none,medium
stage4_005393.jpg,true,True,False,False,1,0.9491,stage4,red,none,shadow,light,none,normal,small
stage2_007338.jpg,true,True,False,False,1,0.97,stage2,red,none,none,none,none,none,medium
stage4_005396.jpg,true,True,False,False,1,0.9688,stage4,blue,none,normal,none,none,normal,medium
stage3_004526.jpg,true,True,False,False,1,0.9716,stage3,red,none,none,none,none,none,large
stage4_005408.jpg,true,True,False,False,1,0.9654,stage4,blue,none,sunny,none,none,mild_over,medium
stage3_004531.jpg,true,True,False,False,1,0.9773,stage3,blue,none,none,none,none,none,large
stage3_004533.jpg,true,True,False,False,1,0.9672,stage3,red,light,none,none,none,none,medium
stage2_007359.jpg,true,True,False,False,1,0.9677,stage2,blue,none,none,none,none,none,medium
stage4_005416.jpg,true,True,False,False,1,0.9523,stage4,blue,light,blur_light,none,none,mild_over,large
stage2_007365.jpg,true,True,False,False,1,0.9802,stage2,red,none,none,none,none,none,small
stage2_007369.jpg,true,True,False,False,1,0.9734,stage2,red,none,none,none,none,none,small
stage2_007383.jpg,true,True,False,False,1,0.9687,stage2,red,none,none,none,none,none,large
stage4_005429.jpg,true,True,False,False,1,0.9705,stage4,blue,light,blur_light,none,none,mild_over,large
stage2_007387.jpg,true,True,False,False,1,0.9755,stage2,blue,none,none,none,none,none,large
stage4_005432.jpg,false,False,False,False,0,0.0,stage4,none,none,normal,none,none,normal,none
stage2_007396.jpg,true,True,False,False,1,0.9681,stage2,red,none,none,none,none,none,medium
stage4_005444.jpg,true,True,False,False,1,0.9636,stage4,blue,none,glare,none,medium,mild_over,large
stage2_007422.jpg,true,True,False,False,1,0.9625,stage2,blue,none,none,none,none,none,large
stage4_005470.jpg,false,False,False,False,0,0.0,stage4,none,none,shadow,medium,none,normal,none
stage4_005481.jpg,true,True,False,False,1,0.9806,stage4,red,none,glare,none,medium,mild_over,medium
stage4_005486.jpg,true,True,False,False,1,0.966,stage4,blue,none,normal,none,none,normal,medium
stage4_005487.jpg,true,True,False,False,1,0.9664,stage4,red,none,glare,none,medium,mild_over,medium
stage3_004584.jpg,true,True,False,False,1,0.9696,stage3,red,light,none,none,none,none,medium
stage3_004586.jpg,true,True,False,False,1,0.969,stage3,red,none,none,none,none,none,large
stage4_005490.jpg,true,True,False,False,1,0.9462,stage4,blue,none,shadow,medium,none,normal,large
stage4_005491.jpg,false,False,False,False,0,0.0,stage4,none,none,normal,none,none,normal,none
stage2_007470.jpg,false,False,False,False,0,0.0,stage2,none,none,none,none,none,none,none
stage2_007472.jpg,true,True,False,False,1,0.9718,stage2,blue,none,none,none,none,none,large
stage4_005494.jpg,false,False,False,False,0,0.0,stage4,none,none,normal,none,none,normal,none
stage2_007477.jpg,true,True,False,False,1,0.9511,stage2,blue,none,none,none,none,none,small
stage3_004595.jpg,true,True,False,False,1,0.9771,stage3,blue,none,none,none,none,none,small
stage3_004596.jpg,true,True,False,False,1,0.9718,stage3,blue,none,none,none,none,none,small
stage2_007503.jpg,true,True,False,False,1,0.9669,stage2,blue,none,none,none,none,none,large
stage2_007512.jpg,true,True,False,False,1,0.9669,stage2,red,none,none,none,none,none,medium
stage2_007522.jpg,true,True,False,False,1,0.9726,stage2,red,none,none,none,none,none,small
stage1_001795.jpg,true,True,False,False,1,0.9685,stage1,blue,none,none,none,none,none,medium
stage4_005526.jpg,true,True,False,False,1,0.9741,stage4,red,none,glare,none,medium,mild_over,medium
stage4_005536.jpg,true,True,False,False,1,0.9629,stage4,blue,none,sunny,none,none,mild_over,small
stage2_007542.jpg,false,False,False,False,0,0.0,stage2,none,none,none,none,none,none,none
stage4_005538.jpg,true,True,False,False,1,0.9787,stage4,red,none,sunny,none,none,mild_over,small
stage4_005539.jpg,true,True,False,False,1,0.9615,stage4,blue,none,sunny,none,none,mild_over,large
stage4_005540.jpg,true,True,False,False,1,0.9618,stage4,red,none,shadow,light,none,normal,small
stage2_007552.jpg,true,True,False,False,1,0.9747,stage2,red,none,none,none,none,none,medium
stage2_007570.jpg,true,True,False,False,1,0.9538,stage2,red,none,none,none,none,none,large
stage4_005558.jpg,true,True,False,False,1,0.9752,stage4,blue,none,sunny,none,none,mild_over,large
stage2_007572.jpg,true,True,False,False,1,0.9682,stage2,blue,none,none,none,none,none,small
stage1_001800.jpg,true,True,False,False,1,0.9798,stage1,red,none,none,none,none,none,medium
stage3_004643.jpg,true,True,False,False,1,0.967,stage3,blue,none,none,none,none,none,medium
stage2_007576.jpg,false,False,False,True,1,0.0,stage2,none,none,none,none,none,none,none
stage2_007581.jpg,true,True,False,False,1,0.9703,stage2,blue,none,none,none,none,none,large
stage1_001806.jpg,true,True,False,False,1,0.9629,stage1,blue,none,none,none,none,none,medium
stage2_007588.jpg,true,True,False,False,1,0.9687,stage2,blue,none,none,none,none,none,large
stage2_007590.jpg,true,True,False,False,1,0.9793,stage2,red,none,none,none,none,none,medium
stage3_004657.jpg,true,True,False,False,1,0.9762,stage3,red,none,none,none,none,none,large
stage2_007604.jpg,true,True,False,False,1,0.9724,stage2,blue,none,none,none,none,none,large
stage4_005587.jpg,false,False,False,False,0,0.0,stage4,none,none,normal,none,none,normal,none
stage4_005589.jpg,true,True,False,False,1,0.9688,stage4,red,none,shadow,light,none,normal,small
stage1_001816.jpg,true,True,False,False,1,0.9779,stage1,red,none,none,none,none,none,medium
stage4_005598.jpg,true,True,False,False,1,0.9702,stage4,blue,none,normal,none,none,normal,medium
stage4_005599.jpg,true,True,False,False,1,0.9655,stage4,blue,none,shadow,medium,none,normal,large
stage4_005606.jpg,true,True,False,False,1,0.9519,stage4,red,none,normal,none,none,normal,medium
stage3_004676.jpg,false,False,False,False,0,0.0,stage3,none,none,none,none,none,none,none
stage4_005607.jpg,true,True,False,False,1,0.9676,stage4,blue,none,shadow,medium,none,normal,large
stage4_005610.jpg,true,True,False,False,1,0.9685,stage4,red,none,glare,none,medium,mild_over,medium
stage4_005611.jpg,true,True,False,False,1,0.9652,stage4,red,none,sunny,none,none,mild_over,large
stage4_005612.jpg,true,True,False,False,1,0.9666,stage4,blue,none,glare,none,medium,mild_over,large
stage1_001823.jpg,true,True,False,False,1,0.9238,stage1,red,none,none,none,none,none,small
stage4_005615.jpg,true,True,False,False,1,0.977,stage4,red,none,glare,none,medium,mild_over,medium
stage4_005618.jpg,false,False,False,False,0,0.0,stage4,none,none,normal,none,none,normal,none
stage3_004690.jpg,true,True,False,False,1,0.9545,stage3,red,medium,none,none,none,none,small
stage1_001828.jpg,true,True,False,False,1,0.9717,stage1,red,none,none,none,none,none,small
stage2_007650.jpg,true,True,False,False,1,0.9698,stage2,blue,none,none,none,none,none,large
stage2_007653.jpg,true,True,False,False,1,0.963,stage2,blue,none,none,none,none,none,large
stage3_004695.jpg,true,True,False,False,1,0.9654,stage3,red,medium,none,none,none,none,large
stage4_005639.jpg,true,True,False,False,1,0.9711,stage4,blue,light,blur_light,none,none,mild_over,large
stage3_004702.jpg,true,True,False,False,1,0.9412,stage3,red,none,none,none,none,none,very_small
stage3_004706.jpg,true,True,False,False,1,0.9494,stage3,red,medium,none,none,none,none,small
stage2_007672.jpg,true,True,False,False,1,0.9794,stage2,red,none,none,none,none,none,large
stage4_005652.jpg,true,True,False,False,1,0.9605,stage4,blue,none,shadow,light,none,normal,medium
stage2_007681.jpg,true,True,False,False,1,0.9604,stage2,blue,none,none,none,none,none,large
stage2_007682.jpg,true,True,False,False,1,0.9662,stage2,blue,none,none,none,none,none,small
stage4_005656.jpg,true,True,False,False,1,0.9722,stage4,red,none,shadow,medium,none,normal,medium
stage1_001838.jpg,true,True,False,False,1,0.9328,stage1,blue,none,none,none,none,none,small
stage4_005665.jpg,false,False,False,False,0,0.0,stage4,none,none,normal,none,none,normal,none
stage2_007697.jpg,false,False,False,False,0,0.0,stage2,none,none,none,none,none,none,none
stage3_004726.jpg,true,True,False,False,1,0.9773,stage3,red,medium,none,none,none,none,large
stage2_007710.jpg,false,False,False,False,0,0.0,stage2,none,none,none,none,none,none,none
stage2_007711.jpg,true,True,False,False,1,0.9449,stage2,blue,none,none,none,none,none,medium
stage2_007714.jpg,false,False,False,False,0,0.0,stage2,none,none,none,none,none,none,none
stage1_001855.jpg,true,True,False,False,1,0.9734,stage1,red,none,none,none,none,none,small
stage2_007716.jpg,true,True,False,False,1,0.974,stage2,red,none,none,none,none,none,small
stage1_001857.jpg,true,True,False,False,1,0.9673,stage1,red,none,none,none,none,none,medium
stage4_005686.jpg,true,True,False,False,1,0.9696,stage4,blue,none,glare,none,medium,mild_over,large
stage2_007728.jpg,true,True,False,False,1,0.9679,stage2,red,none,none,none,none,none,medium
stage2_007731.jpg,false,False,False,False,0,0.0,stage2,none,none,none,none,none,none,none
stage1_001862.jpg,true,True,False,False,1,0.9476,stage1,blue,none,none,none,none,none,large
stage4_005694.jpg,true,True,False,False,1,0.9718,stage4,red,none,shadow,medium,none,normal,large
stage2_007748.jpg,false,False,False,False,0,0.0,stage2,none,none,none,none,none,none,none
stage4_005700.jpg,true,True,False,False,1,0.9308,stage4,red,none,shadow,light,none,normal,very_small
stage3_004752.jpg,true,True,False,False,1,0.9426,stage3,blue,light,none,none,none,none,small
stage2_007760.jpg,false,False,False,False,0,0.0,stage2,none,none,none,none,none,none,none
stage3_004754.jpg,true,True,False,False,1,0.9582,stage3,blue,none,none,none,none,none,large
stage1_001866.jpg,true,True,False,False,1,0.9327,stage1,blue,none,none,none,none,none,large
stage2_007770.jpg,true,True,False,False,1,0.9617,stage2,blue,none,none,none,none,none,large
stage3_004769.jpg,true,True,False,False,1,0.9704,stage3,red,medium,none,none,none,none,large
stage1_001868.jpg,true,True,False,False,1,0.9751,stage1,blue,none,none,none,none,none,medium
stage2_007774.jpg,true,True,False,False,1,0.9576,stage2,blue,none,none,none,none,none,large
stage4_005718.jpg,true,True,False,False,1,0.9703,stage4,blue,none,shadow,medium,none,normal,medium
stage4_005721.jpg,true,True,False,False,1,0.9689,stage4,red,none,normal,none,none,normal,medium
stage4_005725.jpg,true,True,False,False,1,0.9643,stage4,red,none,sunny,none,none,mild_over,small
stage3_004778.jpg,true,True,False,False,1,0.9572,stage3,blue,none,none,none,none,none,small
stage1_001875.jpg,true,True,False,False,1,0.9772,stage1,blue,none,none,none,none,none,large
stage2_007798.jpg,true,True,False,False,1,0.9751,stage2,red,none,none,none,none,none,medium
stage3_004788.jpg,true,True,False,False,1,0.9649,stage3,red,none,none,none,none,none,very_small
stage2_007803.jpg,true,True,False,False,1,0.971,stage2,blue,none,none,none,none,none,medium
stage2_007804.jpg,true,True,False,False,1,0.9749,stage2,blue,none,none,none,none,none,large
stage4_005738.jpg,true,True,False,False,1,0.9748,stage4,red,none,normal,none,none,normal,medium
stage3_004795.jpg,true,True,False,False,1,0.9579,stage3,red,none,none,none,none,none,medium
stage3_004804.jpg,true,True,False,False,1,0.9725,stage3,red,none,none,none,none,none,small
stage2_007843.jpg,false,False,False,False,0,0.0,stage2,none,none,none,none,none,none,none
stage3_004807.jpg,true,True,False,False,1,0.9596,stage3,blue,light,none,none,none,none,medium
stage4_005760.jpg,true,True,False,False,1,0.9396,stage4,red,none,normal,none,none,normal,very_small
stage4_005761.jpg,true,True,False,False,1,0.9633,stage4,blue,none,sunny,none,none,mild_over,medium
stage3_004814.jpg,true,True,False,False,1,0.9753,stage3,blue,light,none,none,none,none,large
stage2_007854.jpg,true,True,False,False,1,0.9754,stage2,red,none,none,none,none,none,medium
stage4_005764.jpg,true,True,False,False,1,0.9629,stage4,blue,none,sunny,none,none,mild_over,medium
stage2_007865.jpg,true,True,False,False,1,0.9653,stage2,red,none,none,none,none,none,very_small
stage2_007881.jpg,true,True,False,False,1,0.9695,stage2,blue,none,none,none,none,none,large
stage4_005776.jpg,true,True,False,False,1,0.96,stage4,blue,light,blur_light,medium,none,normal,large
stage2_007892.jpg,true,True,False,False,1,0.9697,stage2,blue,none,none,none,none,none,large
stage3_004829.jpg,true,True,False,False,1,0.972,stage3,red,light,none,none,none,none,small
stage4_005778.jpg,true,True,False,False,1,0.9752,stage4,red,none,sunny,none,none,mild_over,small
stage2_007903.jpg,true,True,False,False,1,0.9674,stage2,red,none,none,none,none,none,medium
stage4_005791.jpg,true,True,False,False,1,0.951,stage4,red,none,sunny,none,none,mild_over,small
stage2_007913.jpg,false,False,False,False,0,0.0,stage2,none,none,none,none,none,none,none
stage1_001898.jpg,true,True,False,False,1,0.9669,stage1,blue,none,none,none,none,none,large
stage4_005801.jpg,true,True,False,False,1,0.9672,stage4,blue,none,normal,none,none,normal,large
stage3_004859.jpg,false,False,False,False,0,0.0,stage3,none,none,none,none,none,none,none
stage4_005806.jpg,false,False,False,False,0,0.0,stage4,none,none,sunny,none,none,mild_over,none
stage1_001899.jpg,true,True,False,False,1,0.9737,stage1,blue,none,none,none,none,none,medium
stage3_004862.jpg,true,True,False,False,1,0.9721,stage3,red,none,none,none,none,none,medium
stage2_007936.jpg,true,True,False,False,1,0.9723,stage2,blue,none,none,none,none,none,large
stage3_004866.jpg,true,True,False,False,1,0.945,stage3,red,none,none,none,none,none,medium
stage3_004869.jpg,true,True,False,False,1,0.9673,stage3,red,light,none,none,none,none,medium
stage3_004877.jpg,true,True,False,False,1,0.976,stage3,blue,none,none,none,none,none,large
stage3_004880.jpg,true,True,False,False,1,0.9563,stage3,red,light,none,none,none,none,small
stage4_005812.jpg,true,True,False,False,1,0.9545,stage4,blue,none,normal,none,none,normal,large
stage2_007950.jpg,false,False,False,False,0,0.0,stage2,none,none,none,none,none,none,none
stage4_005818.jpg,true,True,False,False,1,0.964,stage4,red,none,normal,none,none,normal,very_small
stage3_004890.jpg,true,True,False,False,1,0.9686,stage3,red,none,none,none,none,none,large
stage3_004894.jpg,true,True,False,False,1,0.9329,stage3,red,none,none,none,none,none,large
stage2_007962.jpg,true,True,False,False,1,0.969,stage2,blue,none,none,none,none,none,large
stage4_005839.jpg,true,True,False,False,1,0.9455,stage4,red,none,normal,none,none,normal,medium
stage1_001912.jpg,false,False,False,False,0,0.0,stage1,none,none,none,none,none,none,none
stage2_007981.jpg,true,True,False,False,1,0.969,stage2,red,none,none,none,none,none,medium
stage2_007989.jpg,true,True,False,False,1,0.9601,stage2,blue,none,none,none,none,none,large
stage2_007997.jpg,false,False,False,False,0,0.0,stage2,none,none,none,none,none,none,none
stage1_001919.jpg,true,True,False,False,1,0.979,stage1,blue,none,none,none,none,none,large
stage4_005862.jpg,false,False,False,False,0,0.0,stage4,none,none,normal,none,none,normal,none
stage3_004922.jpg,true,True,False,False,1,0.9643,stage3,blue,light,none,none,none,none,medium
stage1_001921.jpg,true,True,False,False,1,0.9696,stage1,blue,none,none,none,none,none,large
stage2_008005.jpg,true,True,False,False,1,0.9797,stage2,red,none,none,none,none,none,medium
stage2_008008.jpg,true,True,False,False,1,0.9323,stage2,blue,none,none,none,none,none,medium
stage1_001922.jpg,true,True,False,False,1,0.9763,stage1,red,none,none,none,none,none,medium
stage4_005872.jpg,true,True,False,False,1,0.972,stage4,blue,none,normal,none,none,normal,large
stage3_004932.jpg,true,True,False,False,1,0.9803,stage3,red,light,none,none,none,none,medium
stage4_005875.jpg,true,True,False,False,1,0.9754,stage4,red,none,normal,none,none,normal,medium
stage3_004933.jpg,true,True,False,False,1,0.9682,stage3,blue,none,none,none,none,none,medium
stage4_005879.jpg,true,True,False,False,1,0.9736,stage4,red,none,normal,none,none,normal,medium
stage3_004934.jpg,true,True,False,False,1,0.9742,stage3,red,none,none,none,none,none,very_small
stage2_008034.jpg,true,True,False,False,1,0.971,stage2,blue,none,none,none,none,none,large
stage4_005882.jpg,true,True,False,False,1,0.971,stage4,red,none,normal,none,none,normal,large
stage3_004941.jpg,true,True,False,False,1,0.9672,stage3,blue,light,none,none,none,none,small
stage1_001927.jpg,true,True,False,False,1,0.9265,stage1,red,none,none,none,none,none,small
stage2_008044.jpg,true,True,False,False,1,0.9703,stage2,red,none,none,none,none,none,medium
stage4_005885.jpg,true,True,False,False,1,0.9761,stage4,red,none,shadow,light,none,normal,small
stage3_004950.jpg,true,True,False,False,1,0.949,stage3,red,medium,none,none,none,none,large
stage3_004951.jpg,true,True,False,False,1,0.9726,stage3,red,none,none,none,none,none,large
stage4_005887.jpg,true,True,False,False,1,0.9757,stage4,red,none,shadow,medium,none,normal,large
stage2_008049.jpg,true,True,False,False,1,0.9787,stage2,red,none,none,none,none,none,medium
stage3_004956.jpg,true,True,False,False,1,0.9791,stage3,blue,none,none,none,none,none,large
stage4_005896.jpg,false,False,False,False,0,0.0,stage4,none,none,shadow,medium,none,normal,none
stage3_004958.jpg,true,True,False,False,1,0.9381,stage3,red,light,none,none,none,none,small
stage3_004967.jpg,true,True,False,False,1,0.9643,stage3,blue,medium,none,none,none,none,large
stage2_008092.jpg,true,True,False,False,1,0.9665,stage2,red,none,none,none,none,none,large
stage2_008094.jpg,true,True,False,False,1,0.9493,stage2,blue,none,none,none,none,none,large
stage3_004969.jpg,true,True,False,False,1,0.9649,stage3,red,medium,none,none,none,none,large
stage2_008105.jpg,true,True,False,False,1,0.9746,stage2,blue,none,none,none,none,none,large
stage4_005922.jpg,true,True,False,False,1,0.9686,stage4,blue,none,shadow,medium,none,normal,large
stage2_008109.jpg,true,True,False,False,1,0.9618,stage2,red,none,none,none,none,none,medium
stage4_005929.jpg,true,True,False,False,1,0.9767,stage4,red,none,shadow,medium,none,normal,large
stage1_001939.jpg,true,True,False,False,1,0.9739,stage1,red,none,none,none,none,none,medium
stage3_004976.jpg,true,True,False,False,1,0.969,stage3,blue,none,none,none,none,none,medium
stage1_001941.jpg,true,True,False,False,1,0.957,stage1,red,none,none,none,none,none,medium
stage3_004978.jpg,true,True,False,False,1,0.9738,stage3,blue,medium,none,none,none,none,medium
stage3_004984.jpg,false,False,False,False,0,0.0,stage3,none,none,none,none,none,none,none
stage3_004985.jpg,true,True,False,False,1,0.9546,stage3,red,light,none,none,none,none,small
stage2_008130.jpg,false,False,False,False,0,0.0,stage2,none,none,none,none,none,none,none
stage2_008154.jpg,true,True,False,False,1,0.9572,stage2,blue,none,none,none,none,none,large
stage4_005955.jpg,true,True,False,False,1,0.9674,stage4,blue,none,normal,none,none,normal,large
stage2_008160.jpg,false,False,False,False,0,0.0,stage2,none,none,none,none,none,none,none
stage2_008161.jpg,false,False,False,False,0,0.0,stage2,none,none,none,none,none,none,none
stage3_005005.jpg,true,True,False,False,1,0.9637,stage3,red,none,none,none,none,none,large
stage2_008167.jpg,true,True,False,False,1,0.9607,stage2,blue,none,none,none,none,none,large
stage3_005009.jpg,true,True,False,False,1,0.9689,stage3,blue,none,none,none,none,none,medium
stage4_005968.jpg,true,True,False,False,1,0.954,stage4,blue,light,blur_light,none,none,mild_over,large
stage1_001953.jpg,true,True,False,False,1,0.9739,stage1,red,none,none,none,none,none,medium
stage3_005018.jpg,true,True,False,False,1,0.9687,stage3,blue,light,none,none,none,none,large
stage2_008191.jpg,true,True,False,False,1,0.9617,stage2,blue,none,none,none,none,none,medium
stage2_008192.jpg,false,False,False,False,0,0.0,stage2,none,none,none,none,none,none,none
stage2_008199.jpg,true,True,False,False,1,0.9623,stage2,red,none,none,none,none,none,small
stage3_005027.jpg,true,True,False,False,1,0.9403,stage3,red,none,none,none,none,none,very_small
stage2_008204.jpg,true,True,False,False,1,0.9633,stage2,red,none,none,none,none,none,large
stage2_008209.jpg,true,True,False,False,1,0.9636,stage2,red,none,none,none,none,none,small
stage3_005032.jpg,true,True,False,False,1,0.9743,stage3,blue,none,none,none,none,none,large
stage2_008216.jpg,true,True,False,False,1,0.9676,stage2,blue,none,none,none,none,none,large
stage3_005038.jpg,true,True,False,False,1,0.9546,stage3,blue,light,none,none,none,none,small
stage2_008220.jpg,true,True,False,False,1,0.97,stage2,red,none,none,none,none,none,large
stage2_008221.jpg,false,False,False,False,0,0.0,stage2,none,none,none,none,none,none,none
stage1_001964.jpg,false,False,False,False,0,0.0,stage1,none,none,none,none,none,none,none
stage3_005046.jpg,true,True,False,False,1,0.9462,stage3,red,light,none,none,none,none,small
stage2_008231.jpg,true,True,False,False,1,0.9674,stage2,blue,none,none,none,none,none,large
stage3_005050.jpg,true,True,False,False,1,0.9664,stage3,blue,light,none,none,none,none,large
stage2_008236.jpg,true,True,False,False,1,0.9621,stage2,blue,none,none,none,none,none,large
stage4_006014.jpg,true,True,False,False,1,0.9635,stage4,blue,none,normal,none,none,normal,large
stage3_005061.jpg,true,True,False,False,1,0.9827,stage3,red,none,none,none,none,none,medium
stage4_006017.jpg,true,True,False,False,1,0.9667,stage4,blue,none,glare,none,medium,mild_over,large
stage2_008246.jpg,true,True,False,False,1,0.9681,stage2,blue,none,none,none,none,none,medium
stage4_006023.jpg,true,True,False,False,1,0.9578,stage4,blue,none,shadow,medium,none,normal,large
stage4_006025.jpg,true,True,False,False,1,0.9645,stage4,red,none,shadow,medium,none,normal,large
stage1_001971.jpg,true,True,False,False,1,0.9778,stage1,blue,none,none,none,none,none,medium
stage1_001973.jpg,true,True,False,False,1,0.9275,stage1,blue,none,none,none,none,none,large
stage4_006028.jpg,true,True,False,False,1,0.9762,stage4,blue,none,normal,none,none,normal,large
stage2_008258.jpg,true,True,False,False,1,0.9608,stage2,blue,none,none,none,none,none,large
stage4_006030.jpg,true,True,False,False,1,0.9713,stage4,blue,none,normal,none,none,normal,medium
stage2_008261.jpg,true,True,False,False,1,0.9529,stage2,blue,none,none,none,none,none,large
stage4_006040.jpg,true,True,False,False,1,0.9492,stage4,red,none,shadow,light,none,normal,very_small
stage3_005070.jpg,false,False,False,False,0,0.0,stage3,none,light,none,none,none,none,none
stage2_008266.jpg,false,False,False,False,0,0.0,stage2,none,none,none,none,none,none,none
stage3_005076.jpg,true,True,False,False,1,0.9682,stage3,blue,medium,none,none,none,none,large
stage4_006051.jpg,true,True,False,False,1,0.97,stage4,blue,none,sunny,none,none,mild_over,medium
stage3_005078.jpg,true,True,False,False,1,0.9669,stage3,blue,none,none,none,none,none,medium
stage2_008287.jpg,true,True,False,False,1,0.9583,stage2,blue,none,none,none,none,none,large
stage3_005082.jpg,true,True,False,False,1,0.9692,stage3,red,none,none,none,none,none,medium
stage4_006058.jpg,true,True,False,False,1,0.9742,stage4,blue,none,sunny,none,none,mild_over,medium
stage2_008304.jpg,true,True,False,False,1,0.9658,stage2,red,none,none,none,none,none,large
stage2_008306.jpg,true,True,False,False,1,0.9701,stage2,red,none,none,none,none,none,medium
stage4_006071.jpg,false,False,False,False,0,0.0,stage4,none,none,sunny,none,none,mild_over,none
stage1_001989.jpg,true,True,False,False,1,0.9576,stage1,red,none,none,none,none,none,small
stage3_005091.jpg,true,True,False,False,1,0.9745,stage3,blue,light,none,none,none,none,large
stage2_008317.jpg,true,True,False,False,1,0.9745,stage2,red,none,none,none,none,none,small
stage2_008324.jpg,false,False,False,False,0,0.0,stage2,none,none,none,none,none,none,none
stage2_008335.jpg,true,True,False,False,1,0.9738,stage2,blue,none,none,none,none,none,medium
stage3_005101.jpg,true,True,False,False,1,0.9731,stage3,blue,none,none,none,none,none,large
stage2_008345.jpg,true,True,False,False,1,0.9767,stage2,red,none,none,none,none,none,medium
stage2_008355.jpg,true,True,False,False,1,0.9642,stage2,blue,none,none,none,none,none,small
stage1_001997.jpg,true,True,False,False,1,0.9613,stage1,blue,none,none,none,none,none,large
stage4_006102.jpg,true,True,False,False,1,0.9355,stage4,red,none,glare,none,medium,mild_over,large
stage3_005112.jpg,true,True,False,False,1,0.962,stage3,red,light,none,none,none,none,large
stage2_008362.jpg,true,True,False,False,1,0.9715,stage2,blue,none,none,none,none,none,large
stage4_006103.jpg,true,True,False,False,1,0.9684,stage4,red,none,normal,none,none,normal,medium
stage2_008366.jpg,true,True,False,False,1,0.9701,stage2,blue,none,none,none,none,none,large
stage4_006104.jpg,true,True,False,False,1,0.961,stage4,red,none,shadow,light,none,normal,small
stage1_002001.jpg,true,True,False,False,1,0.9744,stage1,blue,none,none,none,none,none,large
stage2_008372.jpg,true,True,False,False,1,0.9659,stage2,blue,none,none,none,none,none,large
stage2_008376.jpg,false,False,False,False,0,0.0,stage2,none,none,none,none,none,none,none
stage2_008377.jpg,true,True,False,False,1,0.9749,stage2,blue,none,none,none,none,none,large
stage2_008378.jpg,true,True,False,False,1,0.9626,stage2,blue,none,none,none,none,none,medium
stage2_008383.jpg,true,True,False,False,1,0.9568,stage2,blue,none,none,none,none,none,large
stage4_006124.jpg,true,True,False,False,1,0.9601,stage4,red,none,shadow,light,none,normal,very_small
stage4_006125.jpg,true,True,False,False,1,0.9703,stage4,blue,none,normal,none,none,normal,large
stage3_005132.jpg,true,True,False,False,1,0.9386,stage3,blue,medium,none,none,none,none,medium
stage4_006129.jpg,true,True,False,False,1,0.9743,stage4,red,none,shadow,medium,none,normal,medium
stage1_002015.jpg,true,True,False,False,1,0.9806,stage1,red,none,none,none,none,none,medium
stage4_006137.jpg,false,False,False,False,0,0.0,stage4,none,none,sunny,none,none,mild_over,none
stage3_005140.jpg,false,False,False,False,0,0.0,stage3,none,none,none,none,none,none,none
stage4_006144.jpg,true,True,False,False,1,0.9764,stage4,blue,none,sunny,none,none,mild_over,medium
stage2_008421.jpg,true,True,False,False,1,0.9612,stage2,blue,none,none,none,none,none,medium
stage1_002017.jpg,true,True,False,False,1,0.927,stage1,blue,none,none,none,none,none,large
stage3_005150.jpg,true,True,False,False,1,0.953,stage3,blue,none,none,none,none,none,large
stage3_005151.jpg,true,True,False,False,1,0.981,stage3,red,medium,none,none,none,none,large
stage2_008434.jpg,true,True,False,False,1,0.9655,stage2,blue,none,none,none,none,none,medium
stage4_006161.jpg,true,True,False,False,1,0.969,stage4,blue,none,normal,none,none,normal,large
stage3_005157.jpg,true,True,False,False,1,0.9658,stage3,red,medium,none,none,none,none,medium
stage4_006164.jpg,true,True,False,False,1,0.975,stage4,blue,none,sunny,none,none,mild_over,large
stage2_008451.jpg,false,False,False,False,0,0.0,stage2,none,none,none,none,none,none,none
stage2_008465.jpg,false,False,False,False,0,0.0,stage2,none,none,none,none,none,none,none
stage2_008468.jpg,true,True,False,False,1,0.9315,stage2,blue,none,none,none,none,none,large
stage3_005166.jpg,true,True,False,False,1,0.9719,stage3,blue,light,none,none,none,none,large
stage2_008478.jpg,true,True,False,False,1,0.9608,stage2,red,none,none,none,none,none,medium
stage2_008481.jpg,true,True,False,False,1,0.9801,stage2,red,none,none,none,none,none,large
stage4_006188.jpg,false,False,False,False,0,0.0,stage4,none,none,normal,none,none,normal,none
stage1_002029.jpg,true,True,False,False,1,0.9364,stage1,red,none,none,none,none,none,medium
stage2_008491.jpg,true,True,False,False,1,0.959,stage2,blue,none,none,none,none,none,small
stage2_008493.jpg,false,False,False,False,0,0.0,stage2,none,none,none,none,none,none,none
stage4_006191.jpg,true,True,False,False,1,0.9719,stage4,blue,light,blur_light,none,none,mild_over,large
stage4_006194.jpg,true,True,False,False,1,0.9614,stage4,red,none,glare,none,medium,mild_over,medium
stage3_005180.jpg,true,True,False,False,1,0.9684,stage3,red,light,none,none,none,none,large
stage4_006198.jpg,true,True,False,False,1,0.9718,stage4,red,none,glare,none,medium,mild_over,small
stage4_006205.jpg,true,True,False,False,1,0.934,stage4,blue,none,normal,none,none,normal,medium
stage2_008510.jpg,true,True,False,False,1,0.9743,stage2,red,none,none,none,none,none,small
stage3_005196.jpg,true,True,False,False,1,0.9607,stage3,blue,none,none,none,none,none,small
stage1_002040.jpg,false,False,False,False,0,0.0,stage1,none,none,none,none,none,none,none
stage2_008517.jpg,true,True,False,False,1,0.9737,stage2,red,none,none,none,none,none,very_small
stage1_002041.jpg,true,True,False,False,1,0.9686,stage1,blue,none,none,none,none,none,small
stage2_008524.jpg,true,True,False,False,1,0.9758,stage2,red,none,none,none,none,none,medium
stage1_002053.jpg,true,True,False,False,1,0.9449,stage1,red,none,none,none,none,none,small
stage2_008542.jpg,true,True,False,False,1,0.9687,stage2,blue,none,none,none,none,none,small
stage3_005224.jpg,false,False,False,False,0,0.0,stage3,none,none,none,none,none,none,none
stage1_002056.jpg,true,True,False,False,1,0.9508,stage1,blue,none,none,none,none,none,small
stage3_005231.jpg,true,True,False,False,1,0.9653,stage3,blue,none,none,none,none,none,medium
stage2_008558.jpg,true,True,False,False,1,0.9681,stage2,blue,none,none,none,none,none,small
stage2_008560.jpg,true,True,False,False,1,0.9792,stage2,blue,none,none,none,none,none,medium
stage3_005236.jpg,true,True,False,False,1,0.9492,stage3,red,light,none,none,none,none,small
stage2_008564.jpg,true,True,False,False,1,0.9646,stage2,blue,none,none,none,none,none,large
stage3_005241.jpg,true,True,False,False,1,0.9699,stage3,red,none,none,none,none,none,medium
stage2_008567.jpg,true,True,False,False,1,0.9666,stage2,red,none,none,none,none,none,large
stage4_006267.jpg,true,True,False,False,1,0.9442,stage4,red,none,sunny,none,none,mild_over,small
stage2_008570.jpg,true,True,False,False,1,0.9779,stage2,red,none,none,none,none,none,medium
stage3_005243.jpg,false,False,False,False,0,0.0,stage3,none,none,none,none,none,none,none
stage4_006270.jpg,true,True,False,False,1,0.9741,stage4,blue,none,shadow,light,none,normal,small
stage2_008589.jpg,true,True,False,False,1,0.9666,stage2,red,none,none,none,none,none,medium
stage2_008592.jpg,true,True,False,False,1,0.9694,stage2,red,none,none,none,none,none,large
stage1_002067.jpg,true,True,False,False,1,0.9768,stage1,red,none,none,none,none,none,very_small
stage4_006285.jpg,true,True,False,False,1,0.9617,stage4,blue,none,normal,none,none,normal,large
stage2_008595.jpg,true,True,False,False,1,0.9769,stage2,red,none,none,none,none,none,medium
stage2_008601.jpg,true,True,False,False,1,0.944,stage2,blue,none,none,none,none,none,large
stage4_006287.jpg,true,True,False,False,1,0.9632,stage4,red,none,normal,none,none,normal,large
stage4_006289.jpg,true,True,False,False,1,0.9671,stage4,red,none,shadow,medium,none,normal,large
stage4_006294.jpg,true,True,False,False,1,0.9696,stage4,blue,none,normal,none,none,normal,large
stage3_005268.jpg,true,True,False,False,1,0.9745,stage3,blue,none,none,none,none,none,large
stage2_008625.jpg,false,False,False,False,0,0.0,stage2,none,none,none,none,none,none,none
stage4_006305.jpg,true,True,False,False,1,0.9597,stage4,blue,light,blur_light,none,none,mild_over,large
stage4_006306.jpg,true,True,False,False,1,0.9591,stage4,blue,none,normal,none,none,normal,large
stage2_008645.jpg,true,True,False,False,1,0.9545,stage2,red,none,none,none,none,none,small
stage4_006309.jpg,true,True,False,False,1,0.9644,stage4,blue,none,shadow,medium,none,normal,large
stage3_005275.jpg,true,True,False,False,1,0.9511,stage3,blue,light,none,none,none,none,small
stage2_008654.jpg,true,True,False,False,1,0.978,stage2,red,none,none,none,none,none,medium
stage1_002090.jpg,true,True,False,False,1,0.9751,stage1,blue,none,none,none,none,none,large
stage1_002091.jpg,true,True,False,False,1,0.9765,stage1,red,none,none,none,none,none,small
stage1_002094.jpg,true,True,False,False,1,0.9795,stage1,red,none,none,none,none,none,medium
stage2_008667.jpg,true,True,False,False,1,0.9574,stage2,blue,none,none,none,none,none,large
stage2_008669.jpg,true,True,False,False,1,0.9736,stage2,red,none,none,none,none,none,medium
stage4_006323.jpg,true,True,False,False,1,0.9653,stage4,blue,none,shadow,medium,none,normal,medium
stage3_005292.jpg,true,True,False,False,1,0.9694,stage3,blue,none,none,none,none,none,large
stage2_008679.jpg,false,False,False,False,0,0.0,stage2,none,none,none,none,none,none,none
stage4_006336.jpg,true,True,False,False,1,0.9812,stage4,red,none,normal,none,none,normal,large
stage4_006339.jpg,false,False,False,False,0,0.0,stage4,none,none,normal,none,none,normal,none
stage2_008694.jpg,true,True,False,False,1,0.9673,stage2,blue,none,none,none,none,none,large
stage2_008696.jpg,true,True,False,False,1,0.9691,stage2,red,none,none,none,none,none,medium
stage3_005304.jpg,true,True,False,False,1,0.9797,stage3,red,none,none,none,none,none,medium
stage3_005305.jpg,true,True,False,False,1,0.9544,stage3,red,none,none,none,none,none,very_small
stage3_005307.jpg,true,True,False,False,1,0.9672,stage3,red,light,none,none,none,none,large
stage1_002110.jpg,true,True,False,False,1,0.9781,stage1,red,none,none,none,none,none,large
stage4_006349.jpg,true,True,False,False,1,0.9596,stage4,red,none,sunny,none,none,mild_over,medium
stage4_006351.jpg,true,True,False,False,1,0.9675,stage4,red,none,normal,none,none,normal,very_small
stage4_006354.jpg,true,True,False,False,1,0.9484,stage4,blue,light,blur_light,none,none,mild_over,large
stage2_008709.jpg,true,True,False,False,1,0.9628,stage2,blue,none,none,none,none,none,medium
stage2_008721.jpg,true,True,False,False,1,0.9689,stage2,blue,none,none,none,none,none,large
stage3_005327.jpg,true,True,False,False,1,0.9651,stage3,red,none,none,none,none,none,small
stage1_002124.jpg,true,True,False,False,1,0.97,stage1,red,none,none,none,none,none,medium
stage2_008730.jpg,false,False,False,False,0,0.0,stage2,none,none,none,none,none,none,none
stage3_005331.jpg,true,True,False,False,1,0.957,stage3,red,light,none,none,none,none,small
stage1_002126.jpg,true,True,False,False,1,0.9465,stage1,blue,none,none,none,none,none,medium
stage2_008732.jpg,true,True,False,False,1,0.9692,stage2,blue,none,none,none,none,none,large
stage3_005339.jpg,true,True,False,False,1,0.9738,stage3,blue,light,none,none,none,none,large
stage4_006384.jpg,true,True,False,False,1,0.9651,stage4,red,none,shadow,medium,none,normal,large
stage1_002130.jpg,true,True,False,False,1,0.9762,stage1,blue,none,none,none,none,none,large
stage2_008758.jpg,true,True,False,False,1,0.9772,stage2,red,none,none,none,none,none,small
stage2_008759.jpg,true,True,False,False,1,0.9701,stage2,red,none,none,none,none,none,medium
stage2_008761.jpg,false,False,False,False,0,0.0,stage2,none,none,none,none,none,none,none
stage2_008765.jpg,true,True,False,False,1,0.9668,stage2,red,none,none,none,none,none,medium
stage4_006393.jpg,true,True,False,False,1,0.9582,stage4,blue,none,glare,none,medium,mild_over,large
stage4_006397.jpg,true,True,False,False,1,0.9392,stage4,red,light,blur_light,none,none,mild_over,medium
stage1_002137.jpg,false,False,False,False,0,0.0,stage1,none,none,none,none,none,none,none
stage3_005349.jpg,true,True,False,False,1,0.9578,stage3,red,none,none,none,none,none,small
stage1_002142.jpg,true,True,False,False,1,0.9815,stage1,blue,none,none,none,none,none,medium
stage2_008789.jpg,true,True,False,False,1,0.9727,stage2,blue,none,none,none,none,none,large
stage2_008790.jpg,false,False,False,False,0,0.0,stage2,none,none,none,none,none,none,none
stage1_002143.jpg,true,True,False,False,1,0.9639,stage1,red,none,none,none,none,none,small
stage1_002144.jpg,true,True,False,False,1,0.9693,stage1,blue,none,none,none,none,none,large
stage2_008793.jpg,true,True,False,False,1,0.9725,stage2,red,none,none,none,none,none,medium
stage2_008794.jpg,true,True,False,False,1,0.9661,stage2,blue,none,none,none,none,none,medium
stage4_006413.jpg,true,True,False,False,1,0.9731,stage4,red,none,glare,none,medium,mild_over,medium
stage4_006416.jpg,true,True,False,False,1,0.9651,stage4,red,none,shadow,light,none,normal,very_small
stage2_008821.jpg,false,False,False,False,0,0.0,stage2,none,none,none,none,none,none,none
stage4_006422.jpg,true,True,False,False,1,0.9704,stage4,red,none,normal,none,none,normal,medium
stage4_006423.jpg,true,True,False,False,1,0.9717,stage4,red,none,sunny,none,none,mild_over,medium
stage2_008822.jpg,true,True,False,False,1,0.9636,stage2,blue,none,none,none,none,none,medium
stage4_006433.jpg,true,True,False,False,1,0.9624,stage4,red,none,normal,none,none,normal,small
stage2_008830.jpg,true,True,False,False,1,0.9738,stage2,red,none,none,none,none,none,small
stage4_006444.jpg,true,True,False,False,1,0.9729,stage4,red,none,sunny,none,none,mild_over,very_small
stage3_005404.jpg,true,True,False,False,1,0.9741,stage3,blue,none,none,none,none,none,large
stage2_008881.jpg,true,True,False,False,1,0.9653,stage2,blue,none,none,none,none,none,large
stage4_006467.jpg,true,True,False,False,1,0.9691,stage4,blue,none,shadow,light,none,normal,medium
stage2_008888.jpg,true,True,False,False,1,0.9601,stage2,red,none,none,none,none,none,medium
stage2_008893.jpg,false,False,False,False,0,0.0,stage2,none,none,none,none,none,none,none
stage4_006477.jpg,true,True,False,False,1,0.9346,stage4,blue,none,sunny,none,none,mild_over,small
stage4_006478.jpg,true,True,False,False,1,0.9646,stage4,red,light,blur_light,none,none,mild_over,large
stage4_006480.jpg,true,True,False,False,1,0.9697,stage4,red,none,normal,none,none,normal,small
stage3_005419.jpg,false,False,False,False,0,0.0,stage3,none,none,none,none,none,none,none
stage4_006487.jpg,true,True,False,False,1,0.975,stage4,red,none,sunny,none,none,mild_over,large
stage2_008903.jpg,true,True,False,False,1,0.9576,stage2,red,none,none,none,none,none,small
stage3_005433.jpg,true,True,False,False,1,0.9687,stage3,blue,medium,none,none,none,none,large
stage4_006494.jpg,true,True,False,False,1,0.9678,stage4,blue,none,sunny,none,none,mild_over,large
stage2_008917.jpg,false,False,False,False,0,0.0,stage2,none,none,none,none,none,none,none
stage2_008919.jpg,true,True,False,False,1,0.9685,stage2,red,none,none,none,none,none,medium
stage3_005442.jpg,true,True,False,False,1,0.9421,stage3,blue,none,none,none,none,none,medium
stage4_006501.jpg,true,True,False,False,1,0.9598,stage4,red,none,shadow,medium,none,normal,large
stage1_002171.jpg,true,True,False,False,1,0.9301,stage1,red,none,none,none,none,none,very_small
stage2_008924.jpg,true,True,False,False,1,0.9641,stage2,red,none,none,none,none,none,small
stage4_006503.jpg,true,True,False,False,1,0.9768,stage4,blue,none,shadow,medium,none,normal,medium
stage2_008929.jpg,true,True,False,False,1,0.9706,stage2,blue,none,none,none,none,none,large
stage2_008930.jpg,true,True,False,False,1,0.9556,stage2,blue,none,none,none,none,none,large
stage2_008939.jpg,true,True,False,False,1,0.9708,stage2,blue,none,none,none,none,none,large
stage1_002177.jpg,true,True,False,False,1,0.9639,stage1,red,none,none,none,none,none,medium
stage3_005461.jpg,true,True,False,False,1,0.9667,stage3,blue,none,none,none,none,none,medium
stage4_006524.jpg,true,True,False,False,1,0.9693,stage4,red,none,shadow,medium,none,normal,small
stage3_005464.jpg,true,True,False,False,1,0.9708,stage3,blue,light,none,none,none,none,large
stage2_008962.jpg,true,True,False,False,1,0.9715,stage2,red,none,none,none,none,none,medium
stage4_006535.jpg,true,True,False,False,1,0.9673,stage4,blue,none,normal,none,none,normal,large
stage1_002184.jpg,true,True,False,False,1,0.9497,stage1,red,none,none,none,none,none,small
stage2_009000.jpg,true,True,False,False,1,0.9745,stage2,red,none,none,none,none,none,medium
stage4_006553.jpg,true,True,False,False,1,0.965,stage4,blue,none,shadow,medium,none,normal,large
stage4_006560.jpg,false,False,False,False,0,0.0,stage4,none,none,shadow,medium,none,normal,none
stage3_005501.jpg,true,True,False,False,1,0.9719,stage3,red,light,none,none,none,none,medium
stage4_006564.jpg,true,True,False,False,1,0.9589,stage4,red,none,sunny,none,none,mild_over,very_small
stage2_009023.jpg,false,False,False,False,0,0.0,stage2,none,none,none,none,none,none,none
stage4_006567.jpg,true,True,False,False,1,0.9718,stage4,red,none,normal,none,none,normal,very_small
stage2_009025.jpg,true,True,False,False,1,0.963,stage2,blue,none,none,none,none,none,large
stage2_009027.jpg,true,True,False,False,1,0.9568,stage2,red,none,none,none,none,none,large
stage3_005511.jpg,true,True,False,False,1,0.9749,stage3,blue,light,none,none,none,none,large
stage4_006570.jpg,true,True,False,False,1,0.9677,stage4,red,none,normal,none,none,normal,large
stage2_009032.jpg,false,False,False,False,0,0.0,stage2,none,none,none,none,none,none,none
stage4_006572.jpg,true,True,False,False,1,0.9569,stage4,blue,none,glare,none,medium,mild_over,large
stage2_009038.jpg,true,True,False,False,1,0.9769,stage2,blue,none,none,none,none,none,medium
stage3_005516.jpg,true,True,False,False,1,0.9733,stage3,red,light,none,none,none,none,small
stage2_009044.jpg,true,True,False,False,1,0.9522,stage2,red,none,none,none,none,none,small
stage2_009046.jpg,true,True,False,False,1,0.9689,stage2,blue,none,none,none,none,none,medium
stage2_009047.jpg,true,True,False,False,1,0.9606,stage2,red,none,none,none,none,none,large
stage4_006584.jpg,false,False,False,False,0,0.0,stage4,none,none,normal,none,none,normal,none
stage4_006599.jpg,true,True,False,False,1,0.9702,stage4,red,light,blur_light,none,none,mild_over,large
stage2_009071.jpg,true,True,False,False,1,0.9692,stage2,blue,none,none,none,none,none,large
stage4_006601.jpg,true,True,False,False,1,0.9612,stage4,red,none,sunny,none,none,mild_over,medium
stage2_009077.jpg,true,True,False,False,1,0.9645,stage2,red,none,none,none,none,none,medium
stage2_009080.jpg,true,True,False,False,1,0.9585,stage2,blue,none,none,none,none,none,large
stage3_005541.jpg,true,True,False,False,1,0.9703,stage3,blue,medium,none,none,none,none,medium
stage1_002209.jpg,true,True,False,False,1,0.9754,stage1,blue,none,none,none,none,none,medium
stage4_006611.jpg,true,True,False,False,1,0.9644,stage4,blue,none,normal,none,none,normal,medium
stage1_002214.jpg,true,True,False,False,1,0.9632,stage1,red,none,none,none,none,none,very_small
stage4_006615.jpg,true,True,False,False,1,0.9653,stage4,red,none,glare,none,medium,mild_over,large
stage2_009090.jpg,false,False,False,False,0,0.0,stage2,none,none,none,none,none,none,none
stage2_009092.jpg,true,True,False,False,1,0.9298,stage2,blue,none,none,none,none,none,medium
stage3_005562.jpg,true,True,False,False,1,0.9817,stage3,blue,light,none,none,none,none,large
stage4_006631.jpg,true,True,False,False,1,0.9541,stage4,red,light,blur_light,none,none,mild_over,medium
stage2_009103.jpg,false,False,False,False,0,0.0,stage2,none,none,none,none,none,none,none
stage4_006632.jpg,true,True,False,False,1,0.9693,stage4,blue,none,normal,none,none,normal,large
stage2_009106.jpg,true,True,False,False,1,0.9773,stage2,red,none,none,none,none,none,medium
stage1_002223.jpg,false,False,False,False,0,0.0,stage1,none,none,none,none,none,none,none
stage2_009118.jpg,false,False,False,False,0,0.0,stage2,none,none,none,none,none,none,none
stage4_006647.jpg,true,True,False,False,1,0.9661,stage4,red,none,normal,none,none,normal,large
stage3_005584.jpg,true,True,False,False,1,0.9716,stage3,red,none,none,none,none,none,large
stage1_002230.jpg,true,True,False,False,1,0.9589,stage1,blue,none,none,none,none,none,medium
stage3_005588.jpg,true,True,False,False,1,0.9658,stage3,blue,light,none,none,none,none,large
stage3_005590.jpg,true,True,False,False,1,0.9696,stage3,red,none,none,none,none,none,large
stage3_005592.jpg,false,False,False,False,0,0.0,stage3,none,none,none,none,none,none,none
stage2_009136.jpg,true,True,False,False,1,0.9604,stage2,blue,none,none,none,none,none,large
stage2_009150.jpg,true,True,False,False,1,0.9682,stage2,red,none,none,none,none,none,medium
stage2_009153.jpg,true,True,False,False,1,0.9644,stage2,blue,none,none,none,none,none,medium
stage3_005605.jpg,true,True,False,False,1,0.9721,stage3,blue,none,none,none,none,none,medium
stage4_006674.jpg,true,True,False,False,1,0.9703,stage4,blue,none,shadow,medium,none,normal,large
stage3_005608.jpg,true,True,False,False,1,0.9585,stage3,red,none,none,none,none,none,very_small
stage1_002238.jpg,false,False,False,False,0,0.0,stage1,none,none,none,none,none,none,none
stage2_009158.jpg,true,True,False,False,1,0.9789,stage2,red,none,none,none,none,none,large
stage3_005616.jpg,true,True,False,False,1,0.9313,stage3,red,medium,none,none,none,none,small
stage4_006683.jpg,true,True,False,False,1,0.9402,stage4,red,none,sunny,none,none,mild_over,very_small
stage2_009178.jpg,false,False,False,False,0,0.0,stage2,none,none,none,none,none,none,none
stage3_005627.jpg,true,True,False,False,1,0.9367,stage3,red,none,none,none,none,none,small
stage1_002255.jpg,true,True,False,False,1,0.9798,stage1,blue,none,none,none,none,none,large
stage4_006705.jpg,true,True,False,False,1,0.9753,stage4,blue,none,normal,none,none,normal,large
stage3_005643.jpg,true,True,False,False,1,0.9455,stage3,red,light,none,none,none,none,small
stage4_006714.jpg,true,True,False,False,1,0.9731,stage4,red,none,sunny,none,none,mild_over,medium
stage2_009226.jpg,true,True,False,False,1,0.9555,stage2,red,none,none,none,none,none,small
stage4_006719.jpg,true,True,False,False,1,0.9692,stage4,red,none,shadow,medium,none,normal,medium
stage2_009232.jpg,true,True,False,False,1,0.9554,stage2,blue,none,none,none,none,none,large
stage2_009233.jpg,true,True,False,False,1,0.9752,stage2,blue,none,none,none,none,none,large
stage3_005654.jpg,true,True,False,False,1,0.9667,stage3,blue,none,none,none,none,none,large
stage2_009238.jpg,false,False,False,False,0,0.0,stage2,none,none,none,none,none,none,none
stage3_005659.jpg,true,True,False,False,1,0.9735,stage3,blue,medium,none,none,none,none,medium
stage4_006747.jpg,true,True,False,False,1,0.9647,stage4,red,none,normal,none,none,normal,large
stage2_009270.jpg,true,True,False,False,1,0.9595,stage2,blue,none,none,none,none,none,large
stage4_006752.jpg,true,True,False,False,1,0.9629,stage4,blue,none,shadow,light,none,normal,small
stage2_009272.jpg,true,True,False,False,1,0.9625,stage2,blue,none,none,none,none,none,small
stage1_002279.jpg,true,True,False,False,1,0.9721,stage1,red,none,none,none,none,none,small
stage3_005682.jpg,true,True,False,False,1,0.9759,stage3,red,none,none,none,none,none,small
stage3_005684.jpg,true,True,False,False,1,0.9716,stage3,blue,none,none,none,none,none,medium
stage2_009286.jpg,false,False,False,False,0,0.0,stage2,none,none,none,none,none,none,none
stage3_005689.jpg,true,True,False,False,1,0.9612,stage3,blue,light,none,none,none,none,medium
stage4_006769.jpg,true,True,False,False,1,0.969,stage4,blue,none,sunny,none,none,mild_over,medium
stage2_009296.jpg,false,False,False,False,0,0.0,stage2,none,none,none,none,none,none,none
stage3_005695.jpg,true,True,False,False,1,0.9638,stage3,blue,none,none,none,none,none,large
stage1_002283.jpg,true,True,False,False,1,0.9724,stage1,red,none,none,none,none,none,small
stage4_006785.jpg,true,True,False,False,1,0.9724,stage4,blue,none,normal,none,none,normal,large
stage3_005718.jpg,true,True,False,False,1,0.9649,stage3,red,none,none,none,none,none,large
stage2_009323.jpg,false,False,False,False,0,0.0,stage2,none,none,none,none,none,none,none
stage1_002288.jpg,true,True,False,False,1,0.9853,stage1,blue,none,none,none,none,none,small
stage2_009324.jpg,true,True,False,False,1,0.961,stage2,blue,none,none,none,none,none,medium
stage2_009329.jpg,true,True,False,False,1,0.9669,stage2,red,none,none,none,none,none,small
stage4_006807.jpg,true,True,False,False,1,0.9747,stage4,red,none,shadow,medium,none,normal,small
stage2_009334.jpg,true,True,False,False,1,0.9735,stage2,red,none,none,none,none,none,very_small
stage2_009346.jpg,true,True,False,False,1,0.9674,stage2,red,none,none,none,none,none,small
stage2_009349.jpg,true,True,False,False,1,0.9641,stage2,blue,none,none,none,none,none,large
stage2_009353.jpg,true,True,False,False,1,0.9714,stage2,blue,none,none,none,none,none,large
stage3_005737.jpg,true,True,False,False,1,0.978,stage3,red,light,none,none,none,none,small
stage2_009359.jpg,true,True,False,False,1,0.9713,stage2,blue,none,none,none,none,none,medium
stage4_006836.jpg,true,True,False,False,1,0.9759,stage4,red,none,normal,none,none,normal,medium
stage2_009371.jpg,true,True,False,False,1,0.9692,stage2,blue,none,none,none,none,none,medium
stage4_006842.jpg,true,True,False,False,1,0.9658,stage4,red,none,normal,none,none,normal,large
stage4_006845.jpg,true,True,False,False,1,0.9689,stage4,red,none,sunny,none,none,mild_over,medium
stage4_006848.jpg,true,True,False,False,1,0.9642,stage4,blue,light,blur_light,none,none,mild_over,large
stage4_006851.jpg,true,True,False,False,1,0.9619,stage4,red,none,shadow,light,none,normal,small
stage2_009389.jpg,true,True,False,False,1,0.9664,stage2,red,none,none,none,none,none,medium
stage1_002305.jpg,true,True,False,False,1,0.979,stage1,blue,none,none,none,none,none,small
stage4_006866.jpg,true,True,False,False,1,0.9729,stage4,red,none,normal,none,none,normal,medium
stage2_009416.jpg,true,True,False,False,1,0.9731,stage2,blue,none,none,none,none,none,large
stage4_006868.jpg,true,True,False,False,1,0.9649,stage4,blue,none,sunny,none,none,mild_over,medium
stage4_006870.jpg,true,True,False,False,1,0.9525,stage4,red,none,sunny,none,none,mild_over,very_small
stage3_005773.jpg,true,True,False,False,1,0.9647,stage3,blue,medium,none,none,none,none,large
stage2_009425.jpg,true,True,False,False,1,0.9481,stage2,red,none,none,none,none,none,large
stage2_009433.jpg,true,True,False,False,1,0.9628,stage2,red,none,none,none,none,none,very_small
stage2_009435.jpg,true,True,False,False,1,0.9695,stage2,red,none,none,none,none,none,large
stage4_006892.jpg,true,True,False,False,1,0.9529,stage4,red,none,shadow,medium,none,normal,small
stage3_005783.jpg,true,True,False,False,1,0.9692,stage3,red,medium,none,none,none,none,medium
stage4_006893.jpg,true,True,False,False,1,0.9639,stage4,red,none,sunny,none,none,mild_over,large
stage1_002317.jpg,true,True,False,False,1,0.9756,stage1,blue,none,none,none,none,none,large
stage2_009454.jpg,true,True,False,False,1,0.9595,stage2,red,none,none,none,none,none,medium
stage2_009458.jpg,true,True,False,False,1,0.9536,stage2,red,none,none,none,none,none,small
stage3_005790.jpg,true,True,False,False,1,0.9607,stage3,blue,medium,none,none,none,none,large
stage3_005793.jpg,true,True,False,False,1,0.9685,stage3,red,light,none,none,none,none,large
stage2_009462.jpg,true,True,False,False,1,0.9657,stage2,blue,none,none,none,none,none,large
stage3_005795.jpg,false,False,False,False,0,0.0,stage3,none,none,none,none,none,none,none
stage1_002319.jpg,true,True,False,False,1,0.9729,stage1,blue,none,none,none,none,none,large
stage2_009463.jpg,true,True,False,False,1,0.9735,stage2,blue,none,none,none,none,none,large
stage3_005802.jpg,false,False,False,False,0,0.0,stage3,none,light,none,none,none,none,none
stage2_009470.jpg,true,True,False,False,1,0.9675,stage2,red,none,none,none,none,none,medium
stage2_009474.jpg,true,True,False,False,1,0.9743,stage2,blue,none,none,none,none,none,large
stage2_009477.jpg,true,True,False,False,1,0.9617,stage2,blue,none,none,none,none,none,large
stage4_006914.jpg,true,True,False,False,1,0.9694,stage4,blue,none,normal,none,none,normal,large
stage4_006921.jpg,true,True,False,False,1,0.9601,stage4,blue,none,normal,none,none,normal,small
stage2_009485.jpg,true,True,False,False,1,0.9689,stage2,red,none,none,none,none,none,medium
stage4_006925.jpg,true,True,False,False,1,0.9581,stage4,blue,none,normal,none,none,normal,large
stage3_005816.jpg,true,True,False,False,1,0.9652,stage3,red,light,none,none,none,none,large
stage2_009493.jpg,true,True,False,False,1,0.9727,stage2,red,none,none,none,none,none,medium
stage2_009496.jpg,false,False,False,False,0,0.0,stage2,none,none,none,none,none,none,none
stage4_006940.jpg,true,True,False,False,1,0.9567,stage4,red,light,blur_light,none,none,mild_over,medium
stage4_006942.jpg,true,True,False,False,1,0.9642,stage4,red,none,normal,none,none,normal,small
stage4_006944.jpg,true,True,False,False,1,0.9654,stage4,red,none,normal,none,none,normal,medium
stage2_009510.jpg,true,True,False,False,1,0.9607,stage2,blue,none,none,none,none,none,large
stage2_009513.jpg,true,True,False,False,1,0.955,stage2,blue,none,none,none,none,none,very_small
stage3_005831.jpg,true,True,False,False,1,0.9653,stage3,blue,light,none,none,none,none,medium
stage4_006949.jpg,true,True,False,False,1,0.9132,stage4,red,none,sunny,none,none,mild_over,very_small
stage4_006951.jpg,true,True,False,False,1,0.9757,stage4,red,none,glare,none,medium,mild_over,large
stage2_009527.jpg,false,False,False,False,0,0.0,stage2,none,none,none,none,none,none,none
stage1_002336.jpg,true,True,False,False,1,0.9783,stage1,red,none,none,none,none,none,medium
stage4_006963.jpg,true,True,False,False,1,0.9819,stage4,red,none,normal,none,none,normal,large
stage3_005843.jpg,true,True,False,False,1,0.9656,stage3,blue,light,none,none,none,none,large
stage4_006973.jpg,false,False,False,False,0,0.0,stage4,none,none,normal,none,none,normal,none
stage1_002339.jpg,true,True,False,False,1,0.9815,stage1,red,none,none,none,none,none,small
stage4_006977.jpg,true,True,False,False,1,0.9707,stage4,blue,none,shadow,light,none,normal,medium
stage3_005851.jpg,false,False,False,False,0,0.0,stage3,none,light,none,none,none,none,none
stage3_005852.jpg,true,True,False,False,1,0.9649,stage3,blue,none,none,none,none,none,medium
stage3_005853.jpg,true,True,False,False,1,0.9609,stage3,blue,medium,none,none,none,none,large
stage4_006980.jpg,false,False,False,False,0,0.0,stage4,none,none,normal,none,none,normal,none
stage3_005857.jpg,true,True,False,False,1,0.9764,stage3,blue,none,none,none,none,none,small
stage2_009565.jpg,true,True,False,False,1,0.968,stage2,red,none,none,none,none,none,medium
stage2_009570.jpg,false,False,False,False,0,0.0,stage2,none,none,none,none,none,none,none
stage2_009572.jpg,true,True,False,False,1,0.9592,stage2,red,none,none,none,none,none,very_small
stage3_005869.jpg,true,True,False,False,1,0.9722,stage3,red,none,none,none,none,none,small
stage4_007007.jpg,true,True,False,False,1,0.9792,stage4,red,none,shadow,medium,none,normal,small
stage2_009595.jpg,false,False,False,False,0,0.0,stage2,none,none,none,none,none,none,none
stage4_007019.jpg,false,False,False,True,1,0.0,stage4,none,none,normal,none,none,normal,none
stage3_005889.jpg,true,True,False,False,1,0.9716,stage3,blue,medium,none,none,none,none,large
stage4_007025.jpg,false,False,False,False,0,0.0,stage4,none,none,shadow,medium,none,normal,none
stage2_009621.jpg,true,True,False,False,1,0.9707,stage2,red,none,none,none,none,none,medium
stage3_005898.jpg,true,True,False,False,1,0.9643,stage3,red,none,none,none,none,none,medium
stage4_007031.jpg,true,True,False,False,1,0.9674,stage4,blue,light,blur_light,medium,none,normal,large
stage3_005909.jpg,true,True,False,False,1,0.9699,stage3,blue,none,none,none,none,none,large
stage1_002357.jpg,true,True,False,False,1,0.9817,stage1,red,none,none,none,none,none,large
stage3_005926.jpg,true,True,False,False,1,0.9631,stage3,red,light,none,none,none,none,small
stage2_009650.jpg,true,True,False,False,1,0.9644,stage2,red,none,none,none,none,none,large
stage3_005935.jpg,false,False,False,False,0,0.0,stage3,none,light,none,none,none,none,none
stage2_009662.jpg,false,False,False,False,0,0.0,stage2,none,none,none,none,none,none,none
stage3_005936.jpg,true,True,False,False,1,0.9758,stage3,red,medium,none,none,none,none,large
stage1_002366.jpg,true,True,False,False,1,0.9671,stage1,blue,none,none,none,none,none,medium
stage4_007066.jpg,true,True,False,False,1,0.9565,stage4,red,none,sunny,none,none,mild_over,large
stage4_007068.jpg,true,True,False,False,1,0.9779,stage4,red,none,sunny,none,none,mild_over,small
stage2_009670.jpg,true,True,False,False,1,0.9708,stage2,red,none,none,none,none,none,large
stage3_005942.jpg,true,True,False,False,1,0.9736,stage3,red,medium,none,none,none,none,medium
stage4_007074.jpg,false,False,False,False,0,0.0,stage4,none,none,sunny,none,none,mild_over,none
stage4_007075.jpg,true,True,False,False,1,0.9516,stage4,blue,none,sunny,none,none,mild_over,large
stage4_007078.jpg,true,True,False,False,1,0.972,stage4,blue,none,shadow,medium,none,normal,large
stage2_009685.jpg,true,True,False,False,1,0.9691,stage2,red,none,none,none,none,none,medium
stage2_009687.jpg,true,True,False,False,1,0.9736,stage2,red,none,none,none,none,none,medium
stage2_009690.jpg,true,True,False,False,1,0.9677,stage2,red,none,none,none,none,none,large
stage2_009691.jpg,true,True,False,False,1,0.9696,stage2,red,none,none,none,none,none,medium
stage2_009702.jpg,true,True,False,False,1,0.9595,stage2,blue,none,none,none,none,none,medium
stage3_005956.jpg,true,True,False,False,1,0.9725,stage3,red,medium,none,none,none,none,medium
stage1_002372.jpg,false,False,False,False,0,0.0,stage1,none,none,none,none,none,none,none
stage2_009705.jpg,false,False,False,False,0,0.0,stage2,none,none,none,none,none,none,none
stage4_007092.jpg,false,False,False,False,0,0.0,stage4,none,none,normal,none,none,normal,none
stage2_009709.jpg,true,True,False,False,1,0.9724,stage2,blue,none,none,none,none,none,large
stage1_002377.jpg,false,False,False,False,0,0.0,stage1,none,none,none,none,none,none,none
stage2_009713.jpg,true,True,False,False,1,0.9769,stage2,red,none,none,none,none,none,medium
stage2_009714.jpg,true,True,False,False,1,0.9693,stage2,red,none,none,none,none,none,small
stage1_002379.jpg,true,True,False,False,1,0.9768,stage1,red,none,none,none,none,none,medium
stage3_005966.jpg,true,True,False,False,1,0.969,stage3,red,none,none,none,none,none,small
stage3_005971.jpg,true,True,False,False,1,0.9739,stage3,red,none,none,none,none,none,small
stage4_007107.jpg,true,True,False,False,1,0.9681,stage4,blue,none,glare,none,medium,mild_over,medium
stage3_005980.jpg,true,True,False,False,1,0.9773,stage3,red,medium,none,none,none,none,large
stage3_005987.jpg,true,True,False,False,1,0.9638,stage3,blue,none,none,none,none,none,medium
stage1_002388.jpg,true,True,False,False,1,0.9768,stage1,blue,none,none,none,none,none,medium
stage4_007131.jpg,true,True,False,False,1,0.9789,stage4,red,none,sunny,none,none,mild_over,small
stage4_007135.jpg,true,True,False,False,1,0.9683,stage4,red,none,normal,none,none,normal,medium
stage1_002392.jpg,false,False,False,False,0,0.0,stage1,none,none,none,none,none,none,none
stage4_007136.jpg,true,True,False,False,1,0.961,stage4,red,light,blur_light,none,none,mild_over,medium
stage4_007141.jpg,true,True,False,False,1,0.965,stage4,blue,none,normal,none,none,normal,large
stage2_009767.jpg,true,True,False,False,1,0.972,stage2,red,none,none,none,none,none,small
stage4_007144.jpg,true,True,False,False,1,0.9719,stage4,blue,none,shadow,light,none,normal,medium
stage3_006000.jpg,true,True,False,False,1,0.9459,stage3,red,none,none,none,none,none,very_small
stage2_009774.jpg,true,True,False,False,1,0.969,stage2,blue,none,none,none,none,none,large
stage2_009776.jpg,true,True,False,False,1,0.9554,stage2,red,none,none,none,none,none,small
stage1_002397.jpg,true,True,False,False,1,0.9632,stage1,red,none,none,none,none,none,small
stage2_009789.jpg,true,True,False,False,1,0.9727,stage2,blue,none,none,none,none,none,large
stage1_002400.jpg,true,True,False,False,1,0.9287,stage1,red,none,none,none,none,none,medium
stage4_007169.jpg,true,True,False,False,1,0.9737,stage4,blue,none,glare,none,medium,mild_over,large
stage4_007176.jpg,true,True,False,False,1,0.9353,stage4,red,none,normal,none,none,normal,medium
stage2_009820.jpg,true,True,False,False,1,0.9327,stage2,blue,none,none,none,none,none,very_small
stage4_007182.jpg,true,True,False,False,1,0.955,stage4,red,light,blur_light,medium,none,normal,small
stage2_009829.jpg,true,True,False,False,1,0.9699,stage2,blue,none,none,none,none,none,medium
stage2_009841.jpg,true,True,False,False,1,0.9698,stage2,blue,none,none,none,none,none,large
stage2_009854.jpg,false,False,False,False,0,0.0,stage2,none,none,none,none,none,none,none
stage2_009862.jpg,true,True,False,False,1,0.9758,stage2,red,none,none,none,none,none,medium
stage3_006054.jpg,true,True,False,False,1,0.9675,stage3,blue,light,none,none,none,none,large
stage1_002421.jpg,true,True,False,False,1,0.9789,stage1,blue,none,none,none,none,none,small
stage3_006069.jpg,true,True,False,False,1,0.9512,stage3,red,none,none,none,none,none,very_small
stage4_007246.jpg,true,True,False,False,1,0.9655,stage4,blue,none,sunny,none,none,mild_over,medium
stage4_007248.jpg,false,False,False,False,0,0.0,stage4,none,none,sunny,none,none,mild_over,none
stage4_007250.jpg,true,True,False,False,1,0.9524,stage4,red,light,blur_light,none,none,mild_over,medium
stage4_007253.jpg,true,True,False,False,1,0.9668,stage4,red,none,glare,none,medium,mild_over,large
stage4_007267.jpg,true,True,False,False,1,0.9657,stage4,blue,none,sunny,none,none,mild_over,medium
stage4_007268.jpg,true,True,False,False,1,0.9703,stage4,blue,none,normal,none,none,normal,medium
stage1_002431.jpg,false,False,False,False,0,0.0,stage1,none,none,none,none,none,none,none
stage4_007269.jpg,true,True,False,False,1,0.9688,stage4,red,none,normal,none,none,normal,medium
stage3_006083.jpg,false,False,False,False,0,0.0,stage3,none,light,none,none,none,none,none
stage3_006084.jpg,true,True,False,False,1,0.975,stage3,red,none,none,none,none,none,large
stage4_007280.jpg,true,True,False,False,1,0.9696,stage4,red,none,sunny,none,none,mild_over,small
stage2_009923.jpg,true,True,False,False,1,0.9678,stage2,red,none,none,none,none,none,large
stage3_006095.jpg,false,False,False,False,0,0.0,stage3,none,none,none,none,none,none,none
stage4_007286.jpg,false,False,False,False,0,0.0,stage4,none,none,shadow,medium,none,normal,none
stage2_009942.jpg,true,True,False,False,1,0.9697,stage2,blue,none,none,none,none,none,large
stage1_002436.jpg,true,True,False,False,1,0.9448,stage1,red,none,none,none,none,none,medium
stage1_002437.jpg,true,True,False,False,1,0.9478,stage1,red,none,none,none,none,none,small
stage2_009943.jpg,false,False,False,False,0,0.0,stage2,none,none,none,none,none,none,none
stage4_007296.jpg,true,True,False,False,1,0.967,stage4,red,none,glare,none,medium,mild_over,small
stage2_009953.jpg,true,True,False,False,1,0.9492,stage2,red,none,none,none,none,none,very_small
stage2_009957.jpg,true,True,False,False,1,0.972,stage2,blue,none,none,none,none,none,large
stage4_007301.jpg,true,True,False,False,1,0.9505,stage4,red,none,sunny,none,none,mild_over,small
stage4_007302.jpg,true,True,False,False,1,0.9719,stage4,red,none,shadow,medium,none,normal,medium
stage4_007306.jpg,true,True,False,False,1,0.9729,stage4,red,none,shadow,medium,none,normal,small
stage4_007310.jpg,true,True,False,False,1,0.958,stage4,blue,none,shadow,medium,none,normal,large
stage3_006124.jpg,true,True,False,False,1,0.9398,stage3,red,none,none,none,none,none,small
stage3_006131.jpg,true,True,False,False,1,0.9662,stage3,blue,light,none,none,none,none,medium
stage2_009975.jpg,true,True,False,False,1,0.9715,stage2,red,none,none,none,none,none,small
stage4_007322.jpg,true,True,False,False,1,0.9611,stage4,blue,none,sunny,none,none,mild_over,medium
stage2_009987.jpg,true,True,False,False,1,0.981,stage2,red,none,none,none,none,none,very_small
stage2_009994.jpg,true,True,False,False,1,0.971,stage2,blue,none,none,none,none,none,large
stage2_009996.jpg,true,True,False,False,1,0.9653,stage2,blue,none,none,none,none,none,large
stage4_007332.jpg,true,True,False,False,1,0.9767,stage4,red,light,blur_light,medium,none,normal,medium
stage4_007335.jpg,true,True,False,False,1,0.9856,stage4,red,none,sunny,none,none,mild_over,medium
stage1_002455.jpg,true,True,False,False,1,0.9759,stage1,blue,none,none,none,none,none,medium
stage2_010002.jpg,true,True,False,False,1,0.972,stage2,red,none,none,none,none,none,small
stage4_007342.jpg,true,True,False,False,1,0.97,stage4,blue,none,sunny,none,none,mild_over,small
stage2_010014.jpg,true,True,False,False,1,0.976,stage2,blue,none,none,none,none,none,medium
stage2_010024.jpg,true,True,False,False,1,0.9636,stage2,red,none,none,none,none,none,large
stage2_010034.jpg,true,True,False,False,1,0.9734,stage2,blue,none,none,none,none,none,large
stage1_002463.jpg,true,True,False,False,1,0.9769,stage1,blue,none,none,none,none,none,large
stage3_006168.jpg,false,False,False,False,0,0.0,stage3,none,none,none,none,none,none,none
stage4_007367.jpg,true,True,False,False,1,0.9683,stage4,blue,none,glare,none,medium,mild_over,large
stage4_007369.jpg,true,True,False,False,1,0.9726,stage4,blue,none,shadow,medium,none,normal,medium
stage2_010062.jpg,true,True,False,False,1,0.9649,stage2,red,none,none,none,none,none,large
stage2_010071.jpg,true,True,False,False,1,0.9682,stage2,red,none,none,none,none,none,small
stage1_002471.jpg,true,True,False,False,1,0.9786,stage1,blue,none,none,none,none,none,large
stage3_006194.jpg,true,True,False,False,1,0.9491,stage3,blue,none,none,none,none,none,small
stage3_006196.jpg,true,True,False,False,1,0.967,stage3,blue,none,none,none,none,none,large
stage2_010082.jpg,true,True,False,False,1,0.9531,stage2,red,none,none,none,none,none,very_small
stage4_007390.jpg,true,True,False,False,1,0.9751,stage4,red,none,sunny,none,none,mild_over,small
stage2_010086.jpg,true,True,False,False,1,0.9706,stage2,red,none,none,none,none,none,small
stage3_006204.jpg,true,True,False,False,1,0.9665,stage3,red,medium,none,none,none,none,medium
stage3_006208.jpg,true,True,False,False,1,0.9711,stage3,red,light,none,none,none,none,small
stage3_006213.jpg,true,True,False,False,1,0.9678,stage3,blue,none,none,none,none,none,medium
stage1_002477.jpg,true,True,False,False,1,0.9758,stage1,blue,none,none,none,none,none,large
stage4_007406.jpg,true,True,False,False,1,0.9605,stage4,blue,none,normal,none,none,normal,large
stage3_006216.jpg,true,True,False,False,1,0.9523,stage3,red,none,none,none,none,none,very_small
stage2_010101.jpg,false,False,False,False,0,0.0,stage2,none,none,none,none,none,none,none
stage3_006217.jpg,true,True,False,False,1,0.9608,stage3,red,none,none,none,none,none,very_small
stage2_010110.jpg,true,True,False,False,1,0.9512,stage2,blue,none,none,none,none,none,large
stage3_006223.jpg,true,True,False,False,1,0.9816,stage3,red,none,none,none,none,none,medium
stage1_002482.jpg,true,True,False,False,1,0.975,stage1,red,none,none,none,none,none,medium
stage4_007418.jpg,true,True,False,False,1,0.9621,stage4,blue,none,sunny,none,none,mild_over,small
stage4_007424.jpg,true,True,False,False,1,0.9718,stage4,blue,light,blur_light,medium,none,normal,large
stage2_010135.jpg,true,True,False,False,1,0.9681,stage2,red,none,none,none,none,none,small
stage3_006252.jpg,true,True,False,False,1,0.9688,stage3,blue,light,none,none,none,none,large
stage2_010144.jpg,false,False,False,False,0,0.0,stage2,none,none,none,none,none,none,none
stage3_006260.jpg,true,True,False,False,1,0.9693,stage3,blue,none,none,none,none,none,large
stage2_010147.jpg,true,True,False,False,1,0.9739,stage2,blue,none,none,none,none,none,medium
stage1_002493.jpg,true,True,False,False,1,0.979,stage1,red,none,none,none,none,none,medium
stage2_010154.jpg,true,True,False,False,1,0.9756,stage2,blue,none,none,none,none,none,large
stage4_007459.jpg,true,True,False,False,1,0.9705,stage4,red,none,glare,none,medium,mild_over,medium
stage4_007465.jpg,true,True,False,False,1,0.963,stage4,red,none,sunny,none,none,mild_over,small
stage4_007471.jpg,true,True,False,False,1,0.9766,stage4,red,none,normal,none,none,normal,medium
stage2_010173.jpg,true,True,False,False,1,0.9778,stage2,red,none,none,none,none,none,small
stage3_006277.jpg,true,True,False,False,1,0.9674,stage3,blue,none,none,none,none,none,large
stage2_010181.jpg,true,True,False,False,1,0.9704,stage2,red,none,none,none,none,none,large
stage2_010189.jpg,false,False,False,False,0,0.0,stage2,none,none,none,none,none,none,none
stage4_007480.jpg,true,True,False,False,1,0.9721,stage4,red,light,blur_light,none,none,mild_over,medium
stage3_006287.jpg,true,True,False,False,1,0.976,stage3,red,none,none,none,none,none,small
stage4_007484.jpg,true,True,False,False,1,0.9721,stage4,red,none,normal,none,none,normal,small
stage3_006292.jpg,true,True,False,False,1,0.9605,stage3,red,light,none,none,none,none,medium
stage2_010202.jpg,true,True,False,False,1,0.9706,stage2,blue,none,none,none,none,none,medium
stage3_006296.jpg,true,True,False,False,1,0.9625,stage3,red,light,none,none,none,none,large
stage4_007492.jpg,false,False,False,False,0,0.0,stage4,none,none,normal,none,none,normal,none
stage1_002507.jpg,true,True,False,False,1,0.9571,stage1,red,none,none,none,none,none,very_small
stage2_010216.jpg,true,True,False,False,1,0.9711,stage2,red,none,none,none,none,none,large
stage3_006301.jpg,true,True,False,False,1,0.962,stage3,red,medium,none,none,none,none,medium
stage2_010225.jpg,true,True,False,False,1,0.9693,stage2,red,none,none,none,none,none,small
stage2_010226.jpg,false,False,False,False,0,0.0,stage2,none,none,none,none,none,none,none
stage3_006303.jpg,true,True,False,False,1,0.9607,stage3,blue,light,none,none,none,none,medium
stage3_006304.jpg,true,True,False,False,1,0.9366,stage3,blue,none,none,none,none,none,medium
stage2_010228.jpg,true,True,False,False,1,0.9709,stage2,red,none,none,none,none,none,large
stage3_006315.jpg,true,True,False,False,1,0.9658,stage3,blue,none,none,none,none,none,large
stage4_007508.jpg,true,True,False,False,1,0.9661,stage4,blue,none,shadow,medium,none,normal,large
stage2_010247.jpg,true,True,False,False,1,0.9739,stage2,red,none,none,none,none,none,small
stage2_010255.jpg,true,True,False,False,1,0.9674,stage2,blue,none,none,none,none,none,large
stage4_007517.jpg,true,True,False,False,1,0.9761,stage4,blue,none,sunny,none,none,mild_over,large
stage2_010260.jpg,true,True,False,False,1,0.9724,stage2,blue,none,none,none,none,none,large
stage2_010263.jpg,true,True,False,False,1,0.9701,stage2,red,none,none,none,none,none,large
stage2_010275.jpg,true,True,False,False,1,0.9753,stage2,blue,none,none,none,none,none,large
stage2_010279.jpg,true,True,False,False,1,0.9466,stage2,red,none,none,none,none,none,medium
stage2_010287.jpg,true,True,False,False,1,0.9695,stage2,red,none,none,none,none,none,small
stage2_010294.jpg,false,False,False,False,0,0.0,stage2,none,none,none,none,none,none,none
stage4_007550.jpg,false,False,False,False,0,0.0,stage4,none,none,normal,none,none,normal,none
stage2_010302.jpg,true,True,False,False,1,0.9726,stage2,red,none,none,none,none,none,medium
stage3_006346.jpg,true,True,False,False,1,0.9658,stage3,blue,light,none,none,none,none,large
stage2_010306.jpg,true,True,False,False,1,0.9717,stage2,blue,none,none,none,none,none,large
stage4_007559.jpg,true,True,False,False,1,0.9737,stage4,blue,none,sunny,none,none,mild_over,large
stage4_007560.jpg,true,True,False,False,1,0.9752,stage4,blue,none,normal,none,none,normal,large
stage3_006351.jpg,false,False,False,False,0,0.0,stage3,none,none,none,none,none,none,none
stage3_006353.jpg,true,True,False,False,1,0.9731,stage3,blue,none,none,none,none,none,small
stage1_002524.jpg,true,True,False,False,1,0.9773,stage1,red,none,none,none,none,none,large
stage2_010323.jpg,true,True,False,False,1,0.9708,stage2,red,none,none,none,none,none,large
stage2_010330.jpg,true,True,False,False,1,0.9688,stage2,red,none,none,none,none,none,medium
stage2_010335.jpg,true,True,False,False,1,0.9705,stage2,red,none,none,none,none,none,large
stage2_010338.jpg,true,True,False,False,1,0.9696,stage2,blue,none,none,none,none,none,medium
stage1_002533.jpg,true,True,False,False,1,0.9434,stage1,red,none,none,none,none,none,very_small
stage3_006372.jpg,true,True,False,False,1,0.9316,stage3,red,none,none,none,none,none,small
stage3_006373.jpg,true,True,False,False,1,0.9183,stage3,red,light,none,none,none,none,very_small
stage1_002534.jpg,false,False,False,False,0,0.0,stage1,none,none,none,none,none,none,none
stage3_006377.jpg,true,True,False,False,1,0.9657,stage3,blue,medium,none,none,none,none,large
stage3_006380.jpg,true,True,False,False,1,0.9727,stage3,red,light,none,none,none,none,medium
stage2_010358.jpg,true,True,False,False,1,0.9745,stage2,red,none,none,none,none,none,medium
stage2_010360.jpg,true,True,False,False,1,0.9694,stage2,red,none,none,none,none,none,medium
stage2_010365.jpg,true,True,False,False,1,0.9786,stage2,red,none,none,none,none,none,large
stage3_006390.jpg,true,True,False,False,1,0.9802,stage3,red,none,none,none,none,none,small
stage4_007620.jpg,true,True,False,False,1,0.9614,stage4,blue,none,glare,none,medium,mild_over,large
stage2_010380.jpg,true,True,False,False,1,0.9776,stage2,blue,none,none,none,none,none,large
stage2_010381.jpg,true,True,False,False,1,0.9732,stage2,blue,none,none,none,none,none,large
stage2_010387.jpg,false,False,False,False,0,0.0,stage2,none,none,none,none,none,none,none
stage2_010389.jpg,true,True,False,False,1,0.9628,stage2,red,none,none,none,none,none,small
stage2_010391.jpg,true,True,False,False,1,0.9693,stage2,blue,none,none,none,none,none,large
stage3_006405.jpg,true,True,False,False,1,0.9756,stage3,red,none,none,none,none,none,medium
stage4_007630.jpg,false,False,False,False,0,0.0,stage4,none,none,normal,none,none,normal,none
stage3_006409.jpg,true,True,False,False,1,0.9682,stage3,blue,light,none,none,none,none,large
stage1_002552.jpg,true,True,False,False,1,0.9601,stage1,red,none,none,none,none,none,small
stage1_002553.jpg,true,True,False,False,1,0.9795,stage1,red,none,none,none,none,none,medium
stage2_010412.jpg,true,True,False,False,1,0.9639,stage2,red,none,none,none,none,none,medium
stage2_010419.jpg,true,True,False,False,1,0.9263,stage2,red,none,none,none,none,none,very_small
stage1_002558.jpg,true,True,False,False,1,0.9668,stage1,red,none,none,none,none,none,very_small
stage2_010422.jpg,true,True,False,False,1,0.9681,stage2,blue,none,none,none,none,none,large
stage2_010431.jpg,true,True,False,False,1,0.974,stage2,blue,none,none,none,none,none,large
stage3_006431.jpg,true,True,False,False,1,0.9726,stage3,red,light,none,none,none,none,medium
stage2_010437.jpg,true,True,False,False,1,0.9686,stage2,blue,none,none,none,none,none,large
stage3_006432.jpg,true,True,False,False,1,0.9688,stage3,blue,light,none,none,none,none,large
stage4_007657.jpg,true,True,False,False,1,0.9659,stage4,blue,none,glare,none,medium,mild_over,large
stage3_006435.jpg,true,True,False,False,1,0.9555,stage3,red,none,none,none,none,none,small
stage4_007661.jpg,true,True,False,False,1,0.9746,stage4,blue,none,sunny,none,none,mild_over,medium
stage4_007666.jpg,true,True,False,False,1,0.9495,stage4,red,light,blur_light,none,none,mild_over,small
stage2_010456.jpg,true,True,False,False,1,0.9445,stage2,red,none,none,none,none,none,medium
stage4_007672.jpg,true,True,False,False,1,0.9662,stage4,blue,none,normal,none,none,normal,large
stage3_006452.jpg,true,True,False,False,1,0.9651,stage3,blue,medium,none,none,none,none,large
stage2_010464.jpg,true,True,False,False,1,0.962,stage2,blue,none,none,none,none,none,large
stage4_007677.jpg,true,True,False,False,1,0.9701,stage4,red,none,shadow,medium,none,normal,large
stage3_006454.jpg,true,True,False,False,1,0.9735,stage3,red,none,none,none,none,none,small
stage2_010475.jpg,true,True,False,False,1,0.9692,stage2,blue,none,none,none,none,none,large
stage2_010479.jpg,true,True,False,False,1,0.9791,stage2,red,none,none,none,none,none,medium
stage3_006456.jpg,true,True,False,False,1,0.9714,stage3,red,medium,none,none,none,none,large
stage2_010481.jpg,true,True,False,False,1,0.9708,stage2,red,none,none,none,none,none,medium
stage1_002572.jpg,false,False,False,False,0,0.0,stage1,none,none,none,none,none,none,none
stage3_006464.jpg,false,False,False,False,0,0.0,stage3,none,none,none,none,none,none,none
stage2_010488.jpg,true,True,False,False,1,0.9699,stage2,blue,none,none,none,none,none,medium
stage4_007704.jpg,true,True,False,False,1,0.9768,stage4,red,none,normal,none,none,normal,large
stage3_006472.jpg,true,True,False,False,1,0.951,stage3,blue,medium,none,none,none,none,large
stage3_006480.jpg,true,True,False,False,1,0.964,stage3,red,medium,none,none,none,none,medium
stage1_002585.jpg,true,True,False,False,1,0.9654,stage1,red,none,none,none,none,none,small
stage4_007719.jpg,true,True,False,False,1,0.963,stage4,blue,none,shadow,medium,none,normal,medium
stage3_006482.jpg,true,True,False,False,1,0.9633,stage3,blue,none,none,none,none,none,medium
stage2_010531.jpg,true,True,False,False,1,0.9652,stage2,blue,none,none,none,none,none,medium
stage2_010532.jpg,true,True,False,False,1,0.982,stage2,blue,none,none,none,none,none,medium
stage3_006493.jpg,true,True,False,False,1,0.971,stage3,blue,medium,none,none,none,none,large
stage2_010541.jpg,false,False,False,False,0,0.0,stage2,none,none,none,none,none,none,none
stage3_006494.jpg,true,True,False,False,1,0.9637,stage3,blue,light,none,none,none,none,medium
stage4_007729.jpg,true,True,False,False,1,0.9541,stage4,blue,none,sunny,none,none,mild_over,medium
stage2_010546.jpg,true,True,False,False,1,0.9788,stage2,red,none,none,none,none,none,medium
stage4_007745.jpg,true,True,False,False,1,0.9656,stage4,blue,none,shadow,medium,none,normal,large
stage4_007754.jpg,true,True,False,False,1,0.9473,stage4,blue,none,sunny,none,none,mild_over,medium
stage2_010586.jpg,true,True,False,False,1,0.9672,stage2,blue,none,none,none,none,none,medium
stage4_007761.jpg,true,True,False,False,1,0.968,stage4,blue,none,normal,none,none,normal,medium
stage4_007765.jpg,true,True,False,False,1,0.9663,stage4,blue,light,blur_light,medium,none,normal,medium
stage2_010593.jpg,true,True,False,False,1,0.9707,stage2,red,none,none,none,none,none,large
stage1_002602.jpg,true,True,False,False,1,0.9619,stage1,red,none,none,none,none,none,very_small
stage4_007780.jpg,true,True,False,False,1,0.9532,stage4,blue,none,normal,none,none,normal,very_small
stage3_006531.jpg,true,True,False,False,1,0.9685,stage3,blue,medium,none,none,none,none,large
stage2_010612.jpg,true,True,False,False,1,0.9606,stage2,blue,none,none,none,none,none,large
stage3_006534.jpg,true,True,False,False,1,0.9607,stage3,blue,none,none,none,none,none,medium
stage3_006538.jpg,true,True,False,False,1,0.9664,stage3,red,light,none,none,none,none,medium
stage4_007793.jpg,true,True,False,False,1,0.9631,stage4,blue,none,normal,none,none,normal,medium
stage2_010629.jpg,false,False,False,False,0,0.0,stage2,none,none,none,none,none,none,none
stage4_007795.jpg,true,True,False,False,1,0.9713,stage4,red,none,normal,none,none,normal,large
stage2_010631.jpg,true,True,False,False,1,0.964,stage2,blue,none,none,none,none,none,large
stage4_007803.jpg,true,True,False,False,1,0.9656,stage4,blue,none,normal,none,none,normal,large
stage3_006548.jpg,true,True,False,False,1,0.9531,stage3,blue,light,none,none,none,none,small
stage3_006549.jpg,true,True,False,False,1,0.9707,stage3,blue,light,none,none,none,none,large
stage2_010645.jpg,true,True,False,False,1,0.9694,stage2,blue,none,none,none,none,none,large
stage2_010646.jpg,true,True,False,False,1,0.9592,stage2,blue,none,none,none,none,none,small
stage4_007812.jpg,true,True,False,False,1,0.9509,stage4,blue,light,blur_light,medium,none,normal,medium
stage2_010649.jpg,true,True,False,False,1,0.9715,stage2,red,none,none,none,none,none,large
stage1_002609.jpg,true,True,False,False,1,0.9738,stage1,red,none,none,none,none,none,medium
stage2_010657.jpg,true,True,False,False,1,0.9672,stage2,red,none,none,none,none,none,medium
stage3_006564.jpg,true,True,False,False,1,0.9736,stage3,red,none,none,none,none,none,small
stage2_010671.jpg,true,True,False,False,1,0.9653,stage2,red,none,none,none,none,none,medium
stage3_006567.jpg,true,True,False,False,1,0.9659,stage3,blue,light,none,none,none,none,large
stage2_010675.jpg,false,False,False,False,0,0.0,stage2,none,none,none,none,none,none,none
stage4_007833.jpg,true,True,False,False,1,0.9581,stage4,red,none,sunny,none,none,mild_over,very_small
stage4_007834.jpg,true,True,False,False,1,0.9682,stage4,blue,none,normal,none,none,normal,large
stage4_007836.jpg,true,True,False,False,1,0.9666,stage4,blue,none,normal,none,none,normal,small
stage2_010688.jpg,true,True,False,False,1,0.9805,stage2,red,none,none,none,none,none,small
stage4_007840.jpg,true,True,False,False,1,0.9692,stage4,red,none,normal,none,none,normal,medium
stage2_010702.jpg,true,True,False,False,1,0.9687,stage2,red,none,none,none,none,none,small
stage3_006584.jpg,true,True,False,False,1,0.9673,stage3,red,none,none,none,none,none,small
stage4_007846.jpg,true,True,False,False,1,0.952,stage4,red,none,normal,none,none,normal,very_small
stage3_006590.jpg,true,True,False,False,1,0.9388,stage3,red,light,none,none,none,none,small
stage4_007854.jpg,true,True,False,False,1,0.9605,stage4,blue,none,shadow,medium,none,normal,large
stage4_007859.jpg,true,True,False,False,1,0.9603,stage4,blue,none,shadow,medium,none,normal,large
stage4_007860.jpg,true,True,False,False,1,0.9678,stage4,red,none,sunny,none,none,mild_over,large
stage2_010726.jpg,false,False,False,True,1,0.0,stage2,none,none,none,none,none,none,none
stage4_007870.jpg,true,True,False,False,1,0.9493,stage4,red,none,sunny,none,none,mild_over,very_small
stage2_010731.jpg,false,False,False,False,0,0.0,stage2,none,none,none,none,none,none,none
stage4_007874.jpg,true,True,False,False,1,0.972,stage4,red,none,shadow,medium,none,normal,medium
stage3_006603.jpg,true,True,False,False,1,0.9523,stage3,red,medium,none,none,none,none,small
stage1_002634.jpg,true,True,False,False,1,0.9519,stage1,blue,none,none,none,none,none,small
stage2_010745.jpg,true,True,False,False,1,0.9731,stage2,red,none,none,none,none,none,medium
stage1_002636.jpg,true,True,False,False,1,0.9539,stage1,blue,none,none,none,none,none,large
stage2_010750.jpg,true,True,False,False,1,0.9636,stage2,blue,none,none,none,none,none,medium
stage2_010755.jpg,false,False,False,False,0,0.0,stage2,none,none,none,none,none,none,none
stage2_010762.jpg,true,True,False,False,1,0.9697,stage2,blue,none,none,none,none,none,medium
stage2_010764.jpg,true,True,False,False,1,0.9661,stage2,blue,none,none,none,none,none,medium
stage4_007892.jpg,true,True,False,False,1,0.9655,stage4,blue,none,shadow,medium,none,normal,medium
stage4_007894.jpg,true,True,False,False,1,0.9714,stage4,red,none,shadow,medium,none,normal,large
stage4_007898.jpg,true,True,False,False,1,0.9793,stage4,red,none,sunny,none,none,mild_over,medium
stage1_002642.jpg,true,True,False,False,1,0.9776,stage1,red,none,none,none,none,none,large
stage2_010780.jpg,true,True,False,False,1,0.967,stage2,red,none,none,none,none,none,small
stage4_007903.jpg,false,False,False,False,0,0.0,stage4,none,none,shadow,medium,none,normal,none
stage3_006625.jpg,true,True,False,False,1,0.9731,stage3,blue,medium,none,none,none,none,large
stage2_010789.jpg,true,True,False,False,1,0.9716,stage2,red,none,none,none,none,none,large
stage3_006631.jpg,true,True,False,False,1,0.9772,stage3,red,none,none,none,none,none,large
stage2_010797.jpg,false,False,False,False,0,0.0,stage2,none,none,none,none,none,none,none
stage3_006632.jpg,false,False,False,False,0,0.0,stage3,none,none,none,none,none,none,none
stage2_010805.jpg,true,True,False,False,1,0.9637,stage2,blue,none,none,none,none,none,medium
stage3_006636.jpg,true,True,False,False,1,0.9564,stage3,blue,none,none,none,none,none,large
stage2_010810.jpg,true,True,False,False,1,0.9663,stage2,red,none,none,none,none,none,large
stage2_010815.jpg,true,True,False,False,1,0.9759,stage2,red,none,none,none,none,none,small
stage4_007929.jpg,true,True,False,False,1,0.972,stage4,red,none,normal,none,none,normal,large
stage4_007943.jpg,true,True,False,False,1,0.8976,stage4,red,none,normal,none,none,normal,very_small
stage2_010844.jpg,false,False,False,False,0,0.0,stage2,none,none,none,none,none,none,none
stage4_007944.jpg,true,True,False,False,1,0.9646,stage4,blue,none,shadow,medium,none,normal,medium
stage2_010851.jpg,false,False,False,False,0,0.0,stage2,none,none,none,none,none,none,none
stage3_006664.jpg,false,False,False,False,0,0.0,stage3,none,none,none,none,none,none,none
stage2_010857.jpg,true,True,False,False,1,0.9686,stage2,red,none,none,none,none,none,large
stage2_010858.jpg,true,True,False,False,1,0.9496,stage2,blue,none,none,none,none,none,large
stage3_006669.jpg,true,True,False,False,1,0.9694,stage3,blue,none,none,none,none,none,small
stage2_010863.jpg,true,True,False,False,1,0.964,stage2,blue,none,none,none,none,none,large
stage2_010865.jpg,true,True,False,False,1,0.9832,stage2,red,none,none,none,none,none,medium
stage3_006670.jpg,true,True,False,False,1,0.9759,stage3,red,none,none,none,none,none,medium
stage3_006673.jpg,true,True,False,False,1,0.9777,stage3,blue,none,none,none,none,none,large
stage3_006675.jpg,false,False,False,False,0,0.0,stage3,none,light,none,none,none,none,none
stage2_010871.jpg,false,False,False,False,0,0.0,stage2,none,none,none,none,none,none,none
stage4_007967.jpg,true,True,False,False,1,0.9724,stage4,red,none,glare,none,medium,mild_over,medium
stage1_002671.jpg,true,True,False,False,1,0.9757,stage1,blue,none,none,none,none,none,medium
stage2_010877.jpg,true,True,False,False,1,0.9604,stage2,red,none,none,none,none,none,small
stage1_002672.jpg,true,True,False,False,1,0.933,stage1,red,none,none,none,none,none,very_small
stage4_007977.jpg,true,True,False,False,1,0.9711,stage4,red,none,normal,none,none,normal,small
stage4_007978.jpg,true,True,False,False,1,0.9699,stage4,red,light,blur_light,medium,none,normal,large
stage4_007979.jpg,true,True,False,False,1,0.9729,stage4,red,none,normal,none,none,normal,small
stage2_010881.jpg,true,True,False,False,1,0.9727,stage2,red,none,none,none,none,none,large
stage4_007983.jpg,true,True,False,False,1,0.977,stage4,blue,none,glare,none,medium,mild_over,medium
stage1_002681.jpg,true,True,False,False,1,0.979,stage1,red,none,none,none,none,none,small
stage2_010888.jpg,false,False,False,False,0,0.0,stage2,none,none,none,none,none,none,none
stage4_007992.jpg,true,True,False,False,1,0.963,stage4,red,none,shadow,medium,none,normal,medium
stage4_007996.jpg,true,True,False,False,1,0.9735,stage4,red,none,shadow,medium,none,normal,large
stage1_002690.jpg,true,True,False,False,1,0.9252,stage1,red,none,none,none,none,none,small
stage2_010915.jpg,true,True,False,False,1,0.942,stage2,blue,none,none,none,none,none,small
stage2_010917.jpg,true,True,False,False,1,0.9647,stage2,blue,none,none,none,none,none,large
stage4_008006.jpg,true,True,False,False,1,0.9712,stage4,red,light,blur_light,medium,none,normal,medium
stage3_006700.jpg,true,True,False,False,1,0.983,stage3,red,none,none,none,none,none,small
stage2_010920.jpg,true,True,False,False,1,0.9721,stage2,red,none,none,none,none,none,very_small
stage4_008009.jpg,true,True,False,False,1,0.9665,stage4,blue,none,normal,none,none,normal,large
stage4_008012.jpg,true,True,False,False,1,0.9771,stage4,blue,none,sunny,none,none,mild_over,large
stage4_008016.jpg,true,True,False,False,1,0.9749,stage4,red,none,shadow,medium,none,normal,medium
stage4_008022.jpg,true,True,False,False,1,0.9721,stage4,red,none,shadow,medium,none,normal,medium
stage2_010933.jpg,true,True,False,False,1,0.951,stage2,blue,none,none,none,none,none,large
stage4_008029.jpg,true,True,False,False,1,0.9492,stage4,blue,light,blur_light,none,none,mild_over,large
stage2_010943.jpg,false,False,False,False,0,0.0,stage2,none,none,none,none,none,none,none
stage1_002701.jpg,true,True,False,False,1,0.974,stage1,blue,none,none,none,none,none,large
stage1_002702.jpg,true,True,False,False,1,0.9739,stage1,blue,none,none,none,none,none,small
stage4_008042.jpg,true,True,False,False,1,0.9746,stage4,red,none,normal,none,none,normal,medium
stage2_010955.jpg,false,False,False,False,0,0.0,stage2,none,none,none,none,none,none,none
stage2_010965.jpg,true,True,False,False,1,0.9807,stage2,red,none,none,none,none,none,medium
stage4_008056.jpg,true,True,False,False,1,0.957,stage4,blue,none,glare,none,medium,mild_over,large
stage3_006746.jpg,true,True,False,False,1,0.9715,stage3,red,light,none,none,none,none,large
stage3_006748.jpg,true,True,False,False,1,0.9653,stage3,blue,light,none,none,none,none,large
stage2_010979.jpg,true,True,False,False,1,0.9738,stage2,red,none,none,none,none,none,large
stage1_002712.jpg,true,True,False,False,1,0.9708,stage1,red,none,none,none,none,none,medium
stage4_008065.jpg,true,True,False,False,1,0.9612,stage4,red,light,blur_light,none,none,mild_over,medium
stage4_008068.jpg,true,True,False,False,1,0.9719,stage4,red,none,normal,none,none,normal,medium
stage3_006752.jpg,true,True,False,False,1,0.9693,stage3,blue,none,none,none,none,none,large
stage1_002713.jpg,false,False,False,False,0,0.0,stage1,none,none,none,none,none,none,none
stage3_006754.jpg,true,True,False,False,1,0.9709,stage3,red,medium,none,none,none,none,large
stage2_010999.jpg,true,True,False,False,1,0.9765,stage2,blue,none,none,none,none,none,large
stage3_006756.jpg,true,True,False,False,1,0.9675,stage3,red,light,none,none,none,none,small
stage3_006765.jpg,true,True,False,False,1,0.9666,stage3,red,none,none,none,none,none,small
stage4_008083.jpg,true,True,False,False,1,0.9708,stage4,red,none,shadow,medium,none,normal,medium
stage4_008090.jpg,true,True,False,False,1,0.9733,stage4,red,none,glare,none,medium,mild_over,medium
stage4_008091.jpg,true,True,False,False,1,0.9714,stage4,blue,none,normal,none,none,normal,medium
stage2_011022.jpg,false,False,False,False,0,0.0,stage2,none,none,none,none,none,none,none
stage3_006772.jpg,true,True,False,False,1,0.9749,stage3,blue,none,none,none,none,none,medium
stage2_011024.jpg,false,False,False,False,0,0.0,stage2,none,none,none,none,none,none,none
stage1_002719.jpg,true,True,False,False,1,0.9631,stage1,blue,none,none,none,none,none,large
stage4_008111.jpg,true,True,False,False,1,0.9594,stage4,blue,none,glare,none,medium,mild_over,large
stage4_008112.jpg,true,True,False,False,1,0.9664,stage4,red,none,normal,none,none,normal,medium
stage3_006781.jpg,true,True,False,False,1,0.9155,stage3,red,light,none,none,none,none,very_small
stage2_011045.jpg,false,False,False,False,0,0.0,stage2,none,none,none,none,none,none,none
stage2_011049.jpg,true,True,False,False,1,0.974,stage2,blue,none,none,none,none,none,small
stage3_006791.jpg,true,True,False,False,1,0.9672,stage3,blue,light,none,none,none,none,medium
stage4_008127.jpg,true,True,False,False,1,0.9644,stage4,red,none,shadow,light,none,normal,very_small
stage2_011055.jpg,true,True,False,False,1,0.9761,stage2,red,none,none,none,none,none,small
stage3_006793.jpg,true,True,False,False,1,0.974,stage3,red,none,none,none,none,none,large
stage3_006796.jpg,true,True,False,False,1,0.9691,stage3,blue,none,none,none,none,none,large
stage4_008131.jpg,true,True,False,False,1,0.9534,stage4,blue,light,blur_light,medium,none,normal,large
stage2_011067.jpg,true,True,False,False,1,0.9654,stage2,blue,none,none,none,none,none,large
stage1_002729.jpg,true,True,False,False,1,0.9796,stage1,red,none,none,none,none,none,medium
stage3_006809.jpg,true,True,False,False,1,0.9626,stage3,blue,none,none,none,none,none,large
stage2_011089.jpg,true,True,False,False,1,0.9594,stage2,blue,none,none,none,none,none,large
stage4_008148.jpg,true,True,False,False,1,0.9643,stage4,blue,none,glare,none,medium,mild_over,large
stage3_006812.jpg,true,True,False,False,1,0.9758,stage3,red,none,none,none,none,none,large
stage3_006813.jpg,true,True,False,False,1,0.9642,stage3,blue,none,none,none,none,none,medium
stage2_011096.jpg,true,True,False,False,1,0.9834,stage2,red,none,none,none,none,none,medium
stage2_011113.jpg,true,True,False,False,1,0.9682,stage2,blue,none,none,none,none,none,medium
stage3_006826.jpg,true,True,False,False,1,0.938,stage3,blue,light,none,none,none,none,very_small
stage3_006827.jpg,true,True,False,False,1,0.9662,stage3,red,light,none,none,none,none,large
stage2_011121.jpg,true,True,False,False,1,0.9785,stage2,red,none,none,none,none,none,large
stage3_006830.jpg,true,True,False,False,1,0.9648,stage3,blue,none,none,none,none,none,large
stage3_006831.jpg,true,True,False,False,1,0.952,stage3,red,light,none,none,none,none,small
stage1_002738.jpg,true,True,False,False,1,0.9776,stage1,blue,none,none,none,none,none,large
stage4_008169.jpg,true,True,False,False,1,0.9532,stage4,red,none,sunny,none,none,mild_over,small
stage2_011142.jpg,true,True,False,False,1,0.9727,stage2,blue,none,none,none,none,none,medium
stage4_008176.jpg,true,True,False,False,1,0.9719,stage4,blue,none,normal,none,none,normal,medium
stage4_008183.jpg,true,True,False,False,1,0.968,stage4,blue,none,glare,none,medium,mild_over,medium
stage3_006852.jpg,true,True,False,False,1,0.9648,stage3,blue,none,none,none,none,none,large
stage3_006856.jpg,true,True,False,False,1,0.9669,stage3,red,medium,none,none,none,none,medium
stage2_011161.jpg,true,True,False,False,1,0.967,stage2,blue,none,none,none,none,none,medium
stage1_002752.jpg,true,True,False,False,1,0.9798,stage1,blue,none,none,none,none,none,medium
stage3_006870.jpg,true,True,False,False,1,0.9763,stage3,blue,none,none,none,none,none,large
stage2_011174.jpg,true,True,False,False,1,0.9737,stage2,blue,none,none,none,none,none,large
stage4_008214.jpg,true,True,False,False,1,0.9743,stage4,red,light,blur_light,none,none,mild_over,large
stage3_006876.jpg,true,True,False,False,1,0.9656,stage3,blue,none,none,none,none,none,large
stage3_006885.jpg,true,True,False,False,1,0.9715,stage3,blue,none,none,none,none,none,medium
stage2_011177.jpg,true,True,False,False,1,0.9711,stage2,red,none,none,none,none,none,large
stage3_006886.jpg,true,True,False,False,1,0.972,stage3,red,none,none,none,none,none,very_small
stage3_006887.jpg,true,True,False,False,1,0.9415,stage3,blue,none,none,none,none,none,large
stage2_011183.jpg,false,False,False,False,0,0.0,stage2,none,none,none,none,none,none,none
stage4_008229.jpg,true,True,False,False,1,0.9745,stage4,blue,none,sunny,none,none,mild_over,large
stage3_006896.jpg,true,True,False,False,1,0.9602,stage3,red,medium,none,none,none,none,medium
stage2_011197.jpg,true,True,False,False,1,0.9782,stage2,blue,none,none,none,none,none,medium
stage4_008235.jpg,true,True,False,False,1,0.9605,stage4,blue,none,shadow,light,none,normal,small
stage2_011198.jpg,true,True,False,False,1,0.9747,stage2,red,none,none,none,none,none,large
stage4_008240.jpg,true,True,False,False,1,0.9694,stage4,red,none,normal,none,none,normal,small
stage3_006898.jpg,true,True,False,False,1,0.9572,stage3,blue,light,none,none,none,none,large
stage4_008249.jpg,true,True,False,False,1,0.9692,stage4,red,none,normal,none,none,normal,small
stage3_006900.jpg,true,True,False,False,1,0.9571,stage3,red,light,none,none,none,none,medium
stage2_011218.jpg,true,True,False,False,1,0.9668,stage2,blue,none,none,none,none,none,large
stage3_006901.jpg,true,True,False,False,1,0.9734,stage3,blue,none,none,none,none,none,small
stage2_011226.jpg,true,True,False,False,1,0.9675,stage2,red,none,none,none,none,none,large
stage4_008260.jpg,true,True,False,False,1,0.9602,stage4,blue,light,blur_light,none,none,mild_over,large
stage4_008261.jpg,true,True,False,False,1,0.9732,stage4,blue,none,sunny,none,none,mild_over,medium
stage4_008264.jpg,true,True,False,False,1,0.9585,stage4,red,none,normal,none,none,normal,small
stage2_011232.jpg,true,True,False,False,1,0.9729,stage2,blue,none,none,none,none,none,large
stage3_006910.jpg,true,True,False,False,1,0.9543,stage3,red,light,none,none,none,none,small
stage1_002776.jpg,true,True,False,False,1,0.9736,stage1,red,none,none,none,none,none,large
stage1_002777.jpg,true,True,False,False,1,0.9804,stage1,blue,none,none,none,none,none,large
stage2_011242.jpg,true,True,False,False,1,0.9675,stage2,blue,none,none,none,none,none,medium
stage2_011248.jpg,true,True,False,False,1,0.9729,stage2,red,none,none,none,none,none,medium
stage4_008278.jpg,true,True,False,False,1,0.9648,stage4,red,none,shadow,light,none,normal,small
stage2_011252.jpg,false,False,False,False,0,0.0,stage2,none,none,none,none,none,none,none
stage3_006923.jpg,true,True,False,False,1,0.9592,stage3,red,none,none,none,none,none,small
stage1_002781.jpg,true,True,False,False,1,0.9784,stage1,red,none,none,none,none,none,small
stage2_011257.jpg,false,False,False,False,0,0.0,stage2,none,none,none,none,none,none,none
stage1_002782.jpg,true,True,False,False,1,0.9731,stage1,blue,none,none,none,none,none,medium
stage2_011261.jpg,true,True,False,False,1,0.9645,stage2,red,none,none,none,none,none,medium
stage2_011263.jpg,true,True,False,False,1,0.9765,stage2,blue,none,none,none,none,none,large
stage3_006931.jpg,true,True,False,False,1,0.9723,stage3,red,light,none,none,none,none,medium
stage2_011272.jpg,false,False,False,False,0,0.0,stage2,none,none,none,none,none,none,none
stage1_002787.jpg,true,True,False,False,1,0.9692,stage1,red,none,none,none,none,none,very_small
stage3_006941.jpg,true,True,False,False,1,0.9196,stage3,red,light,none,none,none,none,very_small
stage3_006945.jpg,false,False,False,False,0,0.0,stage3,none,none,none,none,none,none,none
stage2_011287.jpg,true,True,False,False,1,0.9623,stage2,blue,none,none,none,none,none,small
stage2_011290.jpg,true,True,False,False,1,0.9381,stage2,red,none,none,none,none,none,large
stage3_006946.jpg,true,True,False,False,1,0.973,stage3,blue,none,none,none,none,none,small
stage2_011295.jpg,false,False,False,False,0,0.0,stage2,none,none,none,none,none,none,none
stage4_008309.jpg,true,True,False,False,1,0.96,stage4,blue,none,normal,none,none,normal,medium
stage3_006951.jpg,true,True,False,False,1,0.9698,stage3,blue,none,none,none,none,none,very_small
stage2_011296.jpg,true,True,False,False,1,0.9629,stage2,red,none,none,none,none,none,medium
stage2_011297.jpg,true,True,False,False,1,0.9648,stage2,blue,none,none,none,none,none,small
stage3_006958.jpg,true,True,False,False,1,0.9714,stage3,blue,medium,none,none,none,none,large
stage2_011305.jpg,false,False,False,True,1,0.0,stage2,none,none,none,none,none,none,none
stage4_008320.jpg,true,True,False,False,1,0.967,stage4,red,none,normal,none,none,normal,large
stage2_011308.jpg,true,True,False,False,1,0.9668,stage2,red,none,none,none,none,none,medium
stage3_006963.jpg,false,False,False,False,0,0.0,stage3,none,none,none,none,none,none,none
stage2_011312.jpg,true,True,False,False,1,0.963,stage2,blue,none,none,none,none,none,large
stage3_006967.jpg,true,True,False,False,1,0.9488,stage3,blue,light,none,none,none,none,small
stage1_002799.jpg,true,True,False,False,1,0.9742,stage1,red,none,none,none,none,none,medium
stage3_006975.jpg,false,False,False,False,0,0.0,stage3,none,none,none,none,none,none,none
stage2_011331.jpg,true,True,False,False,1,0.954,stage2,red,none,none,none,none,none,small
stage4_008335.jpg,true,True,False,False,1,0.9675,stage4,blue,none,shadow,medium,none,normal,large
stage3_006985.jpg,true,True,False,False,1,0.9683,stage3,red,light,none,none,none,none,large
stage2_011339.jpg,false,False,False,False,0,0.0,stage2,none,none,none,none,none,none,none
stage2_011341.jpg,true,True,False,False,1,0.9225,stage2,red,none,none,none,none,none,very_small
stage2_011347.jpg,true,True,False,False,1,0.9712,stage2,red,none,none,none,none,none,medium
stage1_002807.jpg,true,True,False,False,1,0.9469,stage1,red,none,none,none,none,none,large
stage1_002808.jpg,true,True,False,False,1,0.9586,stage1,blue,none,none,none,none,none,small
stage3_007003.jpg,true,True,False,False,1,0.9604,stage3,red,light,none,none,none,none,small
stage4_008360.jpg,true,True,False,False,1,0.9662,stage4,blue,none,normal,none,none,normal,medium
stage3_007006.jpg,true,True,False,False,1,0.9681,stage3,blue,none,none,none,none,none,large
stage4_008365.jpg,true,True,False,False,1,0.971,stage4,red,light,blur_light,medium,none,normal,large
stage3_007011.jpg,true,True,False,False,1,0.9671,stage3,red,medium,none,none,none,none,large
stage3_007013.jpg,true,True,False,False,1,0.9602,stage3,blue,medium,none,none,none,none,large
stage3_007015.jpg,true,True,False,False,1,0.9569,stage3,blue,light,none,none,none,none,large
stage2_011373.jpg,true,True,False,False,1,0.9673,stage2,red,none,none,none,none,none,large
stage4_008371.jpg,true,True,False,False,1,0.9668,stage4,red,none,normal,none,none,normal,small
stage3_007017.jpg,false,False,False,False,0,0.0,stage3,none,none,none,none,none,none,none
stage2_011384.jpg,true,True,False,False,1,0.9642,stage2,blue,none,none,none,none,none,small
stage3_007020.jpg,true,True,False,False,1,0.9326,stage3,red,light,none,none,none,none,small
stage4_008378.jpg,true,True,False,False,1,0.9734,stage4,red,none,sunny,none,none,mild_over,medium
stage2_011394.jpg,true,True,False,False,1,0.9746,stage2,red,none,none,none,none,none,medium
stage3_007028.jpg,true,True,False,False,1,0.9708,stage3,red,light,none,none,none,none,large
stage3_007030.jpg,true,True,False,False,1,0.9684,stage3,blue,medium,none,none,none,none,large
stage2_011410.jpg,true,True,False,False,1,0.9589,stage2,blue,none,none,none,none,none,large
stage3_007039.jpg,false,False,False,False,0,0.0,stage3,none,none,none,none,none,none,none
stage4_008394.jpg,true,True,False,False,1,0.968,stage4,blue,none,glare,none,medium,mild_over,medium
stage4_008398.jpg,true,True,False,False,1,0.962,stage4,red,none,normal,none,none,normal,small
stage2_011418.jpg,true,True,False,False,1,0.9529,stage2,red,none,none,none,none,none,very_small
stage2_011421.jpg,true,True,False,False,1,0.9709,stage2,red,none,none,none,none,none,medium
stage2_011423.jpg,true,True,False,False,1,0.9779,stage2,blue,none,none,none,none,none,small
stage3_007044.jpg,true,True,False,False,1,0.9354,stage3,red,light,none,none,none,none,small
stage4_008405.jpg,true,True,False,False,1,0.9694,stage4,blue,none,glare,none,medium,mild_over,large
stage2_011434.jpg,true,True,False,False,1,0.9671,stage2,blue,none,none,none,none,none,medium
stage1_002827.jpg,true,True,False,False,1,0.9726,stage1,red,none,none,none,none,none,small
stage4_008415.jpg,true,True,False,False,1,0.9566,stage4,red,none,shadow,medium,none,normal,small
stage2_011441.jpg,true,True,False,False,1,0.9703,stage2,red,none,none,none,none,none,large
stage2_011451.jpg,true,True,False,False,1,0.9452,stage2,blue,none,none,none,none,none,small
stage4_008422.jpg,true,True,False,False,1,0.9724,stage4,red,none,normal,none,none,normal,large
stage1_002831.jpg,true,True,False,False,1,0.9683,stage1,red,none,none,none,none,none,small
stage3_007063.jpg,true,True,False,False,1,0.9586,stage3,blue,light,none,none,none,none,large
stage4_008424.jpg,true,True,False,False,1,0.9669,stage4,blue,light,blur_light,none,none,mild_over,large
stage3_007065.jpg,true,True,False,False,1,0.9684,stage3,red,light,none,none,none,none,medium
stage4_008425.jpg,true,True,False,False,1,0.9357,stage4,red,none,sunny,none,none,mild_over,very_small
stage1_002832.jpg,true,True,False,False,1,0.9629,stage1,red,none,none,none,none,none,small
stage4_008428.jpg,true,True,False,False,1,0.9493,stage4,red,none,shadow,light,none,normal,very_small
stage4_008429.jpg,true,True,False,False,1,0.9759,stage4,blue,none,shadow,medium,none,normal,medium
stage2_011474.jpg,true,True,False,False,1,0.9662,stage2,blue,none,none,none,none,none,small
stage4_008436.jpg,true,True,False,False,1,0.954,stage4,blue,none,normal,none,none,normal,large
stage3_007070.jpg,true,True,False,False,1,0.9579,stage3,red,none,none,none,none,none,medium
stage3_007077.jpg,true,True,False,False,1,0.9654,stage3,red,none,none,none,none,none,small
stage4_008450.jpg,true,True,False,False,1,0.9741,stage4,blue,none,normal,none,none,normal,medium
stage2_011488.jpg,true,True,False,False,1,0.9774,stage2,red,none,none,none,none,none,large
stage3_007087.jpg,true,True,False,False,1,0.9694,stage3,blue,none,none,none,none,none,large
stage1_002838.jpg,true,True,False,False,1,0.9731,stage1,red,none,none,none,none,none,medium
stage4_008468.jpg,true,True,False,False,1,0.9485,stage4,red,none,shadow,light,none,normal,small
stage2_011519.jpg,true,True,False,False,1,0.9617,stage2,blue,none,none,none,none,none,large
stage2_011528.jpg,false,False,False,False,0,0.0,stage2,none,none,none,none,none,none,none
stage3_007106.jpg,true,True,False,False,1,0.9577,stage3,blue,none,none,none,none,none,large
stage3_007109.jpg,true,True,False,False,1,0.9302,stage3,red,light,none,none,none,none,very_small
stage3_007111.jpg,true,True,False,False,1,0.9794,stage3,red,light,none,none,none,none,small
stage1_002847.jpg,true,True,False,False,1,0.9657,stage1,blue,none,none,none,none,none,medium
stage2_011543.jpg,true,True,False,False,1,0.9723,stage2,blue,none,none,none,none,none,large
stage4_008490.jpg,true,True,False,False,1,0.9653,stage4,blue,none,normal,none,none,normal,large
stage1_002849.jpg,true,True,False,False,1,0.93,stage1,blue,none,none,none,none,none,medium
stage4_008498.jpg,true,True,False,False,1,0.9659,stage4,blue,none,shadow,medium,none,normal,large
stage4_008501.jpg,true,True,False,False,1,0.967,stage4,red,none,shadow,medium,none,normal,medium
stage2_011561.jpg,false,False,False,False,0,0.0,stage2,none,none,none,none,none,none,none
stage1_002854.jpg,true,True,False,False,1,0.9766,stage1,blue,none,none,none,none,none,large
stage2_011567.jpg,true,True,False,False,1,0.9669,stage2,red,none,none,none,none,none,large
stage4_008512.jpg,true,True,False,False,1,0.9691,stage4,blue,light,blur_light,none,none,mild_over,large
stage1_002855.jpg,true,True,False,False,1,0.9813,stage1,blue,none,none,none,none,none,large
stage3_007133.jpg,true,True,False,False,1,0.9613,stage3,blue,light,none,none,none,none,medium
stage4_008518.jpg,true,True,False,False,1,0.9719,stage4,red,none,glare,none,medium,mild_over,medium
stage3_007136.jpg,true,True,False,False,1,0.9681,stage3,red,medium,none,none,none,none,medium
stage1_002860.jpg,true,True,False,False,1,0.9721,stage1,blue,none,none,none,none,none,large
stage2_011582.jpg,true,True,False,False,1,0.9767,stage2,blue,none,none,none,none,none,large
stage4_008534.jpg,true,True,False,False,1,0.9535,stage4,blue,none,sunny,none,none,mild_over,large
stage2_011589.jpg,false,False,False,False,0,0.0,stage2,none,none,none,none,none,none,none
stage2_011592.jpg,true,True,False,False,1,0.9636,stage2,blue,none,none,none,none,none,large
stage1_002863.jpg,true,True,False,False,1,0.9752,stage1,blue,none,none,none,none,none,medium
stage3_007145.jpg,true,True,False,False,1,0.9695,stage3,blue,none,none,none,none,none,large
stage2_011607.jpg,true,True,False,False,1,0.9682,stage2,blue,none,none,none,none,none,medium
stage4_008548.jpg,true,True,False,False,1,0.9742,stage4,red,none,shadow,medium,none,normal,medium
stage2_011620.jpg,true,True,False,False,1,0.9751,stage2,red,none,none,none,none,none,medium
stage2_011623.jpg,true,True,False,False,1,0.9713,stage2,blue,none,none,none,none,none,medium
stage2_011624.jpg,true,True,False,False,1,0.9611,stage2,blue,none,none,none,none,none,medium
stage2_011626.jpg,false,False,False,False,0,0.0,stage2,none,none,none,none,none,none,none
stage4_008560.jpg,true,True,False,False,1,0.9606,stage4,blue,none,normal,none,none,normal,small
stage2_011628.jpg,true,True,False,False,1,0.9557,stage2,blue,none,none,none,none,none,medium
stage4_008562.jpg,true,True,False,False,1,0.9708,stage4,blue,none,normal,none,none,normal,large
stage2_011646.jpg,true,True,False,False,1,0.9771,stage2,blue,none,none,none,none,none,large
stage1_002872.jpg,true,True,False,False,1,0.9788,stage1,red,none,none,none,none,none,medium
stage2_011650.jpg,true,True,False,False,1,0.9706,stage2,blue,none,none,none,none,none,medium
stage2_011652.jpg,true,True,False,False,1,0.9591,stage2,red,none,none,none,none,none,large
stage4_008576.jpg,true,True,False,False,1,0.9687,stage4,red,none,shadow,light,none,normal,very_small
stage3_007172.jpg,true,True,False,False,1,0.9774,stage3,red,none,none,none,none,none,small
stage2_011671.jpg,true,True,False,False,1,0.961,stage2,blue,none,none,none,none,none,medium
stage4_008584.jpg,true,True,False,False,1,0.9215,stage4,blue,none,sunny,none,none,mild_over,small
stage4_008589.jpg,true,True,False,False,1,0.9605,stage4,red,none,shadow,medium,none,normal,medium
stage2_011683.jpg,true,True,False,False,1,0.9754,stage2,red,none,none,none,none,none,medium
stage3_007182.jpg,false,False,False,False,0,0.0,stage3,none,none,none,none,none,none,none
stage2_011686.jpg,true,True,False,False,1,0.9789,stage2,red,none,none,none,none,none,medium
stage4_008597.jpg,false,False,False,False,0,0.0,stage4,none,none,normal,none,none,normal,none
stage4_008603.jpg,true,True,False,False,1,0.9676,stage4,red,none,sunny,none,none,mild_over,large
stage3_007189.jpg,true,True,False,False,1,0.9687,stage3,blue,none,none,none,none,none,large
stage4_008608.jpg,false,False,False,False,0,0.0,stage4,none,none,normal,none,none,normal,none
stage3_007200.jpg,true,True,False,False,1,0.9692,stage3,blue,medium,none,none,none,none,large
stage2_011715.jpg,false,False,False,False,0,0.0,stage2,none,none,none,none,none,none,none
stage1_002889.jpg,true,True,False,False,1,0.9758,stage1,blue,none,none,none,none,none,large
stage3_007202.jpg,true,True,False,False,1,0.9665,stage3,red,none,none,none,none,none,medium
stage4_008624.jpg,true,True,False,False,1,0.9705,stage4,blue,none,shadow,medium,none,normal,large
stage1_002890.jpg,true,True,False,False,1,0.9795,stage1,red,none,none,none,none,none,medium
stage2_011726.jpg,true,True,False,False,1,0.9605,stage2,blue,none,none,none,none,none,large
stage3_007205.jpg,true,True,False,False,1,0.9783,stage3,blue,light,none,none,none,none,large
stage2_011728.jpg,false,False,False,False,0,0.0,stage2,none,none,none,none,none,none,none
stage4_008636.jpg,true,True,False,False,1,0.9716,stage4,red,light,blur_light,medium,none,normal,large
stage3_007207.jpg,true,True,False,False,1,0.9728,stage3,red,light,none,none,none,none,medium
stage1_002891.jpg,true,True,False,False,1,0.9742,stage1,blue,none,none,none,none,none,large
stage1_002893.jpg,true,True,False,False,1,0.9744,stage1,red,none,none,none,none,none,large
stage2_011734.jpg,false,False,False,False,0,0.0,stage2,none,none,none,none,none,none,none
stage1_002895.jpg,true,True,False,False,1,0.9722,stage1,red,none,none,none,none,none,medium
stage4_008650.jpg,true,True,False,False,1,0.9665,stage4,red,none,shadow,medium,none,normal,medium
stage2_011748.jpg,true,True,False,False,1,0.9622,stage2,blue,none,none,none,none,none,large
stage2_011754.jpg,true,True,False,False,1,0.975,stage2,blue,none,none,none,none,none,large
stage1_002901.jpg,true,True,False,False,1,0.9747,stage1,blue,none,none,none,none,none,medium
stage2_011755.jpg,true,True,False,False,1,0.9695,stage2,red,none,none,none,none,none,large
stage2_011759.jpg,true,True,False,False,1,0.9562,stage2,red,none,none,none,none,none,very_small
stage4_008657.jpg,true,True,False,False,1,0.9592,stage4,blue,none,shadow,light,none,normal,medium
stage4_008659.jpg,true,True,False,False,1,0.9693,stage4,red,none,normal,none,none,normal,medium
stage2_011771.jpg,true,True,False,False,1,0.9707,stage2,red,none,none,none,none,none,medium
stage2_011775.jpg,true,True,False,False,1,0.968,stage2,red,none,none,none,none,none,medium
stage4_008669.jpg,true,True,False,False,1,0.9618,stage4,red,none,shadow,medium,none,normal,large
stage2_011783.jpg,true,True,False,False,1,0.974,stage2,red,none,none,none,none,none,medium
stage3_007235.jpg,false,False,False,False,0,0.0,stage3,none,none,none,none,none,none,none
stage4_008677.jpg,true,True,False,False,1,0.963,stage4,blue,light,blur_light,medium,none,normal,large
stage3_007240.jpg,true,True,False,False,1,0.9597,stage3,red,medium,none,none,none,none,medium
stage2_011798.jpg,false,False,False,False,0,0.0,stage2,none,none,none,none,none,none,none
stage2_011799.jpg,true,True,False,False,1,0.9741,stage2,red,none,none,none,none,none,medium
stage4_008697.jpg,true,True,False,False,1,0.9609,stage4,red,none,sunny,none,none,mild_over,medium
stage4_008701.jpg,true,True,False,False,1,0.9593,stage4,red,none,shadow,medium,none,normal,medium
stage2_011805.jpg,true,True,False,False,1,0.9625,stage2,blue,none,none,none,none,none,medium
stage2_011807.jpg,true,True,False,False,1,0.9731,stage2,blue,none,none,none,none,none,large
stage4_008705.jpg,true,True,False,False,1,0.9721,stage4,red,none,normal,none,none,normal,large
stage2_011822.jpg,false,False,False,False,0,0.0,stage2,none,none,none,none,none,none,none
stage2_011824.jpg,false,False,False,False,0,0.0,stage2,none,none,none,none,none,none,none
stage4_008712.jpg,false,False,False,False,0,0.0,stage4,none,none,shadow,medium,none,normal,none
stage3_007261.jpg,false,False,False,False,0,0.0,stage3,none,none,none,none,none,none,none
stage2_011849.jpg,false,False,False,False,0,0.0,stage2,none,none,none,none,none,none,none
stage1_002927.jpg,true,True,False,False,1,0.9763,stage1,red,none,none,none,none,none,large
stage2_011857.jpg,true,True,False,False,1,0.9719,stage2,red,none,none,none,none,none,small
stage4_008734.jpg,true,True,False,False,1,0.9668,stage4,red,none,normal,none,none,normal,large
stage2_011865.jpg,false,False,False,False,0,0.0,stage2,none,none,none,none,none,none,none
stage1_002932.jpg,true,True,False,False,1,0.9724,stage1,blue,none,none,none,none,none,large
stage4_008740.jpg,true,True,False,False,1,0.9722,stage4,blue,none,normal,none,none,normal,medium
stage4_008741.jpg,true,True,False,False,1,0.9646,stage4,red,none,normal,none,none,normal,large
stage2_011879.jpg,false,False,False,False,0,0.0,stage2,none,none,none,none,none,none,none
stage2_011882.jpg,true,True,False,False,1,0.9608,stage2,blue,none,none,none,none,none,large
stage1_002937.jpg,true,True,False,False,1,0.977,stage1,red,none,none,none,none,none,large
stage2_011889.jpg,true,True,False,False,1,0.9773,stage2,red,none,none,none,none,none,medium
stage1_002940.jpg,false,False,False,False,0,0.0,stage1,none,none,none,none,none,none,none
stage4_008755.jpg,false,False,False,False,0,0.0,stage4,none,none,normal,none,none,normal,none
stage2_011901.jpg,false,False,False,False,0,0.0,stage2,none,none,none,none,none,none,none
stage3_007298.jpg,false,False,False,False,0,0.0,stage3,none,none,none,none,none,none,none
stage2_011907.jpg,true,True,False,False,1,0.9697,stage2,blue,none,none,none,none,none,large
stage4_008773.jpg,true,True,False,False,1,0.9687,stage4,red,none,shadow,medium,none,normal,medium
stage3_007319.jpg,true,True,False,False,1,0.9601,stage3,red,light,none,none,none,none,medium
stage1_002952.jpg,true,True,False,False,1,0.9375,stage1,blue,none,none,none,none,none,large
stage3_007322.jpg,true,True,False,False,1,0.9704,stage3,blue,none,none,none,none,none,medium
stage2_011934.jpg,true,True,False,False,1,0.977,stage2,blue,none,none,none,none,none,large
stage2_011936.jpg,true,True,False,False,1,0.9681,stage2,red,none,none,none,none,none,medium
stage4_008803.jpg,true,True,False,False,1,0.9775,stage4,blue,none,shadow,medium,none,normal,large
stage4_008818.jpg,true,True,False,False,1,0.9617,stage4,blue,light,blur_light,none,none,mild_over,medium
stage3_007338.jpg,true,True,False,False,1,0.9676,stage3,red,none,none,none,none,none,large
stage3_007340.jpg,true,True,False,False,1,0.9743,stage3,red,medium,none,none,none,none,medium
stage3_007341.jpg,true,True,False,False,1,0.9749,stage3,blue,none,none,none,none,none,medium
stage3_007343.jpg,true,True,False,False,1,0.9661,stage3,blue,none,none,none,none,none,large
stage4_008824.jpg,false,False,False,False,0,0.0,stage4,none,none,normal,none,none,normal,none
stage2_011964.jpg,false,False,False,False,0,0.0,stage2,none,none,none,none,none,none,none
stage3_007351.jpg,true,True,False,False,1,0.9756,stage3,blue,none,none,none,none,none,medium
stage2_011970.jpg,true,True,False,False,1,0.968,stage2,red,none,none,none,none,none,medium
stage4_008840.jpg,true,True,False,False,1,0.9669,stage4,red,none,shadow,medium,none,normal,large
stage1_002966.jpg,true,True,False,False,1,0.9392,stage1,red,none,none,none,none,none,large
stage4_008846.jpg,true,True,False,False,1,0.9653,stage4,blue,none,normal,none,none,normal,medium
stage4_008848.jpg,true,True,False,False,1,0.9651,stage4,blue,none,normal,none,none,normal,large
stage1_002970.jpg,true,True,False,False,1,0.9727,stage1,blue,none,none,none,none,none,small
stage3_007369.jpg,true,True,False,False,1,0.9635,stage3,blue,light,none,none,none,none,medium
stage4_008854.jpg,true,True,False,False,1,0.938,stage4,blue,none,normal,none,none,normal,large
stage3_007370.jpg,true,True,False,False,1,0.9686,stage3,red,none,none,none,none,none,small
stage4_008865.jpg,true,True,False,False,1,0.9744,stage4,red,none,normal,none,none,normal,very_small
stage2_012020.jpg,true,True,False,False,1,0.9736,stage2,red,none,none,none,none,none,medium
stage1_002978.jpg,true,True,False,False,1,0.9748,stage1,blue,none,none,none,none,none,large
stage2_012025.jpg,true,True,False,False,1,0.9736,stage2,red,none,none,none,none,none,medium
stage3_007377.jpg,true,True,False,False,1,0.9718,stage3,red,none,none,none,none,none,small
stage2_012027.jpg,true,True,False,False,1,0.9608,stage2,red,none,none,none,none,none,medium
stage3_007384.jpg,true,True,False,False,1,0.9501,stage3,red,none,none,none,none,none,very_small
stage3_007387.jpg,true,True,False,False,1,0.969,stage3,red,medium,none,none,none,none,medium
stage3_007390.jpg,true,True,False,False,1,0.9748,stage3,red,light,none,none,none,none,small
stage2_012047.jpg,true,True,False,False,1,0.9674,stage2,red,none,none,none,none,none,medium
stage3_007392.jpg,true,True,False,False,1,0.9704,stage3,red,none,none,none,none,none,small
stage3_007396.jpg,true,True,False,False,1,0.9574,stage3,blue,none,none,none,none,none,large
stage2_012059.jpg,true,True,False,False,1,0.9763,stage2,red,none,none,none,none,none,large
stage3_007399.jpg,true,True,False,False,1,0.9708,stage3,blue,light,none,none,none,none,medium
stage4_008906.jpg,true,True,False,False,1,0.9762,stage4,red,none,shadow,light,none,normal,small
stage2_012062.jpg,true,True,False,False,1,0.9529,stage2,red,none,none,none,none,none,large
stage3_007405.jpg,true,True,False,False,1,0.9621,stage3,red,none,none,none,none,none,small
stage2_012068.jpg,true,True,False,False,1,0.9669,stage2,blue,none,none,none,none,none,large
stage2_012071.jpg,true,True,False,False,1,0.9701,stage2,red,none,none,none,none,none,medium
stage2_012073.jpg,true,True,False,False,1,0.9624,stage2,blue,none,none,none,none,none,large
stage2_012075.jpg,false,False,False,False,0,0.0,stage2,none,none,none,none,none,none,none
stage3_007410.jpg,true,True,False,False,1,0.9709,stage3,red,none,none,none,none,none,medium
stage4_008913.jpg,true,True,False,False,1,0.9396,stage4,blue,none,sunny,none,none,mild_over,medium
stage2_012081.jpg,false,False,False,False,0,0.0,stage2,none,none,none,none,none,none,none
stage1_002993.jpg,true,True,False,False,1,0.9765,stage1,red,none,none,none,none,none,large
stage4_008930.jpg,false,False,False,False,0,0.0,stage4,none,none,sunny,none,none,mild_over,none
stage3_007425.jpg,true,True,False,False,1,0.9541,stage3,red,light,none,none,none,none,medium
stage4_008931.jpg,true,True,False,False,1,0.9649,stage4,blue,none,normal,none,none,normal,large
stage3_007428.jpg,true,True,False,False,1,0.9725,stage3,red,light,none,none,none,none,medium
stage3_007429.jpg,true,True,False,False,1,0.9747,stage3,blue,none,none,none,none,none,medium
stage4_008937.jpg,true,True,False,False,1,0.9688,stage4,red,none,sunny,none,none,mild_over,medium
stage2_012097.jpg,true,True,False,False,1,0.967,stage2,blue,none,none,none,none,none,large
stage4_008948.jpg,true,True,False,False,1,0.9541,stage4,red,none,sunny,none,none,mild_over,very_small
stage3_007440.jpg,true,True,False,False,1,0.9608,stage3,blue,light,none,none,none,none,large
stage1_003005.jpg,true,True,False,False,1,0.9768,stage1,blue,none,none,none,none,none,large
stage1_003006.jpg,true,True,False,False,1,0.9782,stage1,blue,none,none,none,none,none,large
stage2_012113.jpg,true,True,False,False,1,0.9698,stage2,red,none,none,none,none,none,large
stage2_012114.jpg,true,True,False,False,1,0.9702,stage2,red,none,none,none,none,none,large
stage1_003007.jpg,true,True,False,False,1,0.9794,stage1,blue,none,none,none,none,none,small
stage2_012121.jpg,true,True,False,False,1,0.9752,stage2,red,none,none,none,none,none,medium
stage4_008962.jpg,true,True,False,False,1,0.9648,stage4,red,none,sunny,none,none,mild_over,large
stage1_003012.jpg,false,False,False,False,0,0.0,stage1,none,none,none,none,none,none,none
stage2_012124.jpg,true,True,False,False,1,0.966,stage2,red,none,none,none,none,none,medium
stage3_007455.jpg,true,True,False,False,1,0.9646,stage3,blue,none,none,none,none,none,large
stage4_008966.jpg,true,True,False,False,1,0.9673,stage4,red,none,normal,none,none,normal,small
stage3_007456.jpg,true,True,False,False,1,0.9606,stage3,blue,none,none,none,none,none,large
stage2_012134.jpg,true,True,False,False,1,0.975,stage2,red,none,none,none,none,none,medium
stage2_012138.jpg,true,True,False,False,1,0.9751,stage2,blue,none,none,none,none,none,medium
stage3_007463.jpg,true,True,False,False,1,0.9622,stage3,red,light,none,none,none,none,medium
stage3_007464.jpg,true,True,False,False,1,0.961,stage3,blue,medium,none,none,none,none,medium
stage4_008979.jpg,false,False,False,False,0,0.0,stage4,none,none,sunny,none,none,mild_over,none
stage3_007470.jpg,true,True,False,False,1,0.9758,stage3,red,light,none,none,none,none,large
stage4_008987.jpg,true,True,False,False,1,0.9617,stage4,red,none,sunny,none,none,mild_over,very_small
stage2_012159.jpg,true,True,False,False,1,0.9745,stage2,blue,none,none,none,none,none,small
stage4_008990.jpg,true,True,False,False,1,0.9522,stage4,blue,none,shadow,medium,none,normal,large
stage2_012177.jpg,false,False,False,False,0,0.0,stage2,none,none,none,none,none,none,none
stage3_007484.jpg,true,True,False,False,1,0.9527,stage3,blue,light,none,none,none,none,small
stage2_012184.jpg,true,True,False,False,1,0.9663,stage2,blue,none,none,none,none,none,medium
stage2_012188.jpg,true,True,False,False,1,0.9699,stage2,blue,none,none,none,none,none,large
stage4_009004.jpg,true,True,False,False,1,0.9736,stage4,blue,none,normal,none,none,normal,medium
stage1_003028.jpg,true,True,False,False,1,0.936,stage1,blue,none,none,none,none,none,large
stage2_012198.jpg,true,True,False,False,1,0.9753,stage2,red,none,none,none,none,none,small
stage4_009006.jpg,true,True,False,False,1,0.9707,stage4,blue,none,normal,none,none,normal,medium
stage3_007498.jpg,true,True,False,False,1,0.9642,stage3,red,none,none,none,none,none,very_small
stage2_012202.jpg,false,False,False,False,0,0.0,stage2,none,none,none,none,none,none,none
stage3_007500.jpg,true,True,False,False,1,0.9768,stage3,red,none,none,none,none,none,large
stage2_012209.jpg,true,True,False,False,1,0.9782,stage2,red,none,none,none,none,none,medium
stage2_012219.jpg,true,True,False,False,1,0.9393,stage2,red,none,none,none,none,none,very_small
stage2_012224.jpg,true,True,False,False,1,0.9764,stage2,blue,none,none,none,none,none,medium
stage4_009020.jpg,true,True,False,False,1,0.9677,stage4,blue,none,glare,none,medium,mild_over,large
stage1_003031.jpg,true,True,False,False,1,0.963,stage1,red,none,none,none,none,none,medium
stage4_009025.jpg,true,True,False,False,1,0.9559,stage4,red,light,blur_light,medium,none,normal,medium
stage2_012236.jpg,false,False,False,False,0,0.0,stage2,none,none,none,none,none,none,none
stage1_003039.jpg,true,True,False,False,1,0.9741,stage1,blue,none,none,none,none,none,large
stage2_012257.jpg,true,True,False,False,1,0.9664,stage2,red,none,none,none,none,none,large
stage2_012265.jpg,true,True,False,False,1,0.9686,stage2,red,none,none,none,none,none,small
stage2_012274.jpg,true,True,False,False,1,0.9665,stage2,blue,none,none,none,none,none,medium
stage1_003049.jpg,true,True,False,False,1,0.9733,stage1,blue,none,none,none,none,none,large
stage3_007537.jpg,true,True,False,False,1,0.9367,stage3,red,none,none,none,none,none,very_small
stage2_012286.jpg,true,True,False,False,1,0.9671,stage2,blue,none,none,none,none,none,large
stage2_012288.jpg,true,True,False,False,1,0.9732,stage2,blue,none,none,none,none,none,large
stage3_007546.jpg,true,True,False,False,1,0.9774,stage3,blue,none,none,none,none,none,small
stage2_012295.jpg,true,True,False,False,1,0.9708,stage2,blue,none,none,none,none,none,large
stage3_007549.jpg,true,True,False,False,1,0.9524,stage3,blue,light,none,none,none,none,very_small
stage3_007552.jpg,true,True,False,False,1,0.9705,stage3,blue,light,none,none,none,none,large
stage3_007554.jpg,true,True,False,False,1,0.9591,stage3,blue,light,none,none,none,none,large
stage4_009079.jpg,true,True,False,False,1,0.9458,stage4,red,light,blur_light,none,none,mild_over,small
stage4_009080.jpg,true,True,False,False,1,0.9654,stage4,blue,none,shadow,light,none,normal,small
stage2_012306.jpg,true,True,False,False,1,0.9771,stage2,blue,none,none,none,none,none,large
stage2_012310.jpg,true,True,False,False,1,0.9721,stage2,blue,none,none,none,none,none,large
stage2_012311.jpg,true,True,False,False,1,0.9739,stage2,red,none,none,none,none,none,small
stage4_009084.jpg,true,True,False,False,1,0.9548,stage4,blue,none,glare,none,medium,mild_over,large
stage3_007560.jpg,true,True,False,False,1,0.9599,stage3,blue,light,none,none,none,none,large
stage2_012314.jpg,true,True,False,False,1,0.9735,stage2,blue,none,none,none,none,none,medium
stage3_007563.jpg,false,False,False,False,0,0.0,stage3,none,light,none,none,none,none,none
stage3_007564.jpg,true,True,False,False,1,0.9714,stage3,blue,medium,none,none,none,none,medium
stage3_007567.jpg,true,True,False,False,1,0.9725,stage3,red,light,none,none,none,none,large
stage2_012320.jpg,true,True,False,False,1,0.9633,stage2,red,none,none,none,none,none,small
stage4_009103.jpg,true,True,False,False,1,0.966,stage4,blue,none,shadow,light,none,normal,medium
stage3_007590.jpg,true,True,False,False,1,0.9606,stage3,blue,medium,none,none,none,none,large
stage3_007592.jpg,true,True,False,False,1,0.9167,stage3,blue,none,none,none,none,none,small
stage1_003066.jpg,true,True,False,False,1,0.921,stage1,blue,none,none,none,none,none,small
stage3_007603.jpg,true,True,False,False,1,0.959,stage3,blue,medium,none,none,none,none,large
stage3_007605.jpg,true,True,False,False,1,0.9656,stage3,blue,light,none,none,none,none,medium
stage3_007606.jpg,true,True,False,False,1,0.9464,stage3,blue,none,none,none,none,none,large
stage2_012361.jpg,false,False,False,False,0,0.0,stage2,none,none,none,none,none,none,none
stage4_009125.jpg,false,False,False,False,0,0.0,stage4,none,none,normal,none,none,normal,none
stage1_003071.jpg,true,True,False,False,1,0.9583,stage1,red,none,none,none,none,none,small
stage4_009133.jpg,true,True,False,False,1,0.9733,stage4,blue,none,sunny,none,none,mild_over,medium
stage2_012386.jpg,true,True,False,False,1,0.9664,stage2,blue,none,none,none,none,none,large
stage4_009142.jpg,true,True,False,False,1,0.9663,stage4,blue,none,normal,none,none,normal,large
stage2_012391.jpg,false,False,False,False,0,0.0,stage2,none,none,none,none,none,none,none
stage2_012394.jpg,true,True,False,False,1,0.9746,stage2,red,none,none,none,none,none,medium
stage3_007630.jpg,true,True,False,False,1,0.9615,stage3,red,none,none,none,none,none,small
stage4_009151.jpg,true,True,False,False,1,0.974,stage4,blue,none,normal,none,none,normal,large
stage3_007632.jpg,true,True,False,False,1,0.9709,stage3,blue,none,none,none,none,none,large
stage4_009154.jpg,true,True,False,False,1,0.9706,stage4,red,none,normal,none,none,normal,small
stage3_007633.jpg,true,True,False,False,1,0.9432,stage3,red,light,none,none,none,none,medium
stage3_007636.jpg,false,False,False,False,0,0.0,stage3,none,none,none,none,none,none,none
stage2_012410.jpg,false,False,False,False,0,0.0,stage2,none,none,none,none,none,none,none
stage4_009160.jpg,true,True,False,False,1,0.9686,stage4,blue,none,normal,none,none,normal,large
stage3_007647.jpg,true,True,False,False,1,0.9716,stage3,blue,none,none,none,none,none,small
stage2_012418.jpg,true,True,False,False,1,0.9742,stage2,red,none,none,none,none,none,medium
stage2_012422.jpg,true,True,False,False,1,0.9658,stage2,blue,none,none,none,none,none,large
stage2_012438.jpg,true,True,False,False,1,0.9719,stage2,red,none,none,none,none,none,medium
stage1_003085.jpg,true,True,False,False,1,0.9763,stage1,red,none,none,none,none,none,medium
stage2_012442.jpg,true,True,False,False,1,0.9541,stage2,red,none,none,none,none,none,medium
stage2_012446.jpg,true,True,False,False,1,0.9702,stage2,blue,none,none,none,none,none,medium
stage2_012453.jpg,true,True,False,False,1,0.9389,stage2,blue,none,none,none,none,none,large
stage2_012455.jpg,true,True,False,False,1,0.9735,stage2,red,none,none,none,none,none,large
stage2_012464.jpg,true,True,False,False,1,0.9622,stage2,red,none,none,none,none,none,medium
stage4_009216.jpg,true,True,False,False,1,0.9744,stage4,blue,none,shadow,medium,none,normal,large
stage2_012467.jpg,true,True,False,False,1,0.9597,stage2,red,none,none,none,none,none,small
stage3_007680.jpg,true,True,False,False,1,0.9677,stage3,blue,none,none,none,none,none,large
stage2_012477.jpg,true,True,False,False,1,0.9484,stage2,blue,none,none,none,none,none,medium
stage4_009225.jpg,false,False,False,False,0,0.0,stage4,none,none,sunny,none,none,mild_over,none
stage4_009226.jpg,true,True,False,False,1,0.957,stage4,blue,light,blur_light,none,none,mild_over,large
stage3_007691.jpg,true,True,False,False,1,0.9643,stage3,red,none,none,none,none,none,medium
stage4_009234.jpg,true,True,False,False,1,0.9693,stage4,red,none,glare,none,medium,mild_over,large
stage4_009246.jpg,true,True,False,False,1,0.972,stage4,red,none,normal,none,none,normal,medium
stage4_009258.jpg,true,True,False,False,1,0.9297,stage4,blue,light,blur_light,medium,none,normal,medium
stage2_012513.jpg,false,False,False,False,0,0.0,stage2,none,none,none,none,none,none,none
stage3_007719.jpg,true,True,False,False,1,0.9585,stage3,red,none,none,none,none,none,small
stage3_007720.jpg,true,True,False,False,1,0.9702,stage3,blue,medium,none,none,none,none,large
stage2_012528.jpg,true,True,False,False,1,0.9573,stage2,blue,none,none,none,none,none,large
stage2_012529.jpg,false,False,False,False,0,0.0,stage2,none,none,none,none,none,none,none
stage2_012532.jpg,true,True,False,False,1,0.9702,stage2,blue,none,none,none,none,none,large
stage3_007726.jpg,true,True,False,False,1,0.9495,stage3,blue,none,none,none,none,none,large
stage2_012540.jpg,false,False,False,False,0,0.0,stage2,none,none,none,none,none,none,none
stage3_007727.jpg,true,True,False,False,1,0.9782,stage3,blue,none,none,none,none,none,large
stage3_007730.jpg,true,True,False,False,1,0.9633,stage3,blue,none,none,none,none,none,large
stage4_009296.jpg,true,True,False,False,1,0.9542,stage4,red,light,blur_light,medium,none,normal,medium
stage2_012558.jpg,true,True,False,False,1,0.9704,stage2,blue,none,none,none,none,none,medium
stage2_012567.jpg,true,True,False,False,1,0.9681,stage2,blue,none,none,none,none,none,large
stage3_007747.jpg,true,True,False,False,1,0.9644,stage3,blue,light,none,none,none,none,large
stage2_012573.jpg,true,True,False,False,1,0.9607,stage2,blue,none,none,none,none,none,large
stage4_009320.jpg,false,False,False,False,0,0.0,stage4,none,none,shadow,medium,none,normal,none
stage2_012578.jpg,true,True,False,False,1,0.9673,stage2,blue,none,none,none,none,none,large
stage1_003131.jpg,true,True,False,False,1,0.9707,stage1,red,none,none,none,none,none,large
stage2_012579.jpg,true,True,False,False,1,0.9718,stage2,red,none,none,none,none,none,small
stage2_012591.jpg,true,True,False,False,1,0.9685,stage2,blue,none,none,none,none,none,large
stage2_012596.jpg,true,True,False,False,1,0.9534,stage2,red,none,none,none,none,none,very_small
stage3_007767.jpg,true,True,False,False,1,0.9734,stage3,red,light,none,none,none,none,large
stage2_012613.jpg,true,True,False,False,1,0.9361,stage2,red,none,none,none,none,none,very_small
stage4_009357.jpg,true,True,False,False,1,0.9558,stage4,blue,none,shadow,medium,none,normal,large
stage3_007775.jpg,true,True,False,False,1,0.9776,stage3,red,none,none,none,none,none,small
stage4_009358.jpg,true,True,False,False,1,0.957,stage4,red,none,normal,none,none,normal,small
stage1_003141.jpg,true,True,False,False,1,0.9783,stage1,blue,none,none,none,none,none,large
stage1_003144.jpg,true,True,False,False,1,0.9774,stage1,red,none,none,none,none,none,very_small
stage2_012633.jpg,true,True,False,False,1,0.9664,stage2,blue,none,none,none,none,none,medium
stage4_009370.jpg,true,True,False,False,1,0.9731,stage4,red,none,shadow,medium,none,normal,medium
stage2_012637.jpg,true,True,False,False,1,0.9634,stage2,blue,none,none,none,none,none,large
stage4_009376.jpg,true,True,False,False,1,0.9737,stage4,blue,none,sunny,none,none,mild_over,large
stage2_012643.jpg,true,True,False,False,1,0.9464,stage2,blue,none,none,none,none,none,very_small
stage2_012646.jpg,true,True,False,False,1,0.9756,stage2,blue,none,none,none,none,none,large
stage1_003146.jpg,true,True,False,False,1,0.9744,stage1,red,none,none,none,none,none,medium
stage4_009385.jpg,true,True,False,False,1,0.9689,stage4,red,light,blur_light,medium,none,normal,medium
stage4_009389.jpg,true,True,False,False,1,0.9674,stage4,blue,none,normal,none,none,normal,medium
stage2_012665.jpg,true,True,False,False,1,0.9706,stage2,red,none,none,none,none,none,medium
stage4_009396.jpg,true,True,False,False,1,0.9682,stage4,blue,none,normal,none,none,normal,large
stage3_007803.jpg,true,True,False,False,1,0.974,stage3,red,none,none,none,none,none,medium
stage2_012677.jpg,false,False,False,False,0,0.0,stage2,none,none,none,none,none,none,none
stage3_007805.jpg,false,False,False,False,0,0.0,stage3,none,none,none,none,none,none,none
stage2_012681.jpg,true,True,False,False,1,0.9676,stage2,blue,none,none,none,none,none,large
stage2_012683.jpg,false,False,False,False,0,0.0,stage2,none,none,none,none,none,none,none
stage3_007807.jpg,true,True,False,False,1,0.9283,stage3,red,light,none,none,none,none,very_small
stage1_003156.jpg,true,True,False,False,1,0.979,stage1,blue,none,none,none,none,none,medium
stage2_012685.jpg,true,True,False,False,1,0.9719,stage2,blue,none,none,none,none,none,large
stage2_012689.jpg,true,True,False,False,1,0.9641,stage2,red,none,none,none,none,none,large
stage2_012690.jpg,true,True,False,False,1,0.9683,stage2,red,none,none,none,none,none,large
stage3_007820.jpg,true,True,False,False,1,0.9791,stage3,red,medium,none,none,none,none,large
stage2_012698.jpg,true,True,False,False,1,0.9731,stage2,red,none,none,none,none,none,medium
stage3_007821.jpg,false,False,False,False,0,0.0,stage3,none,none,none,none,none,none,none
stage2_012705.jpg,true,True,False,False,1,0.9647,stage2,blue,none,none,none,none,none,large
stage4_009422.jpg,true,True,False,False,1,0.9681,stage4,red,none,normal,none,none,normal,small
stage2_012717.jpg,false,False,False,False,0,0.0,stage2,none,none,none,none,none,none,none
stage2_012719.jpg,false,False,False,False,0,0.0,stage2,none,none,none,none,none,none,none
stage3_007830.jpg,true,True,False,False,1,0.9632,stage3,blue,light,none,none,none,none,medium
stage3_007833.jpg,true,True,False,False,1,0.9656,stage3,blue,medium,none,none,none,none,medium
stage3_007837.jpg,true,True,False,False,1,0.9672,stage3,blue,none,none,none,none,none,medium
stage3_007839.jpg,true,True,False,False,1,0.9459,stage3,blue,medium,none,none,none,none,large
stage4_009441.jpg,true,True,False,False,1,0.9633,stage4,red,none,shadow,medium,none,normal,large
stage2_012736.jpg,false,False,False,False,0,0.0,stage2,none,none,none,none,none,none,none
stage3_007842.jpg,true,True,False,False,1,0.9633,stage3,red,none,none,none,none,none,very_small
stage4_009464.jpg,true,True,False,False,1,0.9568,stage4,blue,none,shadow,light,none,normal,small
stage2_012763.jpg,true,True,False,False,1,0.9594,stage2,blue,none,none,none,none,none,medium
stage3_007861.jpg,true,True,False,False,1,0.9512,stage3,blue,light,none,none,none,none,small
stage4_009474.jpg,false,False,False,False,0,0.0,stage4,none,none,normal,none,none,normal,none
stage4_009475.jpg,true,True,False,False,1,0.973,stage4,red,none,normal,none,none,normal,small
stage4_009476.jpg,true,True,False,False,1,0.968,stage4,red,none,shadow,medium,none,normal,large
stage2_012771.jpg,false,False,False,False,0,0.0,stage2,none,none,none,none,none,none,none
stage2_012776.jpg,true,True,False,False,1,0.9705,stage2,red,none,none,none,none,none,small
stage1_003178.jpg,true,True,False,False,1,0.9282,stage1,blue,none,none,none,none,none,large
stage4_009482.jpg,true,True,False,False,1,0.9653,stage4,blue,none,shadow,medium,none,normal,large
stage2_012781.jpg,true,True,False,False,1,0.9789,stage2,blue,none,none,none,none,none,medium
stage1_003182.jpg,true,True,False,False,1,0.9816,stage1,red,none,none,none,none,none,large
stage2_012787.jpg,false,False,False,False,0,0.0,stage2,none,none,none,none,none,none,none
stage4_009489.jpg,true,True,False,False,1,0.9761,stage4,red,light,blur_light,medium,none,normal,medium
stage2_012791.jpg,true,True,False,False,1,0.9271,stage2,blue,none,none,none,none,none,large
stage2_012796.jpg,false,False,False,False,0,0.0,stage2,none,none,none,none,none,none,none
stage2_012802.jpg,true,True,False,False,1,0.9701,stage2,red,none,none,none,none,none,medium
stage1_003190.jpg,true,True,False,False,1,0.9692,stage1,blue,none,none,none,none,none,large
stage4_009513.jpg,true,True,False,False,1,0.9725,stage4,blue,none,shadow,light,none,normal,small
stage4_009515.jpg,true,True,False,False,1,0.9769,stage4,blue,none,glare,none,medium,mild_over,large
stage3_007892.jpg,true,True,False,False,1,0.9614,stage3,blue,light,none,none,none,none,large
stage1_003196.jpg,true,True,False,False,1,0.9805,stage1,blue,none,none,none,none,none,medium
stage2_012823.jpg,true,True,False,False,1,0.9675,stage2,red,none,none,none,none,none,medium
stage3_007898.jpg,true,True,False,False,1,0.9654,stage3,blue,none,none,none,none,none,large
stage3_007900.jpg,false,False,False,False,0,0.0,stage3,none,none,none,none,none,none,none
stage1_003201.jpg,true,True,False,False,1,0.9613,stage1,red,none,none,none,none,none,very_small
stage2_012831.jpg,true,True,False,False,1,0.9708,stage2,blue,none,none,none,none,none,medium
stage1_003202.jpg,true,True,False,False,1,0.9759,stage1,blue,none,none,none,none,none,medium
stage2_012834.jpg,true,True,False,False,1,0.9691,stage2,blue,none,none,none,none,none,medium
stage3_007905.jpg,true,True,False,False,1,0.9727,stage3,red,medium,none,none,none,none,large
stage2_012841.jpg,true,True,False,False,1,0.9776,stage2,blue,none,none,none,none,none,large
stage3_007911.jpg,true,True,False,False,1,0.943,stage3,red,light,none,none,none,none,medium
stage2_012850.jpg,true,True,False,False,1,0.9746,stage2,red,none,none,none,none,none,small
stage4_009545.jpg,true,True,False,False,1,0.9681,stage4,blue,none,normal,none,none,normal,large
stage2_012862.jpg,true,True,False,False,1,0.9682,stage2,red,none,none,none,none,none,large
stage3_007918.jpg,true,True,False,False,1,0.9663,stage3,red,none,none,none,none,none,large
stage3_007920.jpg,true,True,False,False,1,0.9683,stage3,blue,none,none,none,none,none,large
stage3_007921.jpg,true,True,False,False,1,0.9666,stage3,blue,none,none,none,none,none,large
stage3_007924.jpg,true,True,False,False,1,0.944,stage3,red,light,none,none,none,none,small
stage2_012871.jpg,true,True,False,False,1,0.9695,stage2,red,none,none,none,none,none,medium
stage3_007926.jpg,false,False,False,False,0,0.0,stage3,none,none,none,none,none,none,none
stage2_012872.jpg,true,True,False,False,1,0.9784,stage2,red,none,none,none,none,none,small
stage4_009566.jpg,true,True,False,False,1,0.9695,stage4,blue,none,normal,none,none,normal,medium
stage2_012873.jpg,true,True,False,False,1,0.9641,stage2,blue,none,none,none,none,none,large
stage2_012887.jpg,true,True,False,False,1,0.9646,stage2,red,none,none,none,none,none,large
stage4_009578.jpg,true,True,False,False,1,0.9621,stage4,blue,none,sunny,none,none,mild_over,large
stage2_012889.jpg,true,True,False,False,1,0.9675,stage2,red,none,none,none,none,none,medium
stage4_009579.jpg,true,True,False,False,1,0.9677,stage4,red,none,sunny,none,none,mild_over,small
stage2_012891.jpg,true,True,False,False,1,0.9727,stage2,blue,none,none,none,none,none,large
stage4_009582.jpg,true,True,False,False,1,0.9673,stage4,red,none,shadow,medium,none,normal,large
stage3_007941.jpg,true,True,False,False,1,0.9685,stage3,blue,none,none,none,none,none,medium
stage4_009584.jpg,true,True,False,False,1,0.9623,stage4,red,none,glare,none,medium,mild_over,large
stage2_012900.jpg,true,True,False,False,1,0.9726,stage2,red,none,none,none,none,none,medium
stage4_009590.jpg,true,True,False,False,1,0.9677,stage4,red,none,normal,none,none,normal,small
stage2_012907.jpg,true,True,False,False,1,0.9676,stage2,blue,none,none,none,none,none,small
stage3_007950.jpg,true,True,False,False,1,0.9734,stage3,blue,none,none,none,none,none,large
stage4_009597.jpg,true,True,False,False,1,0.9796,stage4,red,none,shadow,medium,none,normal,large
stage2_012914.jpg,false,False,False,False,0,0.0,stage2,none,none,none,none,none,none,none
stage4_009599.jpg,true,True,False,False,1,0.9507,stage4,red,light,blur_light,medium,none,normal,medium
stage3_007953.jpg,true,True,False,False,1,0.9726,stage3,red,none,none,none,none,none,large
stage2_012915.jpg,false,False,False,False,0,0.0,stage2,none,none,none,none,none,none,none
stage3_007954.jpg,true,True,False,False,1,0.9727,stage3,blue,light,none,none,none,none,large
stage3_007959.jpg,false,False,False,False,0,0.0,stage3,none,light,none,none,none,none,none
stage2_012929.jpg,true,True,False,False,1,0.9694,stage2,blue,none,none,none,none,none,large
stage2_012930.jpg,false,False,False,False,0,0.0,stage2,none,none,none,none,none,none,none
stage4_009612.jpg,false,False,False,False,0,0.0,stage4,none,none,shadow,medium,none,normal,none
stage3_007969.jpg,true,True,False,False,1,0.9694,stage3,red,medium,none,none,none,none,medium
stage3_007970.jpg,true,True,False,False,1,0.9781,stage3,red,none,none,none,none,none,medium
stage1_003224.jpg,true,True,False,False,1,0.9758,stage1,blue,none,none,none,none,none,large
stage1_003230.jpg,true,True,False,False,1,0.9422,stage1,red,none,none,none,none,none,very_small
stage4_009626.jpg,true,True,False,False,1,0.9733,stage4,blue,none,normal,none,none,normal,medium
stage2_012960.jpg,true,True,False,False,1,0.977,stage2,red,none,none,none,none,none,medium
stage2_012971.jpg,true,True,False,False,1,0.9586,stage2,red,none,none,none,none,none,small
stage3_007987.jpg,true,True,False,False,1,0.9649,stage3,red,none,none,none,none,none,medium
stage2_012978.jpg,true,True,False,False,1,0.9718,stage2,blue,none,none,none,none,none,large
stage2_012980.jpg,true,True,False,False,1,0.9727,stage2,red,none,none,none,none,none,small
stage4_009640.jpg,true,True,False,False,1,0.9736,stage4,red,none,sunny,none,none,mild_over,medium
stage1_003241.jpg,true,True,False,False,1,0.9803,stage1,red,none,none,none,none,none,large
stage1_003243.jpg,true,True,False,False,1,0.9754,stage1,red,none,none,none,none,none,large
stage3_008003.jpg,true,True,False,False,1,0.9475,stage3,red,none,none,none,none,none,very_small
stage3_008016.jpg,true,True,False,False,1,0.9565,stage3,blue,light,none,none,none,none,large
stage4_009664.jpg,false,False,False,False,0,0.0,stage4,none,none,shadow,medium,none,normal,none
stage2_013001.jpg,true,True,False,False,1,0.9676,stage2,red,none,none,none,none,none,medium
stage3_008023.jpg,false,False,False,False,0,0.0,stage3,none,none,none,none,none,none,none
stage4_009673.jpg,true,True,False,False,1,0.9399,stage4,red,none,normal,none,none,normal,very_small
stage4_009674.jpg,true,True,False,False,1,0.9661,stage4,red,none,normal,none,none,normal,medium
stage2_013020.jpg,false,False,False,False,0,0.0,stage2,none,none,none,none,none,none,none
stage4_009681.jpg,true,True,False,False,1,0.9802,stage4,red,none,normal,none,none,normal,large
stage2_013025.jpg,true,True,False,False,1,0.9662,stage2,blue,none,none,none,none,none,large
stage4_009685.jpg,true,True,False,False,1,0.9639,stage4,blue,none,glare,none,medium,mild_over,large
stage3_008052.jpg,true,True,False,False,1,0.9711,stage3,red,medium,none,none,none,none,large
stage4_009690.jpg,true,True,False,False,1,0.9742,stage4,blue,none,shadow,medium,none,normal,large
stage1_003260.jpg,true,True,False,False,1,0.9759,stage1,red,none,none,none,none,none,large
stage4_009691.jpg,true,True,False,False,1,0.9759,stage4,red,none,shadow,medium,none,normal,medium
stage4_009694.jpg,true,True,False,False,1,0.9659,stage4,blue,none,shadow,medium,none,normal,large
stage4_009705.jpg,true,True,False,False,1,0.9591,stage4,red,none,normal,none,none,normal,very_small
stage4_009708.jpg,true,True,False,False,1,0.9757,stage4,blue,none,normal,none,none,normal,large
stage2_013053.jpg,true,True,False,False,1,0.9703,stage2,red,none,none,none,none,none,medium
stage3_008067.jpg,true,True,False,False,1,0.9539,stage3,red,none,none,none,none,none,very_small
stage3_008073.jpg,true,True,False,False,1,0.9625,stage3,red,none,none,none,none,none,large
stage3_008076.jpg,true,True,False,False,1,0.968,stage3,blue,light,none,none,none,none,medium
stage2_013080.jpg,true,True,False,False,1,0.9748,stage2,blue,none,none,none,none,none,medium
stage3_008091.jpg,true,True,False,False,1,0.9458,stage3,red,light,none,none,none,none,small
stage2_013087.jpg,true,True,False,False,1,0.9656,stage2,blue,none,none,none,none,none,large
stage4_009737.jpg,true,True,False,False,1,0.9726,stage4,red,none,normal,none,none,normal,small
stage2_013092.jpg,true,True,False,False,1,0.9696,stage2,blue,none,none,none,none,none,large
stage2_013095.jpg,true,True,False,False,1,0.9696,stage2,red,none,none,none,none,none,medium
stage4_009744.jpg,true,True,False,False,1,0.9346,stage4,blue,none,normal,none,none,normal,large
stage4_009746.jpg,true,True,False,False,1,0.9601,stage4,red,light,blur_light,none,none,mild_over,medium
stage4_009747.jpg,true,True,False,False,1,0.9742,stage4,red,none,sunny,none,none,mild_over,medium
stage3_008097.jpg,true,True,False,False,1,0.9729,stage3,blue,none,none,none,none,none,medium
stage4_009755.jpg,true,True,False,False,1,0.9613,stage4,blue,none,normal,none,none,normal,very_small
stage1_003281.jpg,true,True,False,False,1,0.9355,stage1,blue,none,none,none,none,none,large
stage4_009767.jpg,true,True,False,False,1,0.9787,stage4,red,light,blur_light,medium,none,normal,large
stage4_009768.jpg,true,True,False,False,1,0.9605,stage4,red,none,shadow,light,none,normal,small
stage3_008128.jpg,true,True,False,False,1,0.9765,stage3,red,none,none,none,none,none,large
stage1_003283.jpg,true,True,False,False,1,0.9775,stage1,blue,none,none,none,none,none,large
stage2_013144.jpg,true,True,False,False,1,0.9746,stage2,red,none,none,none,none,none,small
stage2_013147.jpg,true,True,False,False,1,0.9699,stage2,blue,none,none,none,none,none,large
stage2_013149.jpg,true,True,False,False,1,0.966,stage2,red,none,none,none,none,none,medium
stage3_008132.jpg,true,True,False,False,1,0.9601,stage3,blue,medium,none,none,none,none,large
stage4_009784.jpg,true,True,False,False,1,0.9691,stage4,blue,none,shadow,light,none,normal,small
stage2_013159.jpg,false,False,False,False,0,0.0,stage2,none,none,none,none,none,none,none
stage4_009787.jpg,true,True,False,False,1,0.9597,stage4,red,none,normal,none,none,normal,small
stage4_009788.jpg,true,True,False,False,1,0.9661,stage4,blue,none,normal,none,none,normal,large
stage2_013166.jpg,true,True,False,False,1,0.9703,stage2,blue,none,none,none,none,none,large
stage2_013168.jpg,true,True,False,False,1,0.9645,stage2,blue,none,none,none,none,none,medium
stage2_013174.jpg,true,True,False,False,1,0.9621,stage2,blue,none,none,none,none,none,medium
stage4_009801.jpg,true,True,False,False,1,0.9686,stage4,red,none,shadow,medium,none,normal,medium
stage2_013179.jpg,true,True,False,False,1,0.9713,stage2,red,none,none,none,none,none,medium
stage4_009804.jpg,true,True,False,False,1,0.9753,stage4,red,none,sunny,none,none,mild_over,medium
stage3_008155.jpg,true,True,False,False,1,0.9559,stage3,red,light,none,none,none,none,medium
stage2_013196.jpg,true,True,False,False,1,0.9697,stage2,red,none,none,none,none,none,medium
stage3_008168.jpg,true,True,False,False,1,0.9661,stage3,red,none,none,none,none,none,small
stage2_013200.jpg,true,True,False,False,1,0.962,stage2,blue,none,none,none,none,none,large
stage4_009822.jpg,false,False,False,False,0,0.0,stage4,none,none,normal,none,none,normal,none
stage3_008173.jpg,true,True,False,False,1,0.9501,stage3,red,light,none,none,none,none,small
stage4_009829.jpg,true,True,False,False,1,0.9868,stage4,red,none,sunny,none,none,mild_over,small
stage3_008178.jpg,true,True,False,False,1,0.9774,stage3,red,none,none,none,none,none,small
stage4_009834.jpg,true,True,False,False,1,0.9473,stage4,blue,none,sunny,none,none,mild_over,large
stage3_008179.jpg,true,True,False,False,1,0.9706,stage3,blue,medium,none,none,none,none,medium
stage1_003300.jpg,true,True,False,False,1,0.9677,stage1,red,none,none,none,none,none,small
stage2_013225.jpg,true,True,False,False,1,0.9744,stage2,blue,none,none,none,none,none,large
stage3_008187.jpg,false,False,False,False,0,0.0,stage3,none,none,none,none,none,none,none
stage3_008190.jpg,true,True,False,False,1,0.9655,stage3,blue,none,none,none,none,none,small
stage3_008191.jpg,true,True,False,False,1,0.9307,stage3,blue,light,none,none,none,none,small
stage4_009854.jpg,true,True,False,False,1,0.9698,stage4,blue,none,normal,none,none,normal,medium
stage4_009864.jpg,true,True,False,False,1,0.9494,stage4,red,none,sunny,none,none,mild_over,medium
stage3_008206.jpg,true,True,False,False,1,0.9716,stage3,blue,medium,none,none,none,none,large
stage4_009865.jpg,true,True,False,False,1,0.9516,stage4,red,none,normal,none,none,normal,small
stage3_008207.jpg,false,False,False,False,0,0.0,stage3,none,light,none,none,none,none,none
stage2_013244.jpg,true,True,False,False,1,0.9745,stage2,red,none,none,none,none,none,medium
stage4_009866.jpg,true,True,False,False,1,0.964,stage4,red,none,shadow,medium,none,normal,large
stage2_013250.jpg,false,False,False,False,0,0.0,stage2,none,none,none,none,none,none,none
stage4_009871.jpg,true,True,False,False,1,0.9679,stage4,red,none,sunny,none,none,mild_over,medium
stage3_008216.jpg,true,True,False,False,1,0.9788,stage3,blue,light,none,none,none,none,large
stage2_013255.jpg,true,True,False,False,1,0.9799,stage2,red,none,none,none,none,none,medium
stage2_013263.jpg,true,True,False,False,1,0.9573,stage2,red,none,none,none,none,none,large
stage1_003309.jpg,true,True,False,False,1,0.9781,stage1,red,none,none,none,none,none,large
stage4_009882.jpg,true,True,False,False,1,0.9772,stage4,red,none,sunny,none,none,mild_over,small
stage2_013270.jpg,true,True,False,False,1,0.9655,stage2,blue,none,none,none,none,none,large
stage1_003314.jpg,true,True,False,False,1,0.9331,stage1,blue,none,none,none,none,none,large
stage1_003317.jpg,true,True,False,False,1,0.9819,stage1,red,none,none,none,none,none,medium
stage2_013299.jpg,false,False,False,False,0,0.0,stage2,none,none,none,none,none,none,none
stage2_013300.jpg,true,True,False,False,1,0.9752,stage2,red,none,none,none,none,none,medium
stage3_008244.jpg,false,False,False,False,0,0.0,stage3,none,none,none,none,none,none,none
stage4_009912.jpg,true,True,False,False,1,0.9688,stage4,blue,none,sunny,none,none,mild_over,medium
stage3_008245.jpg,true,True,False,False,1,0.9713,stage3,blue,none,none,none,none,none,medium
stage4_009924.jpg,false,False,False,False,0,0.0,stage4,none,none,normal,none,none,normal,none
stage2_013312.jpg,false,False,False,False,0,0.0,stage2,none,none,none,none,none,none,none
stage2_013319.jpg,true,True,False,False,1,0.9718,stage2,red,none,none,none,none,none,large
stage3_008257.jpg,true,True,False,False,1,0.9645,stage3,red,none,none,none,none,none,medium
stage2_013323.jpg,true,True,False,False,1,0.9678,stage2,red,none,none,none,none,none,small
stage3_008261.jpg,true,True,False,False,1,0.9679,stage3,blue,none,none,none,none,none,large
stage3_008264.jpg,true,True,False,False,1,0.9717,stage3,red,none,none,none,none,none,small
stage3_008265.jpg,true,True,False,False,1,0.9794,stage3,red,none,none,none,none,none,medium
stage3_008268.jpg,true,True,False,False,1,0.9747,stage3,blue,light,none,none,none,none,medium
stage2_013337.jpg,true,True,False,False,1,0.9706,stage2,blue,none,none,none,none,none,medium
stage2_013346.jpg,false,False,False,False,0,0.0,stage2,none,none,none,none,none,none,none
stage4_009951.jpg,true,True,False,False,1,0.9663,stage4,blue,light,blur_light,none,none,mild_over,medium
stage2_013349.jpg,true,True,False,False,1,0.9739,stage2,red,none,none,none,none,none,medium
stage4_009958.jpg,true,True,False,False,1,0.9593,stage4,red,none,normal,none,none,normal,medium
stage1_003337.jpg,true,True,False,False,1,0.9343,stage1,red,none,none,none,none,none,medium
stage2_013366.jpg,false,False,False,False,0,0.0,stage2,none,none,none,none,none,none,none
stage2_013367.jpg,true,True,False,False,1,0.97,stage2,red,none,none,none,none,none,medium
stage4_009977.jpg,true,True,False,False,1,0.9573,stage4,red,none,sunny,none,none,mild_over,very_small
stage4_009979.jpg,true,True,False,False,1,0.9634,stage4,red,none,normal,none,none,normal,medium
stage3_008292.jpg,true,True,False,False,1,0.9631,stage3,red,medium,none,none,none,none,large
stage3_008293.jpg,true,True,False,False,1,0.9646,stage3,blue,none,none,none,none,none,medium
stage3_008295.jpg,false,False,False,False,0,0.0,stage3,none,none,none,none,none,none,none
stage3_008296.jpg,true,True,False,False,1,0.9711,stage3,red,none,none,none,none,none,small
stage1_003342.jpg,true,True,False,False,1,0.9776,stage1,red,none,none,none,none,none,medium
stage2_013391.jpg,true,True,False,False,1,0.9718,stage2,blue,none,none,none,none,none,large
stage3_008308.jpg,true,True,False,False,1,0.9523,stage3,blue,medium,none,none,none,none,medium
stage2_013403.jpg,true,True,False,False,1,0.971,stage2,blue,none,none,none,none,none,large
stage4_009998.jpg,false,False,False,True,1,0.0,stage4,none,none,sunny,none,none,mild_over,none
stage2_013412.jpg,true,True,False,False,1,0.9768,stage2,blue,none,none,none,none,none,large
stage3_008328.jpg,true,True,False,False,1,0.9646,stage3,blue,light,none,none,none,none,medium
stage3_008330.jpg,true,True,False,False,1,0.9697,stage3,red,light,none,none,none,none,small
stage2_013424.jpg,false,False,False,False,0,0.0,stage2,none,none,none,none,none,none,none
stage3_008336.jpg,true,True,False,False,1,0.9662,stage3,blue,none,none,none,none,none,large
stage2_013428.jpg,false,False,False,False,0,0.0,stage2,none,none,none,none,none,none,none
stage4_010018.jpg,true,True,False,False,1,0.9688,stage4,blue,none,shadow,medium,none,normal,large
stage2_013432.jpg,true,True,False,False,1,0.9625,stage2,red,none,none,none,none,none,large
stage4_010020.jpg,true,True,False,False,1,0.9679,stage4,red,none,sunny,none,none,mild_over,very_small
stage4_010022.jpg,true,True,False,False,1,0.9478,stage4,blue,none,glare,none,medium,mild_over,medium
stage2_013439.jpg,false,False,False,False,0,0.0,stage2,none,none,none,none,none,none,none
stage3_008349.jpg,true,True,False,False,1,0.9642,stage3,blue,none,none,none,none,none,small
stage3_008353.jpg,true,True,False,False,1,0.9705,stage3,red,medium,none,none,none,none,large
stage2_013444.jpg,true,True,False,False,1,0.9706,stage2,blue,none,none,none,none,none,medium
stage4_010038.jpg,true,True,False,False,1,0.9389,stage4,blue,none,shadow,light,none,normal,very_small
stage3_008359.jpg,true,True,False,False,1,0.9672,stage3,red,none,none,none,none,none,medium
stage1_003356.jpg,true,True,False,False,1,0.9755,stage1,blue,none,none,none,none,none,large
stage3_008363.jpg,true,True,False,False,1,0.9626,stage3,red,none,none,none,none,none,medium
stage2_013458.jpg,true,True,False,False,1,0.9529,stage2,blue,none,none,none,none,none,medium
stage2_013459.jpg,true,True,False,False,1,0.9471,stage2,red,none,none,none,none,none,small
stage3_008367.jpg,true,True,False,False,1,0.9672,stage3,red,medium,none,none,none,none,medium
stage2_013461.jpg,false,False,False,False,0,0.0,stage2,none,none,none,none,none,none,none
stage4_010047.jpg,true,True,False,False,1,0.9661,stage4,red,light,blur_light,medium,none,normal,medium
stage4_010051.jpg,false,False,False,False,0,0.0,stage4,none,none,normal,none,none,normal,none
stage2_013467.jpg,true,True,False,False,1,0.9771,stage2,blue,none,none,none,none,none,small
stage4_010055.jpg,true,True,False,False,1,0.9421,stage4,blue,none,normal,none,none,normal,large
stage2_013475.jpg,true,True,False,False,1,0.9681,stage2,blue,none,none,none,none,none,medium
stage2_013478.jpg,true,True,False,False,1,0.9747,stage2,red,none,none,none,none,none,small
stage4_010061.jpg,true,True,False,False,1,0.9548,stage4,blue,light,blur_light,medium,none,normal,medium
stage2_013485.jpg,true,True,False,False,1,0.9666,stage2,red,none,none,none,none,none,medium
stage4_010072.jpg,true,True,False,False,1,0.9724,stage4,red,none,sunny,none,none,mild_over,medium
stage4_010075.jpg,true,True,False,False,1,0.9636,stage4,blue,light,blur_light,medium,none,normal,large
stage4_010076.jpg,true,True,False,False,1,0.9655,stage4,blue,none,shadow,medium,none,normal,large
stage4_010077.jpg,true,True,False,False,1,0.962,stage4,red,light,blur_light,medium,none,normal,medium
stage2_013493.jpg,true,True,False,False,1,0.9651,stage2,blue,none,none,none,none,none,medium
stage2_013497.jpg,true,True,False,False,1,0.9625,stage2,blue,none,none,none,none,none,large
stage4_010086.jpg,true,True,False,False,1,0.9692,stage4,blue,none,shadow,light,none,normal,medium
stage3_008399.jpg,false,False,False,False,0,0.0,stage3,none,none,none,none,none,none,none
stage3_008404.jpg,true,True,False,False,1,0.9459,stage3,red,none,none,none,none,none,large
stage2_013518.jpg,true,True,False,False,1,0.9659,stage2,blue,none,none,none,none,none,medium
stage4_010097.jpg,true,True,False,False,1,0.9682,stage4,red,none,shadow,medium,none,normal,large
stage3_008409.jpg,true,True,False,False,1,0.9728,stage3,blue,none,none,none,none,none,small
stage2_013522.jpg,true,True,False,False,1,0.9585,stage2,blue,none,none,none,none,none,large
stage1_003375.jpg,true,True,False,False,1,0.9818,stage1,red,none,none,none,none,none,medium
stage2_013526.jpg,true,True,False,False,1,0.9639,stage2,blue,none,none,none,none,none,large
stage4_010109.jpg,false,False,False,False,0,0.0,stage4,none,none,sunny,none,none,mild_over,none
stage4_010118.jpg,true,True,False,False,1,0.9631,stage4,red,none,sunny,none,none,mild_over,small
stage4_010120.jpg,true,True,False,False,1,0.9644,stage4,blue,none,glare,none,medium,mild_over,large
stage3_008421.jpg,false,False,False,False,0,0.0,stage3,none,none,none,none,none,none,none
stage3_008426.jpg,true,True,False,False,1,0.9679,stage3,blue,light,none,none,none,none,medium
stage4_010131.jpg,true,True,False,False,1,0.973,stage4,blue,light,blur_light,medium,none,normal,medium
stage1_003393.jpg,true,True,False,False,1,0.977,stage1,red,none,none,none,none,none,small
stage3_008439.jpg,true,True,False,False,1,0.9692,stage3,blue,none,none,none,none,none,large
stage3_008444.jpg,false,False,False,False,0,0.0,stage3,none,light,none,none,none,none,none
stage1_003397.jpg,true,True,False,False,1,0.9703,stage1,blue,none,none,none,none,none,medium
stage2_013601.jpg,true,True,False,False,1,0.9708,stage2,red,none,none,none,none,none,large
stage3_008449.jpg,true,True,False,False,1,0.9624,stage3,red,none,none,none,none,none,small
stage3_008456.jpg,true,True,False,False,1,0.9793,stage3,red,light,none,none,none,none,large
stage1_003403.jpg,true,True,False,False,1,0.9743,stage1,red,none,none,none,none,none,medium
stage3_008470.jpg,true,True,False,False,1,0.9684,stage3,red,none,none,none,none,none,medium
stage2_013627.jpg,true,True,False,False,1,0.9715,stage2,red,none,none,none,none,none,large
stage4_010171.jpg,true,True,False,False,1,0.9679,stage4,blue,light,blur_light,medium,none,normal,medium
stage2_013639.jpg,false,False,False,False,0,0.0,stage2,none,none,none,none,none,none,none
stage3_008477.jpg,true,True,False,False,1,0.9674,stage3,red,light,none,none,none,none,medium
stage4_010179.jpg,true,True,False,False,1,0.9647,stage4,red,none,normal,none,none,normal,small
stage2_013654.jpg,true,True,False,False,1,0.9717,stage2,blue,none,none,none,none,none,large
stage4_010193.jpg,true,True,False,False,1,0.974,stage4,blue,none,sunny,none,none,mild_over,medium
stage3_008497.jpg,false,False,False,False,0,0.0,stage3,none,none,none,none,none,none,none
stage4_010196.jpg,true,True,False,False,1,0.9794,stage4,red,none,normal,none,none,normal,small
stage4_010197.jpg,true,True,False,False,1,0.9632,stage4,blue,none,shadow,medium,none,normal,large
stage3_008501.jpg,true,True,False,False,1,0.969,stage3,blue,light,none,none,none,none,large
stage2_013673.jpg,false,False,False,False,0,0.0,stage2,none,none,none,none,none,none,none
stage2_013679.jpg,true,True,False,False,1,0.9749,stage2,red,none,none,none,none,none,small
stage4_010210.jpg,false,False,False,False,0,0.0,stage4,none,none,normal,none,none,normal,none
stage2_013689.jpg,false,False,False,False,0,0.0,stage2,none,none,none,none,none,none,none
stage1_003418.jpg,true,True,False,False,1,0.9778,stage1,red,none,none,none,none,none,medium
stage4_010212.jpg,true,True,False,False,1,0.9598,stage4,blue,none,normal,none,none,normal,large
stage3_008508.jpg,true,True,False,False,1,0.9651,stage3,red,light,none,none,none,none,small
stage2_013694.jpg,true,True,False,False,1,0.9696,stage2,blue,none,none,none,none,none,medium
stage3_008515.jpg,false,False,False,False,0,0.0,stage3,none,none,none,none,none,none,none
stage4_010231.jpg,true,True,False,False,1,0.9682,stage4,red,none,glare,none,medium,mild_over,large
stage4_010232.jpg,true,True,False,False,1,0.9539,stage4,red,none,normal,none,none,normal,very_small
stage3_008531.jpg,true,True,False,False,1,0.9181,stage3,blue,none,none,none,none,none,very_small
stage3_008532.jpg,true,True,False,False,1,0.9694,stage3,red,none,none,none,none,none,small
stage4_010254.jpg,true,True,False,False,1,0.9719,stage4,blue,light,blur_light,none,none,mild_over,medium
stage4_010255.jpg,true,True,False,False,1,0.972,stage4,blue,none,normal,none,none,normal,small
stage1_003431.jpg,true,True,False,False,1,0.9795,stage1,red,none,none,none,none,none,large
stage1_003433.jpg,true,True,False,False,1,0.9739,stage1,blue,none,none,none,none,none,large
stage2_013742.jpg,true,True,False,False,1,0.9687,stage2,blue,none,none,none,none,none,medium
stage4_010263.jpg,true,True,False,False,1,0.9764,stage4,red,none,glare,none,medium,mild_over,large
stage2_013749.jpg,true,True,False,False,1,0.9642,stage2,blue,none,none,none,none,none,medium
stage2_013751.jpg,true,True,False,False,1,0.9694,stage2,blue,none,none,none,none,none,medium
stage3_008561.jpg,true,True,False,False,1,0.9752,stage3,blue,light,none,none,none,none,large
stage4_010273.jpg,true,True,False,False,1,0.9759,stage4,red,none,shadow,medium,none,normal,medium
stage2_013752.jpg,true,True,False,False,1,0.9668,stage2,blue,none,none,none,none,none,large
stage3_008568.jpg,true,True,False,False,1,0.9722,stage3,red,none,none,none,none,none,large
stage2_013771.jpg,false,False,False,False,0,0.0,stage2,none,none,none,none,none,none,none
stage3_008585.jpg,true,True,False,False,1,0.9667,stage3,blue,none,none,none,none,none,medium
stage3_008587.jpg,true,True,False,False,1,0.9659,stage3,blue,light,none,none,none,none,large
stage4_010301.jpg,true,True,False,False,1,0.9615,stage4,blue,light,blur_light,none,none,mild_over,large
stage1_003450.jpg,true,True,False,False,1,0.9776,stage1,blue,none,none,none,none,none,large
stage3_008601.jpg,true,True,False,False,1,0.9609,stage3,red,medium,none,none,none,none,medium
stage2_013804.jpg,true,True,False,False,1,0.9677,stage2,red,none,none,none,none,none,medium
stage1_003455.jpg,true,True,False,False,1,0.9234,stage1,blue,none,none,none,none,none,large
stage3_008603.jpg,true,True,False,False,1,0.9552,stage3,blue,none,none,none,none,none,large
stage4_010317.jpg,true,True,False,False,1,0.9694,stage4,blue,none,normal,none,none,normal,medium
stage1_003459.jpg,false,False,False,False,0,0.0,stage1,none,none,none,none,none,none,none
stage2_013815.jpg,true,True,False,False,1,0.9702,stage2,red,none,none,none,none,none,medium
stage2_013816.jpg,true,True,False,False,1,0.9663,stage2,blue,none,none,none,none,none,medium
stage2_013822.jpg,true,True,False,False,1,0.978,stage2,red,none,none,none,none,none,medium
stage2_013824.jpg,false,False,False,False,0,0.0,stage2,none,none,none,none,none,none,none
stage2_013829.jpg,true,True,False,False,1,0.9659,stage2,blue,none,none,none,none,none,medium
stage3_008620.jpg,true,True,False,False,1,0.9631,stage3,blue,none,none,none,none,none,large
stage2_013831.jpg,false,False,False,False,0,0.0,stage2,none,none,none,none,none,none,none
stage2_013834.jpg,true,True,False,False,1,0.9656,stage2,blue,none,none,none,none,none,medium
stage2_013841.jpg,true,True,False,False,1,0.964,stage2,blue,none,none,none,none,none,large
stage4_010343.jpg,true,True,False,False,1,0.9732,stage4,red,none,sunny,none,none,mild_over,medium
stage2_013854.jpg,true,True,False,False,1,0.9738,stage2,blue,none,none,none,none,none,medium
stage1_003469.jpg,false,False,False,False,0,0.0,stage1,none,none,none,none,none,none,none
stage2_013860.jpg,false,False,False,False,0,0.0,stage2,none,none,none,none,none,none,none
stage4_010351.jpg,false,False,False,False,0,0.0,stage4,none,none,shadow,medium,none,normal,none
stage2_013863.jpg,false,False,False,False,0,0.0,stage2,none,none,none,none,none,none,none
stage3_008641.jpg,true,True,False,False,1,0.9689,stage3,blue,light,none,none,none,none,medium
stage3_008643.jpg,true,True,False,False,1,0.9302,stage3,red,medium,none,none,none,none,small
stage3_008649.jpg,true,True,False,False,1,0.9759,stage3,red,light,none,none,none,none,large
stage4_010369.jpg,true,True,False,False,1,0.962,stage4,blue,none,shadow,medium,none,normal,medium
stage2_013890.jpg,false,False,False,False,0,0.0,stage2,none,none,none,none,none,none,none
stage2_013896.jpg,false,False,False,False,0,0.0,stage2,none,none,none,none,none,none,none
stage2_013899.jpg,false,False,False,False,0,0.0,stage2,none,none,none,none,none,none,none
stage4_010384.jpg,false,False,False,False,0,0.0,stage4,none,none,sunny,none,none,mild_over,none
stage4_010390.jpg,true,True,False,False,1,0.9729,stage4,red,none,sunny,none,none,mild_over,small
stage3_008687.jpg,true,True,False,False,1,0.9677,stage3,blue,light,none,none,none,none,large
stage3_008689.jpg,false,False,False,False,0,0.0,stage3,none,none,none,none,none,none,none
stage3_008694.jpg,true,True,False,False,1,0.9713,stage3,red,none,none,none,none,none,medium
stage1_003487.jpg,true,True,False,False,1,0.9776,stage1,blue,none,none,none,none,none,large
stage4_010412.jpg,true,True,False,False,1,0.9681,stage4,red,none,glare,none,medium,mild_over,medium
stage2_013954.jpg,true,True,False,False,1,0.9738,stage2,blue,none,none,none,none,none,medium
stage2_013955.jpg,true,True,False,False,1,0.9652,stage2,blue,none,none,none,none,none,large
stage4_010442.jpg,true,True,False,False,1,0.9667,stage4,blue,light,blur_light,none,none,mild_over,large
stage2_013964.jpg,true,True,False,False,1,0.9597,stage2,blue,none,none,none,none,none,large
stage3_008720.jpg,true,True,False,False,1,0.9729,stage3,red,none,none,none,none,none,medium
stage2_013966.jpg,true,True,False,False,1,0.9639,stage2,blue,none,none,none,none,none,small
stage2_013967.jpg,true,True,False,False,1,0.9793,stage2,blue,none,none,none,none,none,large
stage2_013971.jpg,false,False,False,False,0,0.0,stage2,none,none,none,none,none,none,none
stage2_013972.jpg,true,True,False,False,1,0.9722,stage2,blue,none,none,none,none,none,medium
stage4_010446.jpg,true,True,False,False,1,0.9684,stage4,blue,none,normal,none,none,normal,large
stage3_008726.jpg,true,True,False,False,1,0.9429,stage3,red,none,none,none,none,none,medium
stage1_003498.jpg,true,True,False,False,1,0.9776,stage1,blue,none,none,none,none,none,small
stage4_010453.jpg,true,True,False,False,1,0.9715,stage4,blue,none,sunny,none,none,mild_over,large
stage3_008731.jpg,true,True,False,False,1,0.9616,stage3,blue,none,none,none,none,none,large
stage2_013981.jpg,true,True,False,False,1,0.9532,stage2,red,none,none,none,none,none,medium
stage3_008733.jpg,false,False,False,False,0,0.0,stage3,none,none,none,none,none,none,none
stage2_013993.jpg,true,True,False,False,1,0.9628,stage2,blue,none,none,none,none,none,large
stage3_008741.jpg,true,True,False,False,1,0.9618,stage3,blue,none,none,none,none,none,large
stage4_010462.jpg,true,True,False,False,1,0.9381,stage4,blue,none,sunny,none,none,mild_over,small
stage4_010465.jpg,true,True,False,False,1,0.9642,stage4,red,none,glare,none,medium,mild_over,large
stage3_008748.jpg,true,True,False,False,1,0.969,stage3,red,none,none,none,none,none,small
stage4_010474.jpg,true,True,False,False,1,0.9551,stage4,red,light,blur_light,medium,none,normal,small
stage4_010476.jpg,true,True,False,False,1,0.9789,stage4,red,none,normal,none,none,normal,large
stage3_008751.jpg,true,True,False,False,1,0.9701,stage3,blue,none,none,none,none,none,medium
stage2_014017.jpg,true,True,False,False,1,0.9565,stage2,red,none,none,none,none,none,small
stage4_010494.jpg,true,True,False,False,1,0.967,stage4,blue,none,sunny,none,none,mild_over,large
stage1_003512.jpg,true,True,False,False,1,0.9546,stage1,blue,none,none,none,none,none,large
stage2_014037.jpg,true,True,False,False,1,0.9604,stage2,blue,none,none,none,none,none,large
stage4_010496.jpg,true,True,False,False,1,0.9721,stage4,red,none,shadow,medium,none,normal,large
stage2_014039.jpg,false,False,False,False,0,0.0,stage2,none,none,none,none,none,none,none
stage2_014044.jpg,false,False,False,False,0,0.0,stage2,none,none,none,none,none,none,none
stage4_010500.jpg,true,True,False,False,1,0.9647,stage4,red,none,sunny,none,none,mild_over,medium
stage3_008771.jpg,true,True,False,False,1,0.9695,stage3,blue,none,none,none,none,none,medium
stage3_008773.jpg,true,True,False,False,1,0.9674,stage3,blue,medium,none,none,none,none,medium
stage4_010508.jpg,true,True,False,False,1,0.9584,stage4,blue,none,normal,none,none,normal,large
stage3_008777.jpg,false,False,False,False,0,0.0,stage3,none,light,none,none,none,none,none
stage3_008780.jpg,true,True,False,False,1,0.9682,stage3,red,medium,none,none,none,none,medium
stage3_008788.jpg,true,True,False,False,1,0.9739,stage3,blue,none,none,none,none,none,medium
stage3_008790.jpg,true,True,False,False,1,0.9647,stage3,red,none,none,none,none,none,medium
stage3_008792.jpg,true,True,False,False,1,0.9659,stage3,red,light,none,none,none,none,large
stage1_003521.jpg,true,True,False,False,1,0.9764,stage1,red,none,none,none,none,none,small
stage2_014073.jpg,false,False,False,False,0,0.0,stage2,none,none,none,none,none,none,none
stage4_010526.jpg,true,True,False,False,1,0.9488,stage4,red,light,blur_light,none,none,mild_over,medium
stage4_010532.jpg,true,True,False,False,1,0.9654,stage4,red,none,sunny,none,none,mild_over,large
stage4_010538.jpg,true,True,False,False,1,0.9634,stage4,blue,none,normal,none,none,normal,large
stage2_014081.jpg,true,True,False,False,1,0.9561,stage2,red,none,none,none,none,none,small
stage2_014082.jpg,true,True,False,False,1,0.908,stage2,red,none,none,none,none,none,very_small
stage2_014083.jpg,true,True,False,False,1,0.9693,stage2,red,none,none,none,none,none,medium
stage3_008813.jpg,false,False,False,False,0,0.0,stage3,none,none,none,none,none,none,none
stage2_014093.jpg,false,False,False,False,0,0.0,stage2,none,none,none,none,none,none,none
stage4_010546.jpg,false,False,False,False,0,0.0,stage4,none,none,normal,none,none,normal,none
stage4_010547.jpg,true,True,False,False,1,0.9714,stage4,red,none,glare,none,medium,mild_over,medium
stage3_008816.jpg,true,True,False,False,1,0.9538,stage3,blue,medium,none,none,none,none,large
stage2_014103.jpg,true,True,False,False,1,0.9638,stage2,red,none,none,none,none,none,large
stage4_010552.jpg,true,True,False,False,1,0.9685,stage4,blue,none,sunny,none,none,mild_over,large
stage1_003535.jpg,true,True,False,False,1,0.9768,stage1,blue,none,none,none,none,none,medium
stage4_010554.jpg,true,True,False,False,1,0.9707,stage4,blue,none,normal,none,none,normal,large
stage2_014109.jpg,true,True,False,False,1,0.9729,stage2,red,none,none,none,none,none,medium
stage2_014110.jpg,true,True,False,False,1,0.9676,stage2,red,none,none,none,none,none,medium
stage1_003539.jpg,true,True,False,False,1,0.949,stage1,red,none,none,none,none,none,medium
stage2_014114.jpg,true,True,False,False,1,0.9744,stage2,red,none,none,none,none,none,small
stage3_008833.jpg,true,True,False,False,1,0.9181,stage3,blue,medium,none,none,none,none,medium
stage2_014121.jpg,true,True,False,False,1,0.9628,stage2,blue,none,none,none,none,none,large
stage4_010569.jpg,true,True,False,False,1,0.9656,stage4,red,none,sunny,none,none,mild_over,large
stage2_014124.jpg,true,True,False,False,1,0.9702,stage2,red,none,none,none,none,none,medium
stage2_014126.jpg,true,True,False,False,1,0.9692,stage2,red,none,none,none,none,none,medium
stage3_008839.jpg,true,True,False,False,1,0.9736,stage3,red,none,none,none,none,none,large
stage3_008840.jpg,true,True,False,False,1,0.9577,stage3,red,medium,none,none,none,none,medium
stage4_010581.jpg,true,True,False,False,1,0.962,stage4,blue,none,normal,none,none,normal,large
stage4_010582.jpg,true,True,False,False,1,0.9816,stage4,red,none,normal,none,none,normal,medium
stage2_014139.jpg,true,True,False,False,1,0.9669,stage2,red,none,none,none,none,none,medium
stage2_014152.jpg,true,True,False,False,1,0.9373,stage2,red,none,none,none,none,none,small
stage3_008846.jpg,true,True,False,False,1,0.9692,stage3,blue,light,none,none,none,none,small
stage4_010593.jpg,true,True,False,False,1,0.9712,stage4,blue,none,normal,none,none,normal,medium
stage3_008847.jpg,true,True,False,False,1,0.979,stage3,red,none,none,none,none,none,large
stage2_014163.jpg,true,True,False,False,1,0.9187,stage2,red,none,none,none,none,none,very_small
stage3_008852.jpg,true,True,False,False,1,0.9788,stage3,red,none,none,none,none,none,large
stage2_014167.jpg,false,False,False,False,0,0.0,stage2,none,none,none,none,none,none,none
stage3_008856.jpg,true,True,False,False,1,0.9741,stage3,blue,medium,none,none,none,none,large
stage2_014176.jpg,true,True,False,False,1,0.9703,stage2,red,none,none,none,none,none,small
stage3_008864.jpg,true,True,False,False,1,0.964,stage3,red,light,none,none,none,none,small
stage4_010614.jpg,true,True,False,False,1,0.9749,stage4,blue,none,normal,none,none,normal,medium
stage4_010616.jpg,false,False,False,False,0,0.0,stage4,none,none,normal,none,none,normal,none
stage1_003549.jpg,true,True,False,False,1,0.928,stage1,red,none,none,none,none,none,very_small
stage4_010624.jpg,true,True,False,False,1,0.965,stage4,red,light,blur_light,medium,none,normal,medium
stage3_008875.jpg,true,True,False,False,1,0.9445,stage3,red,light,none,none,none,none,medium
stage2_014205.jpg,true,True,False,False,1,0.9682,stage2,blue,none,none,none,none,none,large
stage4_010631.jpg,true,True,False,False,1,0.9648,stage4,blue,none,shadow,medium,none,normal,large
stage4_010639.jpg,true,True,False,False,1,0.9413,stage4,red,none,glare,none,medium,mild_over,large
stage2_014216.jpg,true,True,False,False,1,0.973,stage2,blue,none,none,none,none,none,medium
stage4_010641.jpg,true,True,False,False,1,0.9801,stage4,red,none,sunny,none,none,mild_over,large
stage4_010643.jpg,true,True,False,False,1,0.9657,stage4,red,none,shadow,light,none,normal,very_small
stage4_010649.jpg,true,True,False,False,1,0.9715,stage4,blue,light,blur_light,medium,none,normal,large
stage2_014223.jpg,true,True,False,False,1,0.9635,stage2,blue,none,none,none,none,none,large
stage2_014225.jpg,true,True,False,False,1,0.9725,stage2,blue,none,none,none,none,none,large
stage1_003560.jpg,true,True,False,False,1,0.9764,stage1,blue,none,none,none,none,none,small
stage2_014233.jpg,true,True,False,False,1,0.9724,stage2,red,none,none,none,none,none,small
stage2_014236.jpg,true,True,False,False,1,0.9676,stage2,red,none,none,none,none,none,very_small
stage4_010658.jpg,true,True,False,False,1,0.9638,stage4,red,none,shadow,light,none,normal,small
stage3_008899.jpg,true,True,False,False,1,0.9602,stage3,red,none,none,none,none,none,small
stage2_014241.jpg,true,True,False,False,1,0.9693,stage2,blue,none,none,none,none,none,large
stage2_014242.jpg,true,True,False,False,1,0.9609,stage2,blue,none,none,none,none,none,large
stage4_010663.jpg,true,True,False,False,1,0.9729,stage4,red,none,sunny,none,none,mild_over,small
stage3_008908.jpg,true,True,False,False,1,0.966,stage3,red,light,none,none,none,none,large
stage4_010671.jpg,true,True,False,False,1,0.9399,stage4,blue,none,glare,none,medium,mild_over,medium
stage4_010682.jpg,true,True,False,False,1,0.9654,stage4,red,none,normal,none,none,normal,small
stage3_008924.jpg,true,True,False,False,1,0.9704,stage3,blue,none,none,none,none,none,small
stage2_014296.jpg,true,True,False,False,1,0.9659,stage2,blue,none,none,none,none,none,large
stage1_003585.jpg,true,True,False,False,1,0.9794,stage1,blue,none,none,none,none,none,large
stage2_014314.jpg,true,True,False,False,1,0.9689,stage2,blue,none,none,none,none,none,small
stage2_014315.jpg,true,True,False,False,1,0.9721,stage2,blue,none,none,none,none,none,large
stage2_014326.jpg,true,True,False,False,1,0.9651,stage2,red,none,none,none,none,none,small
stage1_003587.jpg,false,False,False,False,0,0.0,stage1,none,none,none,none,none,none,none
stage2_014332.jpg,true,True,False,False,1,0.9623,stage2,blue,none,none,none,none,none,large
stage4_010723.jpg,true,True,False,False,1,0.9749,stage4,blue,none,normal,none,none,normal,large
stage4_010729.jpg,true,True,False,False,1,0.9699,stage4,blue,light,blur_light,medium,none,normal,large
stage4_010739.jpg,true,True,False,False,1,0.9676,stage4,blue,light,blur_light,none,none,mild_over,large
stage2_014355.jpg,true,True,False,False,1,0.9581,stage2,blue,none,none,none,none,none,medium
stage2_014357.jpg,true,True,False,False,1,0.9675,stage2,red,none,none,none,none,none,small
stage2_014359.jpg,true,True,False,False,1,0.9749,stage2,blue,none,none,none,none,none,medium
stage2_014361.jpg,true,True,False,False,1,0.9719,stage2,blue,none,none,none,none,none,large
stage2_014366.jpg,true,True,False,False,1,0.9683,stage2,red,none,none,none,none,none,small
stage3_008970.jpg,true,True,False,False,1,0.9635,stage3,blue,none,none,none,none,none,large
stage2_014388.jpg,false,False,False,False,0,0.0,stage2,none,none,none,none,none,none,none
stage2_014389.jpg,true,True,False,False,1,0.9647,stage2,red,none,none,none,none,none,medium
stage2_014395.jpg,true,True,False,False,1,0.9458,stage2,red,none,none,none,none,none,very_small
stage3_008977.jpg,true,True,False,False,1,0.9639,stage3,blue,none,none,none,none,none,large
stage2_014399.jpg,false,False,False,False,0,0.0,stage2,none,none,none,none,none,none,none
stage3_008978.jpg,true,True,False,False,1,0.957,stage3,blue,none,none,none,none,none,medium
stage4_010782.jpg,true,True,False,False,1,0.9624,stage4,red,none,sunny,none,none,mild_over,very_small
stage4_010785.jpg,true,True,False,False,1,0.9676,stage4,red,none,glare,none,medium,mild_over,medium
stage2_014408.jpg,false,False,False,False,0,0.0,stage2,none,none,none,none,none,none,none
stage3_008985.jpg,true,True,False,False,1,0.9701,stage3,red,none,none,none,none,none,small
stage3_008998.jpg,true,True,False,False,1,0.978,stage3,blue,light,none,none,none,none,medium
stage2_014420.jpg,true,True,False,False,1,0.9647,stage2,red,none,none,none,none,none,large
stage4_010801.jpg,true,True,False,False,1,0.9629,stage4,blue,none,normal,none,none,normal,large
stage3_009003.jpg,true,True,False,False,1,0.9702,stage3,blue,none,none,none,none,none,large
stage3_009004.jpg,true,True,False,False,1,0.9412,stage3,red,none,none,none,none,none,very_small
stage2_014426.jpg,true,True,False,False,1,0.9638,stage2,red,none,none,none,none,none,very_small
stage4_010806.jpg,true,True,False,False,1,0.9713,stage4,red,none,normal,none,none,normal,medium
stage4_010813.jpg,true,True,False,False,1,0.9615,stage4,blue,none,shadow,medium,none,normal,large
stage2_014432.jpg,false,False,False,False,0,0.0,stage2,none,none,none,none,none,none,none
stage2_014446.jpg,true,True,False,False,1,0.97,stage2,red,none,none,none,none,none,large
stage1_003616.jpg,true,True,False,False,1,0.9649,stage1,blue,none,none,none,none,none,medium
stage2_014452.jpg,true,True,False,False,1,0.9742,stage2,red,none,none,none,none,none,medium
stage4_010821.jpg,true,True,False,False,1,0.9719,stage4,blue,none,normal,none,none,normal,large
stage3_009020.jpg,true,True,False,False,1,0.9608,stage3,red,medium,none,none,none,none,medium
stage2_014454.jpg,true,True,False,False,1,0.9694,stage2,blue,none,none,none,none,none,medium
stage3_009022.jpg,true,True,False,False,1,0.9785,stage3,red,light,none,none,none,none,medium
stage4_010829.jpg,true,True,False,False,1,0.9712,stage4,red,none,normal,none,none,normal,medium
stage2_014470.jpg,true,True,False,False,1,0.968,stage2,red,none,none,none,none,none,large
stage3_009027.jpg,false,False,False,False,0,0.0,stage3,none,none,none,none,none,none,none
stage3_009029.jpg,true,True,False,False,1,0.9721,stage3,blue,none,none,none,none,none,large
stage2_014479.jpg,true,True,False,False,1,0.9734,stage2,red,none,none,none,none,none,medium
stage3_009034.jpg,true,True,False,False,1,0.9705,stage3,red,medium,none,none,none,none,medium
stage3_009038.jpg,true,True,False,False,1,0.9654,stage3,blue,none,none,none,none,none,large
stage3_009040.jpg,true,True,False,False,1,0.9677,stage3,blue,medium,none,none,none,none,large
stage4_010842.jpg,true,True,False,False,1,0.9809,stage4,red,none,sunny,none,none,mild_over,medium
stage3_009041.jpg,true,True,False,False,1,0.9697,stage3,red,light,none,none,none,none,medium
stage2_014508.jpg,true,True,False,False,1,0.9668,stage2,blue,none,none,none,none,none,large
stage4_010860.jpg,true,True,False,False,1,0.9775,stage4,red,none,glare,none,medium,mild_over,medium
stage3_009044.jpg,true,True,False,False,1,0.9728,stage3,blue,none,none,none,none,none,medium
stage3_009045.jpg,false,False,False,False,0,0.0,stage3,none,none,none,none,none,none,none
stage1_003632.jpg,true,True,False,False,1,0.9413,stage1,red,none,none,none,none,none,large
stage2_014540.jpg,true,True,False,False,1,0.9748,stage2,red,none,none,none,none,none,medium
stage4_010876.jpg,true,True,False,False,1,0.9636,stage4,red,light,blur_light,medium,none,normal,medium
stage3_009068.jpg,true,True,False,False,1,0.9573,stage3,red,light,none,none,none,none,medium
stage2_014547.jpg,false,False,False,False,0,0.0,stage2,none,none,none,none,none,none,none
stage3_009075.jpg,true,True,False,False,1,0.9711,stage3,red,medium,none,none,none,none,large
stage4_010880.jpg,false,False,False,False,0,0.0,stage4,none,none,normal,none,none,normal,none
stage4_010881.jpg,true,True,False,False,1,0.9685,stage4,blue,none,shadow,light,none,normal,small
stage3_009086.jpg,true,True,False,False,1,0.9648,stage3,red,medium,none,none,none,none,medium
stage3_009088.jpg,true,True,False,False,1,0.95,stage3,red,medium,none,none,none,none,medium
stage1_003636.jpg,true,True,False,False,1,0.9735,stage1,red,none,none,none,none,none,medium
stage2_014566.jpg,false,False,False,False,0,0.0,stage2,none,none,none,none,none,none,none
stage2_014571.jpg,false,False,False,False,0,0.0,stage2,none,none,none,none,none,none,none
stage2_014572.jpg,true,True,False,False,1,0.9664,stage2,blue,none,none,none,none,none,large
stage3_009096.jpg,true,True,False,False,1,0.9662,stage3,blue,medium,none,none,none,none,large
stage2_014584.jpg,false,False,False,False,0,0.0,stage2,none,none,none,none,none,none,none
stage2_014586.jpg,true,True,False,False,1,0.9751,stage2,red,none,none,none,none,none,large
stage3_009100.jpg,true,True,False,False,1,0.9655,stage3,blue,medium,none,none,none,none,large
stage2_014589.jpg,true,True,False,False,1,0.9677,stage2,blue,none,none,none,none,none,large
stage3_009110.jpg,true,True,False,False,1,0.9726,stage3,red,light,none,none,none,none,large
stage4_010920.jpg,true,True,False,False,1,0.9662,stage4,blue,none,sunny,none,none,mild_over,medium
stage3_009117.jpg,true,True,False,False,1,0.9789,stage3,red,none,none,none,none,none,medium
stage3_009121.jpg,true,True,False,False,1,0.975,stage3,red,none,none,none,none,none,large
stage4_010924.jpg,true,True,False,False,1,0.9654,stage4,red,none,sunny,none,none,mild_over,small
stage4_010925.jpg,true,True,False,False,1,0.9767,stage4,blue,none,shadow,light,none,normal,medium
stage4_010927.jpg,true,True,False,False,1,0.9671,stage4,blue,none,normal,none,none,normal,medium
stage2_014607.jpg,true,True,False,False,1,0.9689,stage2,red,none,none,none,none,none,medium
stage4_010929.jpg,true,True,False,False,1,0.9692,stage4,red,none,sunny,none,none,mild_over,small
stage2_014612.jpg,false,False,False,False,0,0.0,stage2,none,none,none,none,none,none,none
stage2_014614.jpg,true,True,False,False,1,0.9653,stage2,blue,none,none,none,none,none,large
stage2_014616.jpg,true,True,False,False,1,0.9699,stage2,blue,none,none,none,none,none,large
stage4_010934.jpg,false,False,False,False,0,0.0,stage4,none,none,sunny,none,none,mild_over,none
stage4_010938.jpg,true,True,False,False,1,0.9607,stage4,blue,none,shadow,medium,none,normal,large
stage4_010941.jpg,true,True,False,False,1,0.9665,stage4,red,none,glare,none,medium,mild_over,large
stage1_003647.jpg,false,False,False,False,0,0.0,stage1,none,none,none,none,none,none,none
stage2_014626.jpg,true,True,False,False,1,0.9672,stage2,red,none,none,none,none,none,large
stage1_003651.jpg,true,True,False,False,1,0.9759,stage1,red,none,none,none,none,none,medium
stage4_010953.jpg,true,True,False,False,1,0.9731,stage4,blue,none,glare,none,medium,mild_over,large
stage3_009140.jpg,true,True,False,False,1,0.9735,stage3,blue,none,none,none,none,none,large
stage2_014633.jpg,false,False,False,False,0,0.0,stage2,none,none,none,none,none,none,none
stage2_014638.jpg,true,True,False,False,1,0.978,stage2,red,none,none,none,none,none,medium
stage3_009146.jpg,true,True,False,False,1,0.9675,stage3,red,none,none,none,none,none,very_small
stage1_003657.jpg,true,True,False,False,1,0.9757,stage1,blue,none,none,none,none,none,large
stage3_009147.jpg,true,True,False,False,1,0.9631,stage3,red,light,none,none,none,none,small
stage3_009148.jpg,true,True,False,False,1,0.9702,stage3,blue,none,none,none,none,none,medium
stage1_003659.jpg,true,True,False,False,1,0.9778,stage1,red,none,none,none,none,none,large
stage2_014645.jpg,true,True,False,False,1,0.9475,stage2,red,none,none,none,none,none,very_small
stage3_009159.jpg,true,True,False,False,1,0.9693,stage3,blue,none,none,none,none,none,medium
stage4_010973.jpg,true,True,False,False,1,0.9139,stage4,blue,none,sunny,none,none,mild_over,very_small
stage3_009160.jpg,false,False,False,False,0,0.0,stage3,none,none,none,none,none,none,none
stage2_014658.jpg,false,False,False,False,0,0.0,stage2,none,none,none,none,none,none,none
stage2_014660.jpg,true,True,False,False,1,0.9717,stage2,red,none,none,none,none,none,small
stage3_009175.jpg,true,True,False,False,1,0.9711,stage3,blue,none,none,none,none,none,small
stage3_009180.jpg,true,True,False,False,1,0.9716,stage3,red,light,none,none,none,none,medium
stage2_014684.jpg,true,True,False,False,1,0.9749,stage2,blue,none,none,none,none,none,medium
stage3_009185.jpg,true,True,False,False,1,0.9685,stage3,red,none,none,none,none,none,very_small
stage2_014689.jpg,true,True,False,False,1,0.9643,stage2,blue,none,none,none,none,none,large
stage2_014692.jpg,true,True,False,False,1,0.9658,stage2,blue,none,none,none,none,none,large
stage1_003668.jpg,true,True,False,False,1,0.9765,stage1,blue,none,none,none,none,none,medium
stage2_014695.jpg,true,True,False,False,1,0.9754,stage2,red,none,none,none,none,none,medium
stage3_009196.jpg,true,True,False,False,1,0.9729,stage3,blue,light,none,none,none,none,medium
stage2_014696.jpg,true,True,False,False,1,0.9693,stage2,blue,none,none,none,none,none,small
stage2_014702.jpg,true,True,False,False,1,0.9749,stage2,blue,none,none,none,none,none,large
stage3_009201.jpg,true,True,False,False,1,0.9655,stage3,blue,light,none,none,none,none,large
stage1_003677.jpg,true,True,False,False,1,0.9813,stage1,blue,none,none,none,none,none,small
stage4_011019.jpg,true,True,False,False,1,0.9705,stage4,red,none,sunny,none,none,mild_over,small
stage2_014718.jpg,true,True,False,False,1,0.9627,stage2,blue,none,none,none,none,none,medium
stage4_011032.jpg,true,True,False,False,1,0.9641,stage4,blue,none,glare,none,medium,mild_over,medium
stage1_003685.jpg,true,True,False,False,1,0.9749,stage1,blue,none,none,none,none,none,large
stage2_014724.jpg,true,True,False,False,1,0.9673,stage2,red,none,none,none,none,none,medium
stage3_009215.jpg,true,True,False,False,1,0.9759,stage3,red,light,none,none,none,none,medium
stage2_014728.jpg,true,True,False,False,1,0.9647,stage2,blue,none,none,none,none,none,large
stage4_011043.jpg,true,True,False,False,1,0.9575,stage4,red,none,sunny,none,none,mild_over,very_small
stage2_014735.jpg,true,True,False,False,1,0.9793,stage2,red,none,none,none,none,none,large
stage2_014740.jpg,false,False,False,False,0,0.0,stage2,none,none,none,none,none,none,none
stage4_011061.jpg,true,True,False,False,1,0.9737,stage4,blue,light,blur_light,medium,none,normal,large
stage2_014754.jpg,true,True,False,False,1,0.9613,stage2,blue,none,none,none,none,none,large
stage3_009233.jpg,true,True,False,False,1,0.9368,stage3,red,light,none,none,none,none,small
stage4_011077.jpg,true,True,False,False,1,0.9681,stage4,blue,none,shadow,medium,none,normal,large
stage3_009246.jpg,false,False,False,False,0,0.0,stage3,none,none,none,none,none,none,none
stage4_011086.jpg,true,True,False,False,1,0.9639,stage4,red,none,normal,none,none,normal,medium
stage3_009250.jpg,true,True,False,False,1,0.9684,stage3,red,none,none,none,none,none,medium
stage2_014810.jpg,true,True,False,False,1,0.9668,stage2,red,none,none,none,none,none,medium
stage2_014811.jpg,true,True,False,False,1,0.9729,stage2,red,none,none,none,none,none,large
stage2_014812.jpg,true,True,False,False,1,0.9673,stage2,red,none,none,none,none,none,medium
stage2_014818.jpg,false,False,False,False,0,0.0,stage2,none,none,none,none,none,none,none
stage3_009271.jpg,true,True,False,False,1,0.97,stage3,blue,none,none,none,none,none,medium
stage2_014830.jpg,true,True,False,False,1,0.9688,stage2,red,none,none,none,none,none,very_small
stage3_009278.jpg,true,True,False,False,1,0.9641,stage3,red,light,none,none,none,none,large
stage2_014834.jpg,false,False,False,False,0,0.0,stage2,none,none,none,none,none,none,none
stage4_011124.jpg,true,True,False,False,1,0.9582,stage4,blue,none,sunny,none,none,mild_over,small
stage2_014843.jpg,true,True,False,False,1,0.9702,stage2,blue,none,none,none,none,none,large
stage4_011125.jpg,true,True,False,False,1,0.9637,stage4,blue,none,normal,none,none,normal,large
stage2_014855.jpg,true,True,False,False,1,0.9709,stage2,blue,none,none,none,none,none,medium
stage2_014878.jpg,false,False,False,False,0,0.0,stage2,none,none,none,none,none,none,none
stage2_014880.jpg,false,False,False,False,0,0.0,stage2,none,none,none,none,none,none,none
stage2_014883.jpg,false,False,False,False,0,0.0,stage2,none,none,none,none,none,none,none
stage4_011148.jpg,true,True,False,False,1,0.9492,stage4,blue,none,normal,none,none,normal,large
stage1_003722.jpg,true,True,False,False,1,0.9542,stage1,blue,none,none,none,none,none,large
stage4_011169.jpg,true,True,False,False,1,0.9528,stage4,red,light,blur_light,medium,none,normal,small
stage4_011172.jpg,true,True,False,False,1,0.9625,stage4,blue,none,sunny,none,none,mild_over,small
stage2_014907.jpg,true,True,False,False,1,0.9701,stage2,blue,none,none,none,none,none,small
stage2_014909.jpg,true,True,False,False,1,0.9689,stage2,red,none,none,none,none,none,medium
stage2_014911.jpg,true,True,False,False,1,0.9625,stage2,red,none,none,none,none,none,medium
stage1_003735.jpg,true,True,False,False,1,0.9603,stage1,blue,none,none,none,none,none,large
stage3_009321.jpg,true,True,False,False,1,0.9688,stage3,blue,none,none,none,none,none,medium
stage2_014935.jpg,false,False,False,False,0,0.0,stage2,none,none,none,none,none,none,none
stage2_014936.jpg,true,True,False,False,1,0.9537,stage2,blue,none,none,none,none,none,very_small
stage2_014950.jpg,true,True,False,False,1,0.9618,stage2,blue,none,none,none,none,none,large
stage3_009346.jpg,true,True,False,False,1,0.9652,stage3,blue,light,none,none,none,none,large
stage4_011224.jpg,true,True,False,False,1,0.9711,stage4,red,none,normal,none,none,normal,small
stage2_014969.jpg,false,False,False,False,0,0.0,stage2,none,none,none,none,none,none,none
stage4_011229.jpg,true,True,False,False,1,0.9615,stage4,blue,none,glare,none,medium,mild_over,large
stage2_014977.jpg,true,True,False,False,1,0.9749,stage2,blue,none,none,none,none,none,medium
stage4_011231.jpg,true,True,False,False,1,0.9465,stage4,red,none,glare,none,medium,mild_over,medium
stage4_011233.jpg,true,True,False,False,1,0.9691,stage4,red,none,sunny,none,none,mild_over,very_small
stage2_014983.jpg,false,False,False,False,0,0.0,stage2,none,none,none,none,none,none,none
stage1_003752.jpg,true,True,False,False,1,0.9707,stage1,red,none,none,none,none,none,small
stage3_009361.jpg,true,True,False,False,1,0.9772,stage3,red,none,none,none,none,none,medium
stage4_011236.jpg,true,True,False,False,1,0.9626,stage4,red,none,normal,none,none,normal,large
stage4_011241.jpg,false,False,False,False,0,0.0,stage4,none,none,sunny,none,none,mild_over,none
stage4_011246.jpg,true,True,False,False,1,0.973,stage4,blue,none,sunny,none,none,mild_over,large
stage2_015005.jpg,true,True,False,False,1,0.9774,stage2,blue,none,none,none,none,none,small
stage4_011247.jpg,true,True,False,False,1,0.9733,stage4,red,none,sunny,none,none,mild_over,medium
stage2_015010.jpg,true,True,False,False,1,0.9754,stage2,red,none,none,none,none,none,large
stage4_011253.jpg,true,True,False,False,1,0.9481,stage4,red,light,blur_light,medium,none,normal,medium
stage4_011256.jpg,true,True,False,False,1,0.9682,stage4,blue,none,sunny,none,none,mild_over,large
stage3_009375.jpg,true,True,False,False,1,0.9714,stage3,blue,none,none,none,none,none,large
stage1_003762.jpg,true,True,False,False,1,0.982,stage1,red,none,none,none,none,none,large
stage4_011259.jpg,true,True,False,False,1,0.9781,stage4,red,none,sunny,none,none,mild_over,medium
stage2_015022.jpg,true,True,False,False,1,0.97,stage2,blue,none,none,none,none,none,large
stage4_011264.jpg,true,True,False,False,1,0.965,stage4,blue,light,blur_light,none,none,mild_over,large
stage2_015026.jpg,true,True,False,False,1,0.9725,stage2,red,none,none,none,none,none,medium
stage2_015032.jpg,true,True,False,False,1,0.9741,stage2,blue,none,none,none,none,none,small
stage3_009383.jpg,true,True,False,False,1,0.9723,stage3,blue,none,none,none,none,none,medium
stage4_011268.jpg,true,True,False,False,1,0.9653,stage4,red,none,sunny,none,none,mild_over,medium
stage2_015042.jpg,true,True,False,False,1,0.9472,stage2,red,none,none,none,none,none,medium
stage4_011272.jpg,true,True,False,False,1,0.9766,stage4,red,none,shadow,medium,none,normal,medium
stage4_011284.jpg,true,True,False,False,1,0.9638,stage4,blue,none,sunny,none,none,mild_over,medium
stage3_009403.jpg,true,True,False,False,1,0.965,stage3,blue,none,none,none,none,none,small
stage2_015059.jpg,true,True,False,False,1,0.9717,stage2,red,none,none,none,none,none,large
stage2_015063.jpg,true,True,False,False,1,0.9684,stage2,red,none,none,none,none,none,large
stage4_011298.jpg,true,True,False,False,1,0.9707,stage4,red,none,sunny,none,none,mild_over,small
stage1_003772.jpg,true,True,False,False,1,0.9483,stage1,blue,none,none,none,none,none,large
stage2_015079.jpg,true,True,False,False,1,0.9627,stage2,blue,none,none,none,none,none,large
stage1_003781.jpg,true,True,False,False,1,0.9736,stage1,red,none,none,none,none,none,large
stage2_015113.jpg,true,True,False,False,1,0.9762,stage2,red,none,none,none,none,none,large
stage2_015114.jpg,true,True,False,False,1,0.9644,stage2,blue,none,none,none,none,none,large
stage3_009432.jpg,true,True,False,False,1,0.9758,stage3,red,light,none,none,none,none,medium
stage2_015127.jpg,true,True,False,False,1,0.9715,stage2,red,none,none,none,none,none,medium
stage2_015138.jpg,true,True,False,False,1,0.9728,stage2,red,none,none,none,none,none,large
stage4_011337.jpg,true,True,False,False,1,0.9646,stage4,blue,none,normal,none,none,normal,large
stage4_011338.jpg,true,True,False,False,1,0.9754,stage4,red,none,normal,none,none,normal,medium
stage3_009446.jpg,true,True,False,False,1,0.9767,stage3,red,none,none,none,none,none,medium
stage3_009448.jpg,false,False,False,False,0,0.0,stage3,none,light,none,none,none,none,none
stage3_009455.jpg,true,True,False,False,1,0.9665,stage3,blue,none,none,none,none,none,large
stage2_015159.jpg,false,False,False,False,0,0.0,stage2,none,none,none,none,none,none,none
stage2_015166.jpg,false,False,False,False,0,0.0,stage2,none,none,none,none,none,none,none
stage3_009458.jpg,true,True,False,False,1,0.9658,stage3,red,light,none,none,none,none,large
stage3_009459.jpg,true,True,False,False,1,0.9758,stage3,red,none,none,none,none,none,large
stage3_009475.jpg,true,True,False,False,1,0.9786,stage3,blue,medium,none,none,none,none,large
stage2_015206.jpg,false,False,False,False,0,0.0,stage2,none,none,none,none,none,none,none
stage2_015210.jpg,false,False,False,False,0,0.0,stage2,none,none,none,none,none,none,none
stage2_015220.jpg,true,True,False,False,1,0.9728,stage2,red,none,none,none,none,none,large
stage2_015229.jpg,true,True,False,False,1,0.9666,stage2,red,none,none,none,none,none,medium
stage2_015233.jpg,true,True,False,False,1,0.9735,stage2,blue,none,none,none,none,none,large
stage2_015235.jpg,false,False,False,False,0,0.0,stage2,none,none,none,none,none,none,none
stage4_011386.jpg,true,True,False,False,1,0.9753,stage4,red,none,normal,none,none,normal,very_small
stage4_011387.jpg,true,True,False,False,1,0.9681,stage4,blue,none,sunny,none,none,mild_over,large
stage3_009493.jpg,true,True,False,False,1,0.9641,stage3,red,none,none,none,none,none,small
stage4_011389.jpg,true,True,False,False,1,0.9674,stage4,blue,none,shadow,medium,none,normal,medium
stage2_015239.jpg,true,True,False,False,1,0.9776,stage2,blue,none,none,none,none,none,large
stage2_015246.jpg,true,True,False,False,1,0.9713,stage2,red,none,none,none,none,none,small
stage4_011408.jpg,true,True,False,False,1,0.9669,stage4,red,none,glare,none,medium,mild_over,large
stage4_011411.jpg,true,True,False,False,1,0.941,stage4,red,light,blur_light,medium,none,normal,medium
stage4_011420.jpg,true,True,False,False,1,0.9719,stage4,blue,none,shadow,medium,none,normal,large
stage2_015281.jpg,false,False,False,False,0,0.0,stage2,none,none,none,none,none,none,none
stage1_003813.jpg,true,True,False,False,1,0.9827,stage1,red,none,none,none,none,none,medium
stage4_011442.jpg,true,True,False,False,1,0.971,stage4,blue,none,shadow,light,none,normal,small
stage3_009534.jpg,true,True,False,False,1,0.9653,stage3,blue,none,none,none,none,none,large
stage2_015300.jpg,false,False,False,False,0,0.0,stage2,none,none,none,none,none,none,none
stage2_015302.jpg,true,True,False,False,1,0.9736,stage2,red,none,none,none,none,none,small
stage3_009539.jpg,false,False,False,False,0,0.0,stage3,none,none,none,none,none,none,none
stage4_011464.jpg,true,True,False,False,1,0.9562,stage4,blue,none,normal,none,none,normal,large
stage3_009550.jpg,true,True,False,False,1,0.9754,stage3,blue,medium,none,none,none,none,large
stage3_009564.jpg,true,True,False,False,1,0.9794,stage3,red,none,none,none,none,none,large
stage2_015338.jpg,false,False,False,False,0,0.0,stage2,none,none,none,none,none,none,none
stage1_003834.jpg,true,True,False,False,1,0.981,stage1,red,none,none,none,none,none,large
stage1_003837.jpg,true,True,False,False,1,0.9816,stage1,blue,none,none,none,none,none,medium
stage4_011500.jpg,true,True,False,False,1,0.9712,stage4,red,none,sunny,none,none,mild_over,medium
stage1_003839.jpg,true,True,False,False,1,0.9771,stage1,red,none,none,none,none,none,large
stage2_015359.jpg,false,False,False,False,0,0.0,stage2,none,none,none,none,none,none,none
stage4_011507.jpg,true,True,False,False,1,0.9642,stage4,blue,none,sunny,none,none,mild_over,small
stage4_011508.jpg,true,True,False,False,1,0.961,stage4,blue,none,shadow,medium,none,normal,large
stage2_015374.jpg,true,True,False,False,1,0.9659,stage2,blue,none,none,none,none,none,small
stage2_015383.jpg,true,True,False,False,1,0.9646,stage2,red,none,none,none,none,none,small
stage4_011515.jpg,true,True,False,False,1,0.9656,stage4,blue,none,normal,none,none,normal,medium
stage3_009591.jpg,false,False,False,False,0,0.0,stage3,none,none,none,none,none,none,none
stage1_003849.jpg,true,True,False,False,1,0.9556,stage1,red,none,none,none,none,none,small
stage1_003850.jpg,true,True,False,False,1,0.9724,stage1,blue,none,none,none,none,none,medium
stage4_011517.jpg,false,False,False,False,0,0.0,stage4,none,none,normal,none,none,normal,none
stage3_009609.jpg,true,True,False,False,1,0.964,stage3,blue,light,none,none,none,none,large
stage4_011522.jpg,true,True,False,False,1,0.9764,stage4,blue,none,normal,none,none,normal,small
stage2_015420.jpg,true,True,False,False,1,0.9716,stage2,blue,none,none,none,none,none,large
stage2_015426.jpg,true,True,False,False,1,0.9761,stage2,red,none,none,none,none,none,medium
stage1_003860.jpg,true,True,False,False,1,0.9461,stage1,red,none,none,none,none,none,very_small
stage4_011540.jpg,false,False,False,False,0,0.0,stage4,none,none,sunny,none,none,mild_over,none
stage4_011546.jpg,true,True,False,False,1,0.9544,stage4,blue,none,normal,none,none,normal,small
stage3_009630.jpg,true,True,False,False,1,0.9685,stage3,red,medium,none,none,none,none,medium
stage3_009631.jpg,true,True,False,False,1,0.9625,stage3,red,none,none,none,none,none,medium
stage4_011547.jpg,true,True,False,False,1,0.9668,stage4,red,none,normal,none,none,normal,small
stage4_011549.jpg,true,True,False,False,1,0.9719,stage4,blue,none,shadow,medium,none,normal,medium
stage2_015447.jpg,false,False,False,False,0,0.0,stage2,none,none,none,none,none,none,none
stage2_015449.jpg,false,False,False,False,0,0.0,stage2,none,none,none,none,none,none,none
stage2_015452.jpg,true,True,False,False,1,0.9771,stage2,blue,none,none,none,none,none,large
stage2_015461.jpg,true,True,False,False,1,0.9629,stage2,blue,none,none,none,none,none,large
stage4_011554.jpg,true,True,False,False,1,0.9523,stage4,red,light,blur_light,none,none,mild_over,small
stage3_009650.jpg,true,True,False,False,1,0.9751,stage3,blue,light,none,none,none,none,medium
stage2_015467.jpg,true,True,False,False,1,0.9726,stage2,red,none,none,none,none,none,medium
stage4_011562.jpg,true,True,False,False,1,0.959,stage4,blue,none,sunny,none,none,mild_over,medium
stage4_011563.jpg,false,False,False,False,0,0.0,stage4,none,none,shadow,medium,none,normal,none
stage2_015478.jpg,true,True,False,False,1,0.9707,stage2,red,none,none,none,none,none,medium
stage4_011572.jpg,true,True,False,False,1,0.9528,stage4,red,light,blur_light,medium,none,normal,small
stage4_011573.jpg,true,True,False,False,1,0.9675,stage4,red,none,shadow,medium,none,normal,large
stage4_011574.jpg,true,True,False,False,1,0.9732,stage4,red,light,blur_light,medium,none,normal,large
stage3_009664.jpg,true,True,False,False,1,0.9664,stage3,red,medium,none,none,none,none,medium
stage2_015489.jpg,true,True,False,False,1,0.9673,stage2,blue,none,none,none,none,none,large
stage2_015492.jpg,false,False,False,False,0,0.0,stage2,none,none,none,none,none,none,none
stage3_009673.jpg,true,True,False,False,1,0.9618,stage3,red,light,none,none,none,none,small
stage2_015506.jpg,true,True,False,False,1,0.968,stage2,blue,none,none,none,none,none,large
stage2_015508.jpg,true,True,False,False,1,0.9662,stage2,red,none,none,none,none,none,medium
stage1_003877.jpg,true,True,False,False,1,0.9499,stage1,blue,none,none,none,none,none,medium
stage4_011602.jpg,false,False,False,False,0,0.0,stage4,none,none,normal,none,none,normal,none
stage4_011606.jpg,true,True,False,False,1,0.9635,stage4,red,none,shadow,medium,none,normal,small
stage1_003878.jpg,true,True,False,False,1,0.9777,stage1,blue,none,none,none,none,none,large
stage4_011612.jpg,true,True,False,False,1,0.9361,stage4,red,none,sunny,none,none,mild_over,medium
stage1_003883.jpg,false,False,False,False,0,0.0,stage1,none,none,none,none,none,none,none
stage4_011622.jpg,true,True,False,False,1,0.9728,stage4,blue,none,normal,none,none,normal,medium
stage3_009704.jpg,true,True,False,False,1,0.9405,stage3,red,none,none,none,none,none,very_small
stage3_009709.jpg,true,True,False,False,1,0.9686,stage3,blue,medium,none,none,none,none,large
stage1_003891.jpg,true,True,False,False,1,0.9778,stage1,blue,none,none,none,none,none,small
stage3_009716.jpg,false,False,False,False,0,0.0,stage3,none,none,none,none,none,none,none
stage3_009719.jpg,true,True,False,False,1,0.9736,stage3,red,none,none,none,none,none,medium
stage4_011640.jpg,true,True,False,False,1,0.9665,stage4,blue,light,blur_light,none,none,mild_over,large
stage3_009732.jpg,true,True,False,False,1,0.9653,stage3,blue,none,none,none,none,none,large
stage4_011653.jpg,true,True,False,False,1,0.9673,stage4,blue,none,normal,none,none,normal,large
stage2_015581.jpg,false,False,False,False,0,0.0,stage2,none,none,none,none,none,none,none
stage4_011657.jpg,false,False,False,False,0,0.0,stage4,none,none,sunny,none,none,mild_over,none
stage2_015585.jpg,true,True,False,False,1,0.9597,stage2,blue,none,none,none,none,none,large
stage2_015592.jpg,true,True,False,False,1,0.976,stage2,red,none,none,none,none,none,large
stage4_011666.jpg,true,True,False,False,1,0.9605,stage4,blue,light,blur_light,none,none,mild_over,large
stage4_011667.jpg,true,True,False,False,1,0.9666,stage4,blue,none,shadow,medium,none,normal,large
stage4_011668.jpg,true,True,False,False,1,0.9719,stage4,red,none,normal,none,none,normal,medium
stage3_009752.jpg,false,False,False,False,0,0.0,stage3,none,none,none,none,none,none,none
stage4_011678.jpg,true,True,False,False,1,0.9758,stage4,red,none,normal,none,none,normal,small
stage2_015605.jpg,true,True,False,False,1,0.9758,stage2,blue,none,none,none,none,none,large
stage3_009761.jpg,true,True,False,False,1,0.965,stage3,blue,none,none,none,none,none,large
stage2_015607.jpg,true,True,False,False,1,0.959,stage2,red,none,none,none,none,none,medium
stage2_015612.jpg,true,True,False,False,1,0.9712,stage2,red,none,none,none,none,none,medium
stage2_015616.jpg,true,True,False,False,1,0.9662,stage2,blue,none,none,none,none,none,large
stage2_015623.jpg,true,True,False,False,1,0.9732,stage2,blue,none,none,none,none,none,medium
stage2_015637.jpg,true,True,False,False,1,0.9551,stage2,red,none,none,none,none,none,small
stage2_015645.jpg,true,True,False,False,1,0.9816,stage2,red,none,none,none,none,none,medium
stage3_009783.jpg,true,True,False,False,1,0.9654,stage3,red,none,none,none,none,none,very_small
stage2_015650.jpg,false,False,False,False,0,0.0,stage2,none,none,none,none,none,none,none
stage3_009787.jpg,true,True,False,False,1,0.9616,stage3,blue,medium,none,none,none,none,large
stage2_015658.jpg,true,True,False,False,1,0.9735,stage2,red,none,none,none,none,none,medium
stage2_015668.jpg,true,True,False,False,1,0.9701,stage2,blue,none,none,none,none,none,large
stage4_011732.jpg,true,True,False,False,1,0.9703,stage4,blue,none,sunny,none,none,mild_over,medium
stage4_011736.jpg,true,True,False,False,1,0.9713,stage4,blue,none,normal,none,none,normal,large
stage4_011738.jpg,true,True,False,False,1,0.9738,stage4,blue,none,shadow,medium,none,normal,large
stage2_015686.jpg,true,True,False,False,1,0.9547,stage2,blue,none,none,none,none,none,large
stage1_003929.jpg,false,False,False,False,0,0.0,stage1,none,none,none,none,none,none,none
stage2_015688.jpg,true,True,False,False,1,0.9699,stage2,red,none,none,none,none,none,large
stage1_003935.jpg,true,True,False,False,1,0.9725,stage1,blue,none,none,none,none,none,small
stage4_011767.jpg,true,True,False,False,1,0.9703,stage4,blue,none,shadow,light,none,normal,medium
stage2_015711.jpg,true,True,False,False,1,0.9646,stage2,red,none,none,none,none,none,large
stage2_015714.jpg,true,True,False,False,1,0.9731,stage2,blue,none,none,none,none,none,very_small
stage4_011776.jpg,true,True,False,False,1,0.9669,stage4,blue,none,shadow,medium,none,normal,large
stage3_009823.jpg,true,True,False,False,1,0.9316,stage3,blue,light,none,none,none,none,large
stage1_003938.jpg,true,True,False,False,1,0.9757,stage1,blue,none,none,none,none,none,small
stage1_003941.jpg,true,True,False,False,1,0.9492,stage1,red,none,none,none,none,none,medium
stage2_015731.jpg,true,True,False,False,1,0.9658,stage2,blue,none,none,none,none,none,large
stage2_015733.jpg,true,True,False,False,1,0.9592,stage2,red,none,none,none,none,none,very_small
stage3_009830.jpg,true,True,False,False,1,0.9686,stage3,red,none,none,none,none,none,medium
stage3_009839.jpg,true,True,False,False,1,0.9581,stage3,blue,none,none,none,none,none,large
stage3_009843.jpg,false,False,False,False,0,0.0,stage3,none,none,none,none,none,none,none
stage2_015750.jpg,false,False,False,False,0,0.0,stage2,none,none,none,none,none,none,none
stage4_011800.jpg,true,True,False,False,1,0.9597,stage4,blue,none,sunny,none,none,mild_over,large
stage3_009851.jpg,true,True,False,False,1,0.9732,stage3,blue,none,none,none,none,none,medium
stage4_011802.jpg,true,True,False,False,1,0.9407,stage4,blue,none,normal,none,none,normal,large
stage1_003949.jpg,true,True,False,False,1,0.9429,stage1,red,none,none,none,none,none,small
stage4_011810.jpg,true,True,False,False,1,0.9777,stage4,red,none,normal,none,none,normal,medium
stage2_015765.jpg,true,True,False,False,1,0.9591,stage2,blue,none,none,none,none,none,medium
stage3_009863.jpg,true,True,False,False,1,0.9669,stage3,blue,none,none,none,none,none,large
stage4_011826.jpg,true,True,False,False,1,0.9796,stage4,red,none,shadow,medium,none,normal,medium
stage3_009867.jpg,true,True,False,False,1,0.9671,stage3,red,none,none,none,none,none,small
stage2_015776.jpg,true,True,False,False,1,0.9724,stage2,blue,none,none,none,none,none,medium
stage2_015778.jpg,true,True,False,False,1,0.9688,stage2,blue,none,none,none,none,none,large
stage4_011846.jpg,true,True,False,False,1,0.9654,stage4,red,light,blur_light,none,none,mild_over,medium
stage2_015785.jpg,true,True,False,False,1,0.9721,stage2,red,none,none,none,none,none,medium
stage1_003959.jpg,true,True,False,False,1,0.9803,stage1,red,none,none,none,none,none,large
stage1_003960.jpg,true,True,False,False,1,0.9766,stage1,blue,none,none,none,none,none,medium
stage3_009886.jpg,true,True,False,False,1,0.9642,stage3,blue,medium,none,none,none,none,large
stage2_015808.jpg,false,False,False,False,0,0.0,stage2,none,none,none,none,none,none,none
stage3_009895.jpg,true,True,False,False,1,0.9655,stage3,red,medium,none,none,none,none,medium
stage3_009901.jpg,true,True,False,False,1,0.9637,stage3,red,light,none,none,none,none,medium
stage3_009904.jpg,true,True,False,False,1,0.9761,stage3,blue,light,none,none,none,none,medium
stage1_003964.jpg,true,True,False,False,1,0.9749,stage1,red,none,none,none,none,none,very_small
stage4_011891.jpg,true,True,False,False,1,0.9646,stage4,blue,none,sunny,none,none,mild_over,medium
stage2_015846.jpg,true,True,False,False,1,0.9754,stage2,red,none,none,none,none,none,medium
stage2_015848.jpg,true,True,False,False,1,0.9677,stage2,red,none,none,none,none,none,medium
stage2_015850.jpg,true,True,False,False,1,0.9654,stage2,red,none,none,none,none,none,large
stage2_015851.jpg,true,True,False,False,1,0.9789,stage2,red,none,none,none,none,none,medium
stage2_015855.jpg,true,True,False,False,1,0.9717,stage2,blue,none,none,none,none,none,large
stage4_011901.jpg,true,True,False,False,1,0.9707,stage4,blue,none,shadow,light,none,normal,small
stage3_009926.jpg,true,True,False,False,1,0.9667,stage3,blue,light,none,none,none,none,large
stage4_011904.jpg,true,True,False,False,1,0.9678,stage4,red,none,shadow,light,none,normal,small
stage2_015860.jpg,true,True,False,False,1,0.9817,stage2,red,none,none,none,none,none,medium
stage2_015861.jpg,true,True,False,False,1,0.9726,stage2,red,none,none,none,none,none,medium
stage2_015872.jpg,true,True,False,False,1,0.9742,stage2,blue,none,none,none,none,none,small
stage4_011917.jpg,true,True,False,False,1,0.9623,stage4,blue,none,normal,none,none,normal,medium
stage1_003979.jpg,true,True,False,False,1,0.9302,stage1,blue,none,none,none,none,none,medium
stage4_011928.jpg,false,False,False,False,0,0.0,stage4,none,none,normal,none,none,normal,none
stage4_011931.jpg,true,True,False,False,1,0.9637,stage4,blue,none,normal,none,none,normal,large
stage3_009943.jpg,true,True,False,False,1,0.9567,stage3,blue,none,none,none,none,none,large
stage3_009946.jpg,true,True,False,False,1,0.9675,stage3,blue,medium,none,none,none,none,large
stage2_015900.jpg,true,True,False,False,1,0.9687,stage2,blue,none,none,none,none,none,medium
stage3_009953.jpg,true,True,False,False,1,0.9757,stage3,red,medium,none,none,none,none,medium
stage4_011953.jpg,false,False,False,False,0,0.0,stage4,none,none,normal,none,none,normal,none
stage2_015928.jpg,false,False,False,False,0,0.0,stage2,none,none,none,none,none,none,none
stage2_015932.jpg,true,True,False,False,1,0.9741,stage2,red,none,none,none,none,none,medium
stage4_011960.jpg,true,True,False,False,1,0.9767,stage4,red,light,blur_light,medium,none,normal,medium
stage2_015939.jpg,true,True,False,False,1,0.9649,stage2,blue,none,none,none,none,none,medium
stage3_009970.jpg,true,True,False,False,1,0.9765,stage3,blue,none,none,none,none,none,large
stage4_011964.jpg,true,True,False,False,1,0.9712,stage4,red,none,normal,none,none,normal,large
stage4_011970.jpg,false,False,False,False,0,0.0,stage4,none,none,normal,none,none,normal,none
stage4_011971.jpg,true,True,False,False,1,0.9698,stage4,red,none,glare,none,medium,mild_over,large
stage1_003990.jpg,false,False,False,False,0,0.0,stage1,none,none,none,none,none,none,none
stage2_015953.jpg,false,False,False,False,0,0.0,stage2,none,none,none,none,none,none,none
stage2_015960.jpg,true,True,False,False,1,0.9427,stage2,blue,none,none,none,none,none,large
stage1_003993.jpg,true,True,False,False,1,0.9774,stage1,blue,none,none,none,none,none,large
stage3_009981.jpg,false,False,False,False,0,0.0,stage3,none,none,none,none,none,none,none
stage1_003994.jpg,true,True,False,False,1,0.9814,stage1,blue,none,none,none,none,none,large
stage1_003995.jpg,true,True,False,False,1,0.9696,stage1,red,none,none,none,none,none,small
stage3_009985.jpg,true,True,False,False,1,0.9797,stage3,blue,medium,none,none,none,none,large
stage4_011990.jpg,true,True,False,False,1,0.9656,stage4,red,none,normal,none,none,normal,very_small
stage1_003996.jpg,true,True,False,False,1,0.9769,stage1,red,none,none,none,none,none,small
